[{"id":41857,"name":"Crates","type":10,"category":0,"actions":[],"coordinates":[[628,9382],[668,9366]],"size":[1,1,523],"rotations":[0,0],"colors":[7122329,6396809,8434380,6990537]},{"id":41853,"name":"Ladder","type":10,"category":0,"actions":["Climb-up"],"coordinates":[[628,9374]],"size":[1,1,523],"rotations":[0],"colors":[7122329,6396809,8434380,6990537]},{"id":41855,"name":"Boxes","type":10,"category":0,"actions":[],"coordinates":[[628,9370],[668,9382]],"size":[1,1,523],"rotations":[0,0],"colors":[7122329,6396809,8434380,6990537]},{"id":21360,"name":"Table","type":10,"category":169,"actions":[],"coordinates":[[630,9366],[650,9382]],"size":[1,2,523],"rotations":[1,3],"colors":[7122329,6396809,8434380,6990537]},{"id":41856,"name":"Crate","type":11,"category":0,"actions":[],"coordinates":[[632,9382],[664,9366]],"size":[1,1,523],"rotations":[0,0],"colors":[7122329,6396809,8434380,6990537]},{"id":7182,"name":"Chair","type":10,"category":0,"actions":[],"coordinates":[[636,9382],[660,9382]],"size":[1,1,523],"rotations":[0,0],"colors":[7122329,6396809,8434380,6990537]},{"id":9519,"name":"Barrel","type":10,"category":0,"actions":[],"coordinates":[[636,9366]],"size":[1,1,523],"rotations":[0],"colors":[7122329,6396809,8434380,6990537]},{"id":5246,"name":"Bed","type":10,"category":0,"actions":[],"coordinates":[[644,9380]],"size":[1,2,523],"rotations":[2],"colors":[7122329,6396809,8434380,6990537]},{"id":41858,"name":"Bookcase","type":10,"category":0,"actions":[],"coordinates":[[644,9366]],"size":[1,1,523],"rotations":[0],"colors":[7122329,6396809,8434380,6990537]},{"id":27543,"name":"Pots","type":10,"category":0,"actions":[],"coordinates":[[652,9350]],"size":[1,1,523],"rotations":[0],"colors":[7122329,6396809,8434380,6990537]},{"id":16641,"name":"Cooking range","type":10,"category":0,"actions":["Cook"],"coordinates":[[654,9342]],"size":[1,2,523],"rotations":[1],"colors":[7122329,6396809,8434380,6990537]},{"id":41861,"name":"Gate","type":0,"category":0,"actions":["Open"],"coordinates":[[656,9358]],"size":[1,1,523],"rotations":[0],"colors":[7122329,6396809,8434380,6990537]},{"id":15685,"name":"Cooking shelves","type":10,"category":0,"actions":[],"coordinates":[[660,9342]],"size":[1,1,523],"rotations":[0],"colors":[7122329,6396809,8434380,6990537]},{"id":41866,"name":"Bed","type":10,"category":0,"actions":[],"coordinates":[[668,9374]],"size":[1,3,523],"rotations":[0],"colors":[7122329,6396809,8434380,6990537]},{"id":34940,"name":"Sacks","type":10,"category":220,"actions":[],"coordinates":[[668,9350]],"size":[1,1,523],"rotations":[0],"colors":[7122329,6396809,8434380,6990537]},{"id":27707,"name":"Sink","type":10,"category":175,"actions":[],"coordinates":[[668,9344]],"size":[2,1,523],"rotations":[1],"colors":[7122329,6396809,8434380,6990537]}]