[{"id":58547,"name":"Mangrove","type":10,"category":0,"actions":[],"coordinates":[[538,39472],[562,39460],[586,39480],[586,39448],[674,39444],[706,39432]],"size":[2,2,523],"rotations":[0,0,0,0,0,0],"colors":[7122329,6396809,8434380,6990537]},{"id":58544,"name":"Mangrove","type":11,"category":0,"actions":[],"coordinates":[[546,39460],[558,39472],[594,39476],[594,39456],[598,39444],[626,39472],[634,39452],[670,39428],[694,39424]],"size":[2,2,523],"rotations":[0,0,0,0,0,0,0,0,0],"colors":[7122329,6396809,8434380,6990537]},{"id":51790,"name":"Rockslide","type":11,"category":0,"actions":[],"coordinates":[[550,39472],[614,39488],[690,39476]],"size":[2,2,523],"rotations":[0,0,0],"colors":[7122329,6396809,8434380,6990537]},{"id":11914,"name":"Bush","type":10,"category":0,"actions":[],"coordinates":[[548,39454],[616,39510],[676,39478],[716,39446]],"size":[1,1,523],"rotations":[0,0,0,0],"colors":[7122329,6396809,8434380,6990537]},{"id":58546,"name":"Mangrove","type":11,"category":0,"actions":[],"coordinates":[[554,39480],[574,39472],[598,39488],[618,39456],[634,39468],[666,39448]],"size":[2,2,523],"rotations":[0,0,0,0,0,0],"colors":[7122329,6396809,8434380,6990537]},{"id":51792,"name":"Rockslide","type":10,"category":0,"actions":[],"coordinates":[[554,39452],[606,39544],[686,39468],[714,39484],[722,39456]],"size":[2,2,523],"rotations":[0,0,0,0,0],"colors":[7122329,6396809,8434380,6990537]},{"id":60192,"name":"Rockslide","type":11,"category":0,"actions":[],"coordinates":[[586,39460],[662,39432]],"size":[2,2,523],"rotations":[0,0],"colors":[7122329,6396809,8434380,6990537]},{"id":51791,"name":"Rockslide","type":11,"category":0,"actions":[],"coordinates":[[590,39500]],"size":[2,2,523],"rotations":[0],"colors":[7122329,6396809,8434380,6990537]},{"id":44143,"name":"Bush","type":10,"category":0,"actions":[],"coordinates":[[592,39462],[616,39434],[628,39478],[684,39450]],"size":[1,1,523],"rotations":[0,0,0,0],"colors":[7122329,6396809,8434380,6990537]},{"id":58545,"name":"Mangrove","type":11,"category":0,"actions":[],"coordinates":[[598,39468],[610,39436],[682,39440]],"size":[2,2,523],"rotations":[0,0,0],"colors":[7122329,6396809,8434380,6990537]},{"id":51793,"name":"Rockslide","type":11,"category":0,"actions":[],"coordinates":[[606,39484]],"size":[2,2,523],"rotations":[0],"colors":[7122329,6396809,8434380,6990537]},{"id":11911,"name":"Bush","type":10,"category":0,"actions":[],"coordinates":[[610,39496]],"size":[2,2,523],"rotations":[0],"colors":[7122329,6396809,8434380,6990537]},{"id":60194,"name":"Rockslide","type":11,"category":0,"actions":[],"coordinates":[[678,39452]],"size":[2,2,523],"rotations":[0],"colors":[7122329,6396809,8434380,6990537]},{"id":60195,"name":"Rockslide","type":10,"category":0,"actions":[],"coordinates":[[682,39428]],"size":[2,2,523],"rotations":[0],"colors":[7122329,6396809,8434380,6990537]},{"id":44144,"name":"Bush","type":10,"category":0,"actions":[],"coordinates":[[692,39450]],"size":[1,1,523],"rotations":[0],"colors":[7122329,6396809,8434380,6990537]},{"id":59834,"name":"Mooring point","type":11,"category":0,"actions":["Board","Board-previous","Board-friend"],"coordinates":[[712,39502]],"size":[1,1,523],"rotations":[0],"colors":[7122329,6396809,8434380,6990537]},{"id":59820,"name":"Buoy","type":11,"category":2339,"actions":["Dock"],"coordinates":[[738,39484]],"size":[2,2,523],"rotations":[0],"colors":[7122329,6396809,8434380,6990537]}]