[{"id":34656,"name":"Chemical waste pipe","type":10,"category":0,"actions":[],"coordinates":[[1048,9698],[1100,9490],[1108,9498]],"size":[1,1,523],"rotations":[0,0,0],"colors":[7122329,6396809,8434380,6990537]},{"id":34544,"name":"Rocks","type":10,"category":0,"actions":["Climb"],"coordinates":[[1112,9608],[1150,9570],[1188,9608]],"size":[2,1,523],"rotations":[3,0,1],"colors":[7122329,6396809,8434380,6990537]},{"id":34584,"name":"Stone chest","type":11,"category":0,"actions":["Search"],"coordinates":[[1126,9512]],"size":[2,2,523],"rotations":[0],"colors":[7122329,6396809,8434380,6990537]},{"id":34514,"name":"Cave exit","type":10,"category":0,"actions":["Exit"],"coordinates":[[1150,9686]],"size":[2,3,523],"rotations":[0],"colors":[7122329,6396809,8434380,6990537]},{"id":34655,"name":"Mysterious pipe","type":10,"category":0,"actions":["Enter"],"coordinates":[[1168,9574]],"size":[1,1,523],"rotations":[0],"colors":[7122329,6396809,8434380,6990537]},{"id":34530,"name":"Steps","type":10,"category":0,"actions":["Climb"],"coordinates":[[1228,9608]],"size":[2,3,523],"rotations":[3],"colors":[7122329,6396809,8434380,6990537]}]