[{"id":34335,"name":"Sulphur Vent","type":10,"category":0,"actions":[],"coordinates":[[1074,35048],[1170,35048],[1234,35052]],"size":[2,2,523],"rotations":[0,0,0],"colors":[7122329,6396809,8434380,6990537]},{"id":34346,"name":"Standing torch","type":10,"category":0,"actions":[],"coordinates":[[1112,35050],[1120,35034],[1136,35034],[1144,35050]],"size":[1,1,523],"rotations":[0,0,0,0],"colors":[7122329,6396809,8434380,6990537]},{"id":5359,"name":"Skeleton","type":10,"category":0,"actions":[],"coordinates":[[1128,35046]],"size":[1,1,523],"rotations":[0],"colors":[7122329,6396809,8434380,6990537]},{"id":16020,"name":"Inconspicuous hole (medium)","type":10,"category":0,"actions":["Build"],"coordinates":[[1136,35070]],"size":[1,1,523],"rotations":[0],"colors":[7122329,6396809,8434380,6990537]}]