[{"id":59815,"name":"Buoy","type":11,"category":2339,"actions":["Dock"],"coordinates":[[4122,39976]],"size":[2,2,523],"rotations":[0],"colors":[7122329,6396809,8434380,6990537]},{"id":59834,"name":"Mooring point","type":10,"category":0,"actions":["Board","Board-previous","Board-friend"],"coordinates":[[4132,40010]],"size":[1,1,523],"rotations":[0],"colors":[7122329,6396809,8434380,6990537]},{"id":44069,"name":"Cactus","type":10,"category":0,"actions":[],"coordinates":[[4148,39994]],"size":[1,1,523],"rotations":[0],"colors":[7122329,6396809,8434380,6990537]},{"id":51792,"name":"Rockslide","type":10,"category":0,"actions":[],"coordinates":[[4150,39988],[4166,40024],[4182,40012]],"size":[2,2,523],"rotations":[0,0,0],"colors":[7122329,6396809,8434380,6990537]},{"id":44071,"name":"Cactus","type":10,"category":0,"actions":[],"coordinates":[[4156,40022]],"size":[1,1,523],"rotations":[0],"colors":[7122329,6396809,8434380,6990537]},{"id":51793,"name":"Rockslide","type":10,"category":0,"actions":[],"coordinates":[[4158,39984],[4158,39976],[4162,40020],[4178,40016],[4178,40008],[4190,39992]],"size":[2,2,523],"rotations":[0,0,0,0,0,0],"colors":[7122329,6396809,8434380,6990537]},{"id":1314,"name":"Plant","type":11,"category":0,"actions":[],"coordinates":[[4162,40002],[4172,40028],[4182,39990]],"size":[3,2,523],"rotations":[1,2,3],"colors":[7122329,6396809,8434380,6990537]},{"id":58541,"name":"Palm","type":10,"category":0,"actions":[],"coordinates":[[4164,39994],[4172,39986]],"size":[1,1,523],"rotations":[0,0],"colors":[7122329,6396809,8434380,6990537]},{"id":44070,"name":"Cactus","type":11,"category":0,"actions":[],"coordinates":[[4164,39990]],"size":[1,1,523],"rotations":[0],"colors":[7122329,6396809,8434380,6990537]},{"id":1405,"name":"Cactus","type":10,"category":0,"actions":[],"coordinates":[[4170,40008]],"size":[2,2,523],"rotations":[0],"colors":[7122329,6396809,8434380,6990537]},{"id":59313,"name":"Crab monument","type":10,"category":2317,"actions":["Chart"],"coordinates":[[4170,39996]],"size":[2,2,523],"rotations":[0],"colors":[7122329,6396809,8434380,6990537]},{"id":44081,"name":"Cactus","type":10,"category":0,"actions":[],"coordinates":[[4168,39974]],"size":[1,1,523],"rotations":[0],"colors":[7122329,6396809,8434380,6990537]},{"id":58543,"name":"Palm","type":10,"category":0,"actions":[],"coordinates":[[4172,40030],[4224,40070]],"size":[1,1,523],"rotations":[0,0],"colors":[7122329,6396809,8434380,6990537]},{"id":44074,"name":"Cactus","type":10,"category":0,"actions":[],"coordinates":[[4172,39974]],"size":[1,1,523],"rotations":[0],"colors":[7122329,6396809,8434380,6990537]},{"id":17237,"name":"Torch","type":10,"category":0,"actions":[],"coordinates":[[4176,40002],[4176,39990]],"size":[1,1,523],"rotations":[0,0],"colors":[7122329,6396809,8434380,6990537]},{"id":44068,"name":"Cactus","type":10,"category":0,"actions":[],"coordinates":[[4188,40026]],"size":[1,1,523],"rotations":[0],"colors":[7122329,6396809,8434380,6990537]},{"id":4348,"name":"Shell","type":22,"category":0,"actions":[],"coordinates":[[4188,40006]],"size":[1,1,523],"rotations":[0],"colors":[7122329,6396809,8434380,6990537]},{"id":44030,"name":"Kharidian cactus (Dry)","type":10,"category":0,"actions":[],"coordinates":[[4188,39978]],"size":[1,1,523],"rotations":[0],"colors":[7122329,6396809,8434380,6990537]},{"id":28946,"name":"Inconspicuous rocks (elite)","type":10,"category":0,"actions":["Build"],"coordinates":[[4192,39998]],"size":[1,1,523],"rotations":[0],"colors":[7122329,6396809,8434380,6990537]},{"id":58542,"name":"Palm","type":10,"category":0,"actions":[],"coordinates":[[4192,39982],[4216,40082]],"size":[1,1,523],"rotations":[0,0],"colors":[7122329,6396809,8434380,6990537]},{"id":44079,"name":"Cactus","type":10,"category":0,"actions":[],"coordinates":[[4196,39998]],"size":[1,1,523],"rotations":[0],"colors":[7122329,6396809,8434380,6990537]},{"id":1123,"name":"Bush","type":10,"category":0,"actions":[],"coordinates":[[4210,40076]],"size":[2,2,523],"rotations":[0],"colors":[7122329,6396809,8434380,6990537]},{"id":58520,"name":"Cactus","type":10,"category":0,"actions":[],"coordinates":[[4218,40076]],"size":[2,2,523],"rotations":[0],"colors":[7122329,6396809,8434380,6990537]}]