[{"id":58981,"name":"Lost supplies","type":10,"category":0,"actions":[],"coordinates":[[4132,37686],[4180,37790],[4272,37854]],"size":[1,1,523],"rotations":[0,0,0],"colors":[7122329,6396809,8434380,6990537]},{"id":10834,"name":"Magic tree","type":10,"category":290,"actions":["Chop down"],"coordinates":[[4222,37692],[4238,37708],[4250,37728],[4258,37716],[4266,37736],[4274,37704],[4282,37724],[4306,37736]],"size":[2,2,523],"rotations":[0,0,0,0,0,0,0,0],"colors":[7122329,6396809,8434380,6990537]},{"id":1393,"name":"Plant","type":10,"category":0,"actions":[],"coordinates":[[4220,37682],[4232,37698],[4276,37758],[4280,37678],[4292,37762],[4296,37722],[4304,37726],[4332,37766]],"size":[1,1,523],"rotations":[0,0,0,0,0,0,0,0],"colors":[7122329,6396809,8434380,6990537]},{"id":1394,"name":"Plant","type":10,"category":0,"actions":[],"coordinates":[[4234,37724],[4286,37740]],"size":[2,2,523],"rotations":[0,0],"colors":[7122329,6396809,8434380,6990537]},{"id":3912,"name":"Mushroom","type":10,"category":0,"actions":[],"coordinates":[[4252,37662],[4260,37662],[4268,37670]],"size":[1,1,523],"rotations":[0,0,0],"colors":[7122329,6396809,8434380,6990537]},{"id":1391,"name":"Plant","type":10,"category":0,"actions":[],"coordinates":[[4258,37736],[4314,37740]],"size":[2,2,523],"rotations":[0,0],"colors":[7122329,6396809,8434380,6990537]},{"id":3913,"name":"Mushrooms","type":10,"category":0,"actions":[],"coordinates":[[4256,37658],[4260,37666]],"size":[1,1,523],"rotations":[0,0],"colors":[7122329,6396809,8434380,6990537]},{"id":35862,"name":"Mushrooms","type":10,"category":0,"actions":[],"coordinates":[[4276,37750],[4292,37758]],"size":[1,1,523],"rotations":[0,0],"colors":[7122329,6396809,8434380,6990537]},{"id":3885,"name":"Tree","type":10,"category":0,"actions":[],"coordinates":[[4284,37758]],"size":[3,3,523],"rotations":[0],"colors":[7122329,6396809,8434380,6990537]},{"id":35864,"name":"Mushroom","type":10,"category":0,"actions":[],"coordinates":[[4280,37750]],"size":[1,1,523],"rotations":[0],"colors":[7122329,6396809,8434380,6990537]},{"id":1392,"name":"Plant","type":10,"category":0,"actions":[],"coordinates":[[4290,37700],[4298,37756]],"size":[2,2,523],"rotations":[0,0],"colors":[7122329,6396809,8434380,6990537]},{"id":3918,"name":"Elven lamp","type":10,"category":0,"actions":[],"coordinates":[[4288,37678]],"size":[1,1,523],"rotations":[0],"colors":[7122329,6396809,8434380,6990537]},{"id":59834,"name":"Mooring point","type":10,"category":0,"actions":["Board","Board-previous","Board-friend"],"coordinates":[[4292,37682]],"size":[1,1,523],"rotations":[0],"colors":[7122329,6396809,8434380,6990537]},{"id":3886,"name":"Tree","type":11,"category":0,"actions":[],"coordinates":[[4300,37722]],"size":[1,1,523],"rotations":[0],"colors":[7122329,6396809,8434380,6990537]},{"id":58196,"name":"Trees","type":11,"category":0,"actions":[],"coordinates":[[4316,37768]],"size":[3,2,523],"rotations":[0],"colors":[7122329,6396809,8434380,6990537]},{"id":58197,"name":"Trees","type":11,"category":0,"actions":[],"coordinates":[[4324,37748]],"size":[3,2,523],"rotations":[0],"colors":[7122329,6396809,8434380,6990537]},{"id":58198,"name":"Trees","type":11,"category":0,"actions":[],"coordinates":[[4328,37756]],"size":[3,2,523],"rotations":[0],"colors":[7122329,6396809,8434380,6990537]},{"id":59995,"name":"Lockbox","type":11,"category":0,"actions":["Open"],"coordinates":[[4328,37774]],"size":[1,1,523],"rotations":[0],"colors":[7122329,6396809,8434380,6990537]},{"id":59822,"name":"Buoy","type":10,"category":2339,"actions":["Dock"],"coordinates":[[4330,37704]],"size":[2,2,523],"rotations":[0],"colors":[7122329,6396809,8434380,6990537]},{"id":3890,"name":"Tree","type":11,"category":0,"actions":[],"coordinates":[[4332,37770]],"size":[1,1,523],"rotations":[0],"colors":[7122329,6396809,8434380,6990537]}]