[{"id":58981,"name":"Lost supplies","type":10,"category":0,"actions":[],"coordinates":[[4184,36278],[4216,36218],[4240,36322],[4268,36266],[4288,36194],[4296,36098],[4332,36350]],"size":[1,1,523],"rotations":[0,0,0,0,0,0,0],"colors":[7122329,6396809,8434380,6990537]},{"id":58958,"name":"Portal of Hefin","type":10,"category":0,"actions":[],"coordinates":[[4320,36142]],"size":[1,1,523],"rotations":[0],"colors":[7122329,6396809,8434380,6990537]},{"id":58977,"name":"Portal of Trahaearn","type":10,"category":0,"actions":[],"coordinates":[[4324,36266]],"size":[1,1,523],"rotations":[0],"colors":[7122329,6396809,8434380,6990537]},{"id":58956,"name":"Crystal of Hefin","type":10,"category":0,"actions":[],"coordinates":[[4328,36146]],"size":[1,1,523],"rotations":[0],"colors":[7122329,6396809,8434380,6990537]},{"id":58975,"name":"Crystal of Trahaearn","type":10,"category":0,"actions":[],"coordinates":[[4332,36270]],"size":[1,1,523],"rotations":[0],"colors":[7122329,6396809,8434380,6990537]}]