[{"id":59905,"name":"Figurehead","type":10,"category":0,"actions":[],"coordinates":[[4448,37926]],"size":[1,1,523],"rotations":[0],"colors":[7122329,6396809,8434380,6990537]},{"id":9534,"name":"Crate","type":10,"category":209,"actions":["Search"],"coordinates":[[4468,37946],[4536,37918],[4536,37914],[4548,37914],[4556,37914]],"size":[1,1,523],"rotations":[0,0,0,0,0],"colors":[7122329,6396809,8434380,6990537]},{"id":271,"name":"Anchor","type":10,"category":0,"actions":[],"coordinates":[[4472,37946]],"size":[1,1,523],"rotations":[0],"colors":[7122329,6396809,8434380,6990537]},{"id":17408,"name":"Gangplank","type":10,"category":0,"actions":["Cross"],"coordinates":[[4472,37938]],"size":[1,1,523],"rotations":[0],"colors":[7122329,6396809,8434380,6990537]},{"id":59832,"name":"Gangplank","type":22,"category":0,"actions":["Board","Board-previous","Board-friend"],"coordinates":[[4480,37950]],"size":[1,1,523],"rotations":[0],"colors":[7122329,6396809,8434380,6990537]},{"id":60306,"name":"Notice board","type":10,"category":2344,"actions":["Inspect"],"coordinates":[[4492,37938]],"size":[3,1,523],"rotations":[0],"colors":[7122329,6396809,8434380,6990537]},{"id":59794,"name":"Buoy","type":10,"category":2339,"actions":["Dock"],"coordinates":[[4502,37960]],"size":[2,2,523],"rotations":[0],"colors":[7122329,6396809,8434380,6990537]},{"id":60313,"name":"Crate","type":10,"category":0,"actions":[],"coordinates":[[4500,37938]],"size":[1,1,523],"rotations":[0],"colors":[7122329,6396809,8434380,6990537]},{"id":3879,"name":"Tree","type":10,"category":189,"actions":["Chop down"],"coordinates":[[4508,37898],[4516,37970],[4520,37914],[4524,37982],[4524,37894],[4528,37930],[4532,37994],[4536,37906],[4540,37966],[4548,37954],[4552,37994],[4552,37894],[4556,38014],[4556,37966],[4560,37906],[4564,37950],[4564,37922],[4568,37990],[4572,38006],[4576,37898],[4584,37970],[4592,37894],[4596,37942],[4596,37906]],"size":[3,3,523],"rotations":[0,0,0,0,0,0,0,0,0,0,0,0,0,0,0,0,0,0,0,0,0,0,0,0],"colors":[7122329,6396809,8434380,6990537]},{"id":60319,"name":"Barrel of liquid","type":11,"category":0,"actions":[],"coordinates":[[4508,37946]],"size":[1,1,523],"rotations":[0],"colors":[7122329,6396809,8434380,6990537]},{"id":60320,"name":"Ledger table","type":10,"category":2345,"actions":["Take-cargo","Take-last-cargo"],"coordinates":[[4508,37938]],"size":[1,1,523],"rotations":[0],"colors":[7122329,6396809,8434380,6990537]},{"id":60315,"name":"Crate","type":10,"category":0,"actions":[],"coordinates":[[4512,37938]],"size":[1,1,523],"rotations":[0],"colors":[7122329,6396809,8434380,6990537]},{"id":3888,"name":"Tree","type":10,"category":0,"actions":[],"coordinates":[[4520,38098],[4540,37894],[4552,37910],[4560,38078],[4588,37954],[4604,37942],[4604,37922]],"size":[1,1,523],"rotations":[0,0,0,0,0,0,0],"colors":[7122329,6396809,8434380,6990537]},{"id":3992,"name":"Standard","type":10,"category":0,"actions":[],"coordinates":[[4520,37950],[4520,37934]],"size":[1,1,523],"rotations":[0,0],"colors":[7122329,6396809,8434380,6990537]},{"id":6709,"name":"Rock","type":10,"category":0,"actions":[],"coordinates":[[4526,38136]],"size":[2,2,523],"rotations":[0],"colors":[7122329,6396809,8434380,6990537]},{"id":3886,"name":"Tree","type":10,"category":0,"actions":[],"coordinates":[[4524,38002],[4548,37990],[4556,38042],[4568,37978],[4580,37922],[4580,37890],[4584,37902],[4584,37894],[4588,38070],[4588,37918],[4604,37914],[4604,37902]],"size":[1,1,523],"rotations":[0,0,0,0,0,0,0,0,0,0,0,0],"colors":[7122329,6396809,8434380,6990537]},{"id":3887,"name":"Tree","type":10,"category":0,"actions":[],"coordinates":[[4532,38014],[4572,37910],[4584,37942]],"size":[3,3,523],"rotations":[0,0,0],"colors":[7122329,6396809,8434380,6990537]},{"id":307,"name":"Cart","type":10,"category":0,"actions":[],"coordinates":[[4532,37948]],"size":[2,3,523],"rotations":[3],"colors":[7122329,6396809,8434380,6990537]},{"id":10663,"name":"Stepping stone","type":22,"category":0,"actions":["Cross"],"coordinates":[[4532,38142]],"size":[1,1,523],"rotations":[0],"colors":[7122329,6396809,8434380,6990537]},{"id":9535,"name":"Crates","type":11,"category":2307,"actions":["Search"],"coordinates":[[4532,37922],[4532,37918],[4544,37910],[4552,37918],[4556,37926]],"size":[1,1,523],"rotations":[0,0,0,0,0],"colors":[7122329,6396809,8434380,6990537]},{"id":6708,"name":"Small rock","type":10,"category":0,"actions":[],"coordinates":[[4536,38138]],"size":[1,1,523],"rotations":[0],"colors":[7122329,6396809,8434380,6990537]},{"id":3890,"name":"Tree","type":10,"category":0,"actions":[],"coordinates":[[4536,38110],[4560,38134],[4572,38102],[4576,38126]],"size":[1,1,523],"rotations":[0,0,0,0],"colors":[7122329,6396809,8434380,6990537]},{"id":9519,"name":"Barrel","type":10,"category":0,"actions":[],"coordinates":[[4536,37934],[4540,37918],[4544,37918],[4544,37914]],"size":[1,1,523],"rotations":[0,0,0,0],"colors":[7122329,6396809,8434380,6990537]},{"id":60463,"name":"Salvaging station","type":10,"category":2346,"actions":["Sort-salvage"],"coordinates":[[4536,37926]],"size":[3,1,523],"rotations":[3],"colors":[7122329,6396809,8434380,6990537]},{"id":3889,"name":"Tree","type":10,"category":0,"actions":[],"coordinates":[[4544,38058],[4548,38086],[4572,38062]],"size":[3,3,523],"rotations":[0,0,0],"colors":[7122329,6396809,8434380,6990537]},{"id":3891,"name":"Tree","type":10,"category":0,"actions":[],"coordinates":[[4560,38110]],"size":[3,3,523],"rotations":[0],"colors":[7122329,6396809,8434380,6990537]},{"id":3882,"name":"Tree","type":10,"category":189,"actions":["Chop down"],"coordinates":[[4584,37910]],"size":[3,3,523],"rotations":[0],"colors":[7122329,6396809,8434380,6990537]},{"id":3881,"name":"Tree","type":10,"category":189,"actions":["Chop down"],"coordinates":[[4596,37918]],"size":[3,3,523],"rotations":[0],"colors":[7122329,6396809,8434380,6990537]},{"id":3967,"name":"Tree","type":11,"category":0,"actions":[],"coordinates":[[4596,38018],[4604,38058]],"size":[1,1,523],"rotations":[0,0],"colors":[7122329,6396809,8434380,6990537]},{"id":3973,"name":"Corpse","type":11,"category":0,"actions":[],"coordinates":[[4600,38002]],"size":[1,1,523],"rotations":[0],"colors":[7122329,6396809,8434380,6990537]},{"id":3883,"name":"Tree","type":10,"category":189,"actions":["Chop down"],"coordinates":[[4602,37892]],"size":[2,2,523],"rotations":[0],"colors":[7122329,6396809,8434380,6990537]}]