[{"id":58981,"name":"Lost supplies","type":10,"category":0,"actions":[],"coordinates":[[4404,36446],[4428,36382],[4432,36586],[4464,36358],[4496,36414],[4512,36462],[4596,36554],[4604,36526]],"size":[1,1,523],"rotations":[0,0,0,0,0,0,0,0],"colors":[7122329,6396809,8434380,6990537]},{"id":58953,"name":"Portal of Crwys","type":10,"category":0,"actions":[],"coordinates":[[4488,36582],[4524,36582]],"size":[1,1,523],"rotations":[0,0],"colors":[7122329,6396809,8434380,6990537]},{"id":58951,"name":"Crystal of Crwys","type":10,"category":0,"actions":[],"coordinates":[[4504,36586]],"size":[1,1,523],"rotations":[0],"colors":[7122329,6396809,8434380,6990537]},{"id":58958,"name":"Portal of Hefin","type":10,"category":0,"actions":[],"coordinates":[[4544,36406],[4580,36406]],"size":[1,1,523],"rotations":[0,0],"colors":[7122329,6396809,8434380,6990537]},{"id":58956,"name":"Crystal of Hefin","type":10,"category":0,"actions":[],"coordinates":[[4560,36410]],"size":[1,1,523],"rotations":[0],"colors":[7122329,6396809,8434380,6990537]}]