[{"id":58981,"name":"Lost supplies","type":10,"category":0,"actions":[],"coordinates":[[4388,37274],[4416,37322],[4420,37242],[4428,37158],[4432,37354],[4432,37294],[4492,37250]],"size":[1,1,523],"rotations":[0,0,0,0,0,0,0],"colors":[7122329,6396809,8434380,6990537]},{"id":60469,"name":"Barracuda shipwreck","type":10,"category":2348,"actions":[],"coordinates":[[4440,37264],[4526,37306]],"size":[3,2,523],"rotations":[2,1],"colors":[7122329,6396809,8434380,6990537]},{"id":59335,"name":"Elven river mine","type":10,"category":2317,"actions":["Chart"],"coordinates":[[4532,37334]],"size":[1,1,523],"rotations":[0],"colors":[7122329,6396809,8434380,6990537]},{"id":59832,"name":"Gangplank","type":22,"category":0,"actions":["Board","Board-previous","Board-friend"],"coordinates":[[4536,37134]],"size":[1,1,523],"rotations":[0],"colors":[7122329,6396809,8434380,6990537]},{"id":58936,"name":"Crystal of Ithell","type":10,"category":0,"actions":[],"coordinates":[[4540,37270]],"size":[1,1,523],"rotations":[0],"colors":[7122329,6396809,8434380,6990537]},{"id":60316,"name":"Crate","type":10,"category":0,"actions":[],"coordinates":[[4552,37126]],"size":[1,1,523],"rotations":[0],"colors":[7122329,6396809,8434380,6990537]},{"id":60308,"name":"Notice board","type":10,"category":2344,"actions":["Inspect"],"coordinates":[[4560,37126]],"size":[3,1,523],"rotations":[0],"colors":[7122329,6396809,8434380,6990537]},{"id":3886,"name":"Tree","type":10,"category":0,"actions":[],"coordinates":[[4564,37342],[4568,37338],[4572,37274],[4576,37278],[4580,37266],[4584,37358],[4588,37282],[4592,37290],[4592,37278],[4596,37322],[4600,37286],[4600,37270]],"size":[1,1,523],"rotations":[0,0,0,0,0,0,0,0,0,0,0,0],"colors":[7122329,6396809,8434380,6990537]},{"id":59798,"name":"Buoy","type":11,"category":2339,"actions":["Dock"],"coordinates":[[4566,37144]],"size":[2,2,523],"rotations":[0],"colors":[7122329,6396809,8434380,6990537]},{"id":50902,"name":"Bank Deposit Box","type":10,"category":276,"actions":["Deposit"],"coordinates":[[4568,37126]],"size":[1,1,523],"rotations":[0],"colors":[7122329,6396809,8434380,6990537]},{"id":36679,"name":"Tree","type":10,"category":189,"actions":["Chop down"],"coordinates":[[4576,37306],[4588,37338],[4588,37270],[4600,37342],[4600,37330],[4600,37278]],"size":[3,3,523],"rotations":[0,0,0,0,0,0],"colors":[7122329,6396809,8434380,6990537]},{"id":36677,"name":"Tree","type":10,"category":189,"actions":["Chop down"],"coordinates":[[4578,37272],[4598,37264]],"size":[2,2,523],"rotations":[0,0],"colors":[7122329,6396809,8434380,6990537]},{"id":36674,"name":"Tree","type":10,"category":189,"actions":["Chop down"],"coordinates":[[4584,37174],[4596,37194],[4596,37146]],"size":[3,3,523],"rotations":[0,0,0],"colors":[7122329,6396809,8434380,6990537]},{"id":36672,"name":"Tree","type":10,"category":189,"actions":["Chop down"],"coordinates":[[4586,37188],[4586,37164],[4594,37208],[4594,37180],[4598,37160],[4602,37172]],"size":[2,2,523],"rotations":[0,0,0,0,0,0],"colors":[7122329,6396809,8434380,6990537]},{"id":60463,"name":"Salvaging station","type":10,"category":2346,"actions":["Sort-salvage"],"coordinates":[[4588,37134]],"size":[3,1,523],"rotations":[2],"colors":[7122329,6396809,8434380,6990537]},{"id":60318,"name":"Barrel of fish","type":10,"category":0,"actions":[],"coordinates":[[4584,37122]],"size":[1,1,523],"rotations":[0],"colors":[7122329,6396809,8434380,6990537]},{"id":11933,"name":"Rockslide","type":10,"category":0,"actions":[],"coordinates":[[4602,37236],[4602,37136],[4606,37200],[4606,37192],[4606,37144]],"size":[2,2,523],"rotations":[0,0,0,0,0],"colors":[7122329,6396809,8434380,6990537]}]