[{"id":16960,"name":"Ladder","type":10,"category":0,"actions":["Climb"],"coordinates":[[4376,34854]],"size":[1,1,523],"rotations":[0],"colors":[7122329,6396809,8434380,6990537]},{"id":16639,"name":"Windswept Tree","type":10,"category":0,"actions":[],"coordinates":[[4382,35040],[4390,34908],[4422,34944],[4434,34988],[4446,34996],[4470,34984]],"size":[2,2,523],"rotations":[0,0,0,0,0,0],"colors":[7122329,6396809,8434380,6990537]},{"id":16958,"name":"Row boat","type":10,"category":0,"actions":[],"coordinates":[[4396,34878],[4468,34918]],"size":[3,3,523],"rotations":[0,0],"colors":[7122329,6396809,8434380,6990537]},{"id":16864,"name":"Crate","type":10,"category":529,"actions":[],"coordinates":[[4422,34894],[4438,34906],[4508,34916]],"size":[2,1,523],"rotations":[2,0,3],"colors":[7122329,6396809,8434380,6990537]},{"id":16878,"name":"Sack","type":10,"category":529,"actions":[],"coordinates":[[4432,34894],[4444,34906]],"size":[1,1,523],"rotations":[0,0],"colors":[7122329,6396809,8434380,6990537]},{"id":16862,"name":"Crate","type":10,"category":529,"actions":[],"coordinates":[[4440,34894]],"size":[1,1,523],"rotations":[0],"colors":[7122329,6396809,8434380,6990537]},{"id":16873,"name":"Fish bits","type":10,"category":529,"actions":[],"coordinates":[[4448,34870]],"size":[1,1,523],"rotations":[0],"colors":[7122329,6396809,8434380,6990537]},{"id":16901,"name":"Lantern","type":5,"category":529,"actions":[],"coordinates":[[4448,34866],[4448,34854],[4456,34834],[4456,34830],[4464,34870],[4464,34854],[4468,34830],[4472,34870],[4472,34834],[4480,34854]],"size":[1,1,523],"rotations":[0,0,0,0,0,0,0,0,0,0],"colors":[7122329,6396809,8434380,6990537]},{"id":16893,"name":"Cooking range","type":10,"category":529,"actions":["Cook"],"coordinates":[[4448,34860]],"size":[1,2,523],"rotations":[0],"colors":[7122329,6396809,8434380,6990537]},{"id":16869,"name":"Sack pile","type":10,"category":529,"actions":[],"coordinates":[[4452,34878]],"size":[1,1,523],"rotations":[0],"colors":[7122329,6396809,8434380,6990537]},{"id":16868,"name":"Sack pile","type":10,"category":529,"actions":[],"coordinates":[[4452,34874],[4464,35022],[4464,34858]],"size":[1,1,523],"rotations":[0,0,0],"colors":[7122329,6396809,8434380,6990537]},{"id":16882,"name":"Barrel","type":10,"category":529,"actions":[],"coordinates":[[4454,34870]],"size":[2,1,523],"rotations":[0],"colors":[7122329,6396809,8434380,6990537]},{"id":16970,"name":"Shelf","type":4,"category":0,"actions":[],"coordinates":[[4452,34858]],"size":[1,1,523],"rotations":[0],"colors":[7122329,6396809,8434380,6990537]},{"id":16895,"name":"Chain","type":10,"category":529,"actions":[],"coordinates":[[4456,35006],[4464,34842]],"size":[1,1,523],"rotations":[0,0],"colors":[7122329,6396809,8434380,6990537]},{"id":16870,"name":"Sack pile","type":10,"category":529,"actions":[],"coordinates":[[4456,34876],[4466,35018],[4468,34876],[4480,34868]],"size":[2,1,523],"rotations":[1,2,1,3],"colors":[7122329,6396809,8434380,6990537]},{"id":16861,"name":"Hammock","type":10,"category":529,"actions":[],"coordinates":[[4458,34834],[4466,34834],[4476,34852],[4476,34836]],"size":[2,1,523],"rotations":[0,0,3,3],"colors":[7122329,6396809,8434380,6990537]},{"id":6475,"name":"Ice chunks","type":10,"category":0,"actions":[],"coordinates":[[4462,35032],[4566,34972]],"size":[2,2,523],"rotations":[0,0],"colors":[7122329,6396809,8434380,6990537]},{"id":60309,"name":"Notice board","type":10,"category":2344,"actions":["Inspect"],"coordinates":[[4464,34894]],"size":[3,1,523],"rotations":[0],"colors":[7122329,6396809,8434380,6990537]},{"id":5610,"name":"Cooking Pots","type":10,"category":0,"actions":[],"coordinates":[[4460,34874]],"size":[1,1,523],"rotations":[0],"colors":[7122329,6396809,8434380,6990537]},{"id":16972,"name":"Shelf","type":4,"category":0,"actions":[],"coordinates":[[4460,34866]],"size":[1,1,523],"rotations":[0],"colors":[7122329,6396809,8434380,6990537]},{"id":16968,"name":"Shelf","type":4,"category":0,"actions":[],"coordinates":[[4460,34858]],"size":[1,1,523],"rotations":[0],"colors":[7122329,6396809,8434380,6990537]},{"id":16884,"name":"Barrel","type":10,"category":529,"actions":["Take-from"],"coordinates":[[4468,35014]],"size":[1,1,523],"rotations":[0],"colors":[7122329,6396809,8434380,6990537]},{"id":16876,"name":"Barrel","type":10,"category":529,"actions":[],"coordinates":[[4468,34870]],"size":[1,1,523],"rotations":[0],"colors":[7122329,6396809,8434380,6990537]},{"id":16874,"name":"Stool","type":10,"category":529,"actions":[],"coordinates":[[4468,34866]],"size":[1,1,523],"rotations":[0],"colors":[7122329,6396809,8434380,6990537]},{"id":16885,"name":"Barrel","type":10,"category":529,"actions":["Take-from"],"coordinates":[[4468,34846],[4476,34870]],"size":[1,1,523],"rotations":[0,0],"colors":[7122329,6396809,8434380,6990537]},{"id":9562,"name":"Cell door","type":0,"category":0,"actions":["Open"],"coordinates":[[4468,34826]],"size":[1,1,523],"rotations":[0],"colors":[7122329,6396809,8434380,6990537]},{"id":16860,"name":"Tar barrel","type":10,"category":529,"actions":["Take-from"],"coordinates":[[4472,35018],[4480,34838]],"size":[1,1,523],"rotations":[0,0],"colors":[7122329,6396809,8434380,6990537]},{"id":16875,"name":"Stool","type":10,"category":529,"actions":[],"coordinates":[[4472,34870]],"size":[1,1,523],"rotations":[0],"colors":[7122329,6396809,8434380,6990537]},{"id":16867,"name":"Sack pile","type":10,"category":529,"actions":[],"coordinates":[[4472,34858]],"size":[1,1,523],"rotations":[0],"colors":[7122329,6396809,8434380,6990537]},{"id":4288,"name":"Bed","type":10,"category":0,"actions":[],"coordinates":[[4476,34844]],"size":[2,3,523],"rotations":[1],"colors":[7122329,6396809,8434380,6990537]},{"id":16886,"name":"Barrel","type":10,"category":529,"actions":[],"coordinates":[[4476,34894],[4480,34862]],"size":[1,1,523],"rotations":[0,0],"colors":[7122329,6396809,8434380,6990537]},{"id":16865,"name":"Crate","type":10,"category":529,"actions":[],"coordinates":[[4476,34876],[4502,34918]],"size":[2,1,523],"rotations":[1,0],"colors":[7122329,6396809,8434380,6990537]},{"id":16872,"name":"Fish bits","type":10,"category":529,"actions":[],"coordinates":[[4476,34866]],"size":[1,1,523],"rotations":[0],"colors":[7122329,6396809,8434380,6990537]},{"id":16971,"name":"Shelf","type":4,"category":0,"actions":[],"coordinates":[[4476,34858]],"size":[1,1,523],"rotations":[0],"colors":[7122329,6396809,8434380,6990537]},{"id":60462,"name":"Salvaging station","type":10,"category":2346,"actions":["Sort-salvage"],"coordinates":[[4488,34894]],"size":[3,1,523],"rotations":[0],"colors":[7122329,6396809,8434380,6990537]},{"id":60320,"name":"Ledger table","type":10,"category":2345,"actions":["Take-cargo","Take-last-cargo"],"coordinates":[[4488,34914]],"size":[1,1,523],"rotations":[0],"colors":[7122329,6396809,8434380,6990537]},{"id":60319,"name":"Barrel of liquid","type":10,"category":0,"actions":[],"coordinates":[[4488,34910]],"size":[1,1,523],"rotations":[0],"colors":[7122329,6396809,8434380,6990537]},{"id":6474,"name":"Ice chunks","type":10,"category":0,"actions":[],"coordinates":[[4494,35016],[4554,34948]],"size":[2,2,523],"rotations":[0,0],"colors":[7122329,6396809,8434380,6990537]},{"id":6472,"name":"Ice chunks","type":10,"category":0,"actions":[],"coordinates":[[4494,34992],[4566,34956]],"size":[2,2,523],"rotations":[0,0],"colors":[7122329,6396809,8434380,6990537]},{"id":6473,"name":"Ice chunks","type":10,"category":0,"actions":[],"coordinates":[[4498,34984],[4546,34944]],"size":[2,2,523],"rotations":[0,0],"colors":[7122329,6396809,8434380,6990537]},{"id":60317,"name":"Crate","type":10,"category":0,"actions":[],"coordinates":[[4496,34918]],"size":[1,1,523],"rotations":[0],"colors":[7122329,6396809,8434380,6990537]},{"id":50902,"name":"Bank Deposit Box","type":11,"category":276,"actions":["Deposit"],"coordinates":[[4508,34894]],"size":[1,1,523],"rotations":[0],"colors":[7122329,6396809,8434380,6990537]},{"id":59832,"name":"Gangplank","type":22,"category":0,"actions":["Board","Board-previous","Board-friend"],"coordinates":[[4512,34906]],"size":[1,1,523],"rotations":[0],"colors":[7122329,6396809,8434380,6990537]},{"id":34783,"name":"Pillar","type":10,"category":0,"actions":[],"coordinates":[[4520,34978],[4532,34958],[4540,34990],[4552,34970]],"size":[1,1,523],"rotations":[0,0,0,0],"colors":[7122329,6396809,8434380,6990537]},{"id":34784,"name":"Pillar","type":10,"category":0,"actions":[],"coordinates":[[4520,34970],[4532,34990],[4540,34958],[4552,34978]],"size":[1,1,523],"rotations":[0,0,0,0],"colors":[7122329,6396809,8434380,6990537]},{"id":59800,"name":"Buoy","type":11,"category":2339,"actions":["Dock"],"coordinates":[[4522,34884]],"size":[2,2,523],"rotations":[0],"colors":[7122329,6396809,8434380,6990537]},{"id":34789,"name":"Mysterious glow","type":10,"category":0,"actions":[],"coordinates":[[4524,34986],[4524,34962],[4548,34986],[4548,34962]],"size":[1,1,523],"rotations":[0,0,0,0],"colors":[7122329,6396809,8434380,6990537]},{"id":34771,"name":"Altar","type":10,"category":2156,"actions":["Craft-rune","Pray"],"coordinates":[[4536,34974]],"size":[3,3,523],"rotations":[0],"colors":[7122329,6396809,8434380,6990537]}]