[{"id":1394,"name":"Plant","type":10,"category":0,"actions":[],"coordinates":[[4362,30804]],"size":[2,2,523],"rotations":[0],"colors":[7122329,6396809,8434380,6990537]},{"id":10787,"name":"Rock","type":10,"category":0,"actions":[],"coordinates":[[4364,30838],[4372,30846],[4380,30842]],"size":[1,1,523],"rotations":[0,0,0],"colors":[7122329,6396809,8434380,6990537]},{"id":7053,"name":"Seed Stall","type":10,"category":0,"actions":["Steal from"],"coordinates":[[4366,30776],[4382,30760]],"size":[2,2,523],"rotations":[0,0],"colors":[7122329,6396809,8434380,6990537]},{"id":10788,"name":"Rock","type":10,"category":0,"actions":[],"coordinates":[[4374,30828],[4382,30848]],"size":[2,2,523],"rotations":[0,0],"colors":[7122329,6396809,8434380,6990537]},{"id":1561,"name":"Gate","type":0,"category":0,"actions":["Open"],"coordinates":[[4372,30742]],"size":[1,1,523],"rotations":[0],"colors":[7122329,6396809,8434380,6990537]},{"id":1562,"name":"Gate","type":0,"category":0,"actions":["Open"],"coordinates":[[4376,30742]],"size":[1,1,523],"rotations":[0],"colors":[7122329,6396809,8434380,6990537]},{"id":5595,"name":"Toy Stall","type":10,"category":0,"actions":[],"coordinates":[[4382,30788]],"size":[2,2,523],"rotations":[0],"colors":[7122329,6396809,8434380,6990537]},{"id":10833,"name":"Willow tree","type":10,"category":286,"actions":["Chop down"],"coordinates":[[4398,30824]],"size":[2,2,523],"rotations":[0],"colors":[7122329,6396809,8434380,6990537]},{"id":1278,"name":"Tree","type":10,"category":189,"actions":["Chop down"],"coordinates":[[4398,30804],[4410,30800],[4462,30804],[4470,30764],[4490,30848],[4490,30748],[4502,30748],[4510,30820],[4510,30784],[4514,30800],[4518,30832],[4518,30764],[4526,30784]],"size":[2,2,523],"rotations":[0,0,0,0,0,0,0,0,0,0,0,0,0],"colors":[7122329,6396809,8434380,6990537]},{"id":1021,"name":"Shelf","type":5,"category":0,"actions":[],"coordinates":[[4396,30750]],"size":[1,1,523],"rotations":[0],"colors":[7122329,6396809,8434380,6990537]},{"id":908,"name":"Magical symbol","type":5,"category":0,"actions":[],"coordinates":[[4396,30742]],"size":[1,1,523],"rotations":[0],"colors":[7122329,6396809,8434380,6990537]},{"id":5562,"name":"Cloth","type":10,"category":0,"actions":[],"coordinates":[[4396,30742]],"size":[1,1,523],"rotations":[0],"colors":[7122329,6396809,8434380,6990537]},{"id":605,"name":"Table","type":10,"category":155,"actions":[],"coordinates":[[4396,30734],[4404,30730]],"size":[1,1,523],"rotations":[0,0],"colors":[7122329,6396809,8434380,6990537]},{"id":3801,"name":"Chair","type":11,"category":0,"actions":[],"coordinates":[[4396,30730],[4408,30730],[4416,30730],[4440,30766]],"size":[1,1,523],"rotations":[0,0,0,0],"colors":[7122329,6396809,8434380,6990537]},{"id":5615,"name":"Bench","type":10,"category":0,"actions":[],"coordinates":[[4402,30790],[4402,30758],[4444,30748],[4454,30754]],"size":[2,1,523],"rotations":[2,0,1,0],"colors":[7122329,6396809,8434380,6990537]},{"id":5622,"name":"Wardrobe","type":10,"category":0,"actions":["Open"],"coordinates":[[4400,30750],[4412,30730]],"size":[1,1,523],"rotations":[0,0],"colors":[7122329,6396809,8434380,6990537]},{"id":10829,"name":"Willow tree","type":10,"category":286,"actions":["Chop down"],"coordinates":[[4406,30832],[4414,30848]],"size":[2,2,523],"rotations":[0,0],"colors":[7122329,6396809,8434380,6990537]},{"id":5558,"name":"Aggie's Cauldron","type":10,"category":0,"actions":[],"coordinates":[[4404,30742]],"size":[1,1,523],"rotations":[0],"colors":[7122329,6396809,8434380,6990537]},{"id":1020,"name":"Shelf","type":4,"category":0,"actions":[],"coordinates":[[4408,30750]],"size":[1,1,523],"rotations":[0],"colors":[7122329,6396809,8434380,6990537]},{"id":7068,"name":"Old Bookshelf","type":10,"category":205,"actions":["Search"],"coordinates":[[4412,30766]],"size":[1,1,523],"rotations":[0],"colors":[7122329,6396809,8434380,6990537]},{"id":7066,"name":"Old Bookshelf","type":10,"category":205,"actions":["Search"],"coordinates":[[4412,30762]],"size":[1,1,523],"rotations":[0],"colors":[7122329,6396809,8434380,6990537]},{"id":7065,"name":"Old Bookshelf","type":10,"category":205,"actions":["Search"],"coordinates":[[4412,30758]],"size":[1,1,523],"rotations":[0],"colors":[7122329,6396809,8434380,6990537]},{"id":7090,"name":"Globe of Gielinor","type":10,"category":0,"actions":[],"coordinates":[[4412,30754]],"size":[1,1,523],"rotations":[0],"colors":[7122329,6396809,8434380,6990537]},{"id":5561,"name":"Broom","type":10,"category":0,"actions":[],"coordinates":[[4412,30750]],"size":[1,1,523],"rotations":[0],"colors":[7122329,6396809,8434380,6990537]},{"id":10819,"name":"Willow tree","type":11,"category":286,"actions":["Chop down"],"coordinates":[[4418,30836]],"size":[2,2,523],"rotations":[0],"colors":[7122329,6396809,8434380,6990537]},{"id":9150,"name":"Wall","type":2,"category":0,"actions":[],"coordinates":[[4416,30790]],"size":[1,1,523],"rotations":[0],"colors":[7122329,6396809,8434380,6990537]},{"id":1535,"name":"Door","type":0,"category":0,"actions":["Open"],"coordinates":[[4416,30770],[4416,30742],[4432,30754],[4468,30742]],"size":[1,1,523],"rotations":[0,0,0,0],"colors":[7122329,6396809,8434380,6990537]},{"id":5560,"name":"Mirror","type":10,"category":0,"actions":[],"coordinates":[[4416,30750]],"size":[1,1,523],"rotations":[0],"colors":[7122329,6396809,8434380,6990537]},{"id":1019,"name":"Shelf","type":5,"category":0,"actions":[],"coordinates":[[4416,30734]],"size":[1,1,523],"rotations":[0],"colors":[7122329,6396809,8434380,6990537]},{"id":591,"name":"Bank table","type":10,"category":154,"actions":[],"coordinates":[[4420,30808]],"size":[2,1,523],"rotations":[1],"colors":[7122329,6396809,8434380,6990537]},{"id":590,"name":"Bank table","type":10,"category":154,"actions":[],"coordinates":[[4420,30796]],"size":[2,1,523],"rotations":[1],"colors":[7122329,6396809,8434380,6990537]},{"id":968,"name":"Pirate map","type":4,"category":0,"actions":[],"coordinates":[[4420,30770]],"size":[1,1,523],"rotations":[0],"colors":[7122329,6396809,8434380,6990537]},{"id":7058,"name":"Old Bookshelf","type":10,"category":205,"actions":["Search"],"coordinates":[[4420,30762],[4424,30762],[4428,30762],[4432,30762]],"size":[1,1,523],"rotations":[0,0,0,0],"colors":[7122329,6396809,8434380,6990537]},{"id":7077,"name":"Old Bookshelf","type":10,"category":205,"actions":["Search"],"coordinates":[[4420,30754]],"size":[1,1,523],"rotations":[0],"colors":[7122329,6396809,8434380,6990537]},{"id":358,"name":"Crate","type":10,"category":0,"actions":["Search"],"coordinates":[[4420,30750],[4420,30722]],"size":[1,1,523],"rotations":[0,0],"colors":[7122329,6396809,8434380,6990537]},{"id":357,"name":"Crate","type":10,"category":0,"actions":["Search"],"coordinates":[[4420,30746],[4420,30726],[4448,30750],[4448,30746]],"size":[1,1,523],"rotations":[0,0,0,0],"colors":[7122329,6396809,8434380,6990537]},{"id":5559,"name":"Charms","type":4,"category":0,"actions":[],"coordinates":[[4420,30738]],"size":[1,1,523],"rotations":[0],"colors":[7122329,6396809,8434380,6990537]},{"id":362,"name":"Barrel","type":10,"category":0,"actions":[],"coordinates":[[4420,30730],[4424,30750],[4424,30722],[4428,30722],[4448,30742]],"size":[1,1,523],"rotations":[0,0,0,0,0],"colors":[7122329,6396809,8434380,6990537]},{"id":16670,"name":"Staircase","type":10,"category":0,"actions":["Climb-up"],"coordinates":[[4428,30770]],"size":[1,3,523],"rotations":[3],"colors":[7122329,6396809,8434380,6990537]},{"id":7089,"name":"Old Bookshelf","type":10,"category":205,"actions":["Search"],"coordinates":[[4424,30754]],"size":[1,1,523],"rotations":[0],"colors":[7122329,6396809,8434380,6990537]},{"id":307,"name":"Cart","type":10,"category":0,"actions":[],"coordinates":[[4428,30728]],"size":[2,3,523],"rotations":[1],"colors":[7122329,6396809,8434380,6990537]},{"id":10527,"name":"Bank booth","type":10,"category":0,"actions":[],"coordinates":[[4428,30810],[4448,30810],[4448,30806],[4448,30798],[4448,30794]],"size":[1,1,523],"rotations":[0,0,0,0,0],"colors":[7122329,6396809,8434380,6990537]},{"id":10355,"name":"Bank booth","type":10,"category":684,"actions":["Bank","Collect"],"coordinates":[[4428,30806],[4428,30802],[4428,30794]],"size":[1,1,523],"rotations":[0,0,0],"colors":[7122329,6396809,8434380,6990537]},{"id":10528,"name":"Closed bank booth","type":10,"category":0,"actions":[],"coordinates":[[4428,30798]],"size":[1,1,523],"rotations":[0],"colors":[7122329,6396809,8434380,6990537]},{"id":7079,"name":"Old Bookshelf","type":10,"category":205,"actions":["Search"],"coordinates":[[4428,30754]],"size":[1,1,523],"rotations":[0],"colors":[7122329,6396809,8434380,6990537]},{"id":10790,"name":"Boulder","type":10,"category":0,"actions":[],"coordinates":[[4434,30844]],"size":[2,2,523],"rotations":[0],"colors":[7122329,6396809,8434380,6990537]},{"id":961,"name":"Bank notice board","type":4,"category":0,"actions":[],"coordinates":[[4432,30810],[4440,30790]],"size":[1,1,523],"rotations":[0,0],"colors":[7122329,6396809,8434380,6990537]},{"id":1102,"name":"Stool","type":10,"category":0,"actions":[],"coordinates":[[4436,30814],[4440,30814],[4448,30814],[4448,30790],[4452,30790],[4456,30734],[4460,30734]],"size":[1,1,523],"rotations":[0,0,0,0,0,0,0],"colors":[7122329,6396809,8434380,6990537]},{"id":595,"name":"Table","type":10,"category":156,"actions":[],"coordinates":[[4438,30810]],"size":[2,1,523],"rotations":[0],"colors":[7122329,6396809,8434380,6990537]},{"id":7091,"name":"Study Desk","type":10,"category":0,"actions":[],"coordinates":[[4438,30770]],"size":[2,1,523],"rotations":[2],"colors":[7122329,6396809,8434380,6990537]},{"id":7073,"name":"Old Bookshelf","type":10,"category":205,"actions":["Search"],"coordinates":[[4440,30762]],"size":[1,1,523],"rotations":[0],"colors":[7122329,6396809,8434380,6990537]},{"id":7074,"name":"Old Bookshelf","type":10,"category":205,"actions":["Search"],"coordinates":[[4440,30758]],"size":[1,1,523],"rotations":[0],"colors":[7122329,6396809,8434380,6990537]},{"id":356,"name":"Crate","type":10,"category":0,"actions":["Search"],"coordinates":[[4448,30730],[4464,30730]],"size":[1,1,523],"rotations":[0,0],"colors":[7122329,6396809,8434380,6990537]},{"id":967,"name":"Hanging wheel","type":5,"category":0,"actions":[],"coordinates":[[4452,30750]],"size":[1,1,523],"rotations":[0],"colors":[7122329,6396809,8434380,6990537]},{"id":888,"name":"Painting","type":5,"category":0,"actions":[],"coordinates":[[4452,30730]],"size":[1,1,523],"rotations":[0],"colors":[7122329,6396809,8434380,6990537]},{"id":1088,"name":"Chair","type":11,"category":0,"actions":[],"coordinates":[[4452,30730]],"size":[1,1,523],"rotations":[0],"colors":[7122329,6396809,8434380,6990537]},{"id":5625,"name":"Ned's Table","type":10,"category":156,"actions":[],"coordinates":[[4458,30738]],"size":[2,1,523],"rotations":[0],"colors":[7122329,6396809,8434380,6990537]},{"id":1124,"name":"Bush","type":10,"category":0,"actions":[],"coordinates":[[4460,30814]],"size":[1,1,523],"rotations":[0],"colors":[7122329,6396809,8434380,6990537]},{"id":9151,"name":"Hole in the wall","type":10,"category":0,"actions":[],"coordinates":[[4460,30790]],"size":[1,1,523],"rotations":[0],"colors":[7122329,6396809,8434380,6990537]},{"id":1276,"name":"Tree","type":10,"category":189,"actions":["Chop down"],"coordinates":[[4462,30784],[4482,30844],[4506,30796],[4514,30844],[4518,30776],[4522,30748]],"size":[2,2,523],"rotations":[0,0,0,0,0,0],"colors":[7122329,6396809,8434380,6990537]},{"id":1096,"name":"Rocking chair","type":11,"category":0,"actions":[],"coordinates":[[4460,30746]],"size":[1,1,523],"rotations":[0],"colors":[7122329,6396809,8434380,6990537]},{"id":24969,"name":"Fireplace","type":10,"category":152,"actions":[],"coordinates":[[4464,30750]],"size":[1,1,523],"rotations":[0],"colors":[7122329,6396809,8434380,6990537]},{"id":969,"name":"Fishing net","type":5,"category":0,"actions":[],"coordinates":[[4468,30750]],"size":[1,1,523],"rotations":[0],"colors":[7122329,6396809,8434380,6990537]},{"id":604,"name":"Table","type":10,"category":154,"actions":[],"coordinates":[[4468,30738]],"size":[1,1,523],"rotations":[0],"colors":[7122329,6396809,8434380,6990537]},{"id":271,"name":"Anchor","type":11,"category":0,"actions":[],"coordinates":[[4468,30730]],"size":[1,1,523],"rotations":[0],"colors":[7122329,6396809,8434380,6990537]},{"id":10820,"name":"Oak tree","type":10,"category":279,"actions":["Chop down"],"coordinates":[[4476,30802],[4492,30782],[4524,30846],[4524,30814]],"size":[3,3,523],"rotations":[0,0,0,0],"colors":[7122329,6396809,8434380,6990537]},{"id":1393,"name":"Plant","type":10,"category":0,"actions":[],"coordinates":[[4484,30750],[4492,30826],[4492,30766],[4528,30822]],"size":[1,1,523],"rotations":[0,0,0,0],"colors":[7122329,6396809,8434380,6990537]},{"id":1392,"name":"Plant","type":10,"category":0,"actions":[],"coordinates":[[4498,30736]],"size":[2,2,523],"rotations":[0],"colors":[7122329,6396809,8434380,6990537]},{"id":1163,"name":"Mushroom","type":10,"category":0,"actions":[],"coordinates":[[4512,30814]],"size":[1,1,523],"rotations":[0],"colors":[7122329,6396809,8434380,6990537]}]