[{"id":58541,"name":"Palm","type":11,"category":0,"actions":[],"coordinates":[[4624,41186],[4628,41194],[4640,41194],[4680,41090],[4692,41098],[4752,41186],[4752,41098],[4756,41178],[4764,41106],[4776,41062],[4788,41162],[4792,41098],[4824,41114],[4828,41050]],"size":[1,1,523],"rotations":[0,0,0,0,0,0,0,0,0,0,0,0,0,0],"colors":[7122329,6396809,8434380,6990537]},{"id":44080,"name":"Cactus","type":11,"category":0,"actions":[],"coordinates":[[4628,41174],[4688,41118]],"size":[1,1,523],"rotations":[0,0],"colors":[7122329,6396809,8434380,6990537]},{"id":58542,"name":"Palm","type":10,"category":0,"actions":[],"coordinates":[[4632,41174],[4664,41174],[4684,41098],[4696,41186],[4696,41138],[4740,41190],[4752,41110],[4768,41142],[4776,41174],[4776,41074],[4820,41046],[4832,41106]],"size":[1,1,523],"rotations":[0,0,0,0,0,0,0,0,0,0,0,0],"colors":[7122329,6396809,8434380,6990537]},{"id":40738,"name":"Bones","type":11,"category":0,"actions":[],"coordinates":[[4634,41158]],"size":[2,3,523],"rotations":[0],"colors":[7122329,6396809,8434380,6990537]},{"id":44079,"name":"Cactus","type":11,"category":0,"actions":[],"coordinates":[[4640,41190],[4664,41178],[4664,41166],[4668,41146],[4740,41194],[4756,41114]],"size":[1,1,523],"rotations":[0,0,0,0,0,0],"colors":[7122329,6396809,8434380,6990537]},{"id":44068,"name":"Cactus","type":10,"category":0,"actions":[],"coordinates":[[4660,41166],[4688,41102]],"size":[1,1,523],"rotations":[0,0],"colors":[7122329,6396809,8434380,6990537]},{"id":44070,"name":"Cactus","type":10,"category":0,"actions":[],"coordinates":[[4660,41162]],"size":[1,1,523],"rotations":[0],"colors":[7122329,6396809,8434380,6990537]},{"id":59834,"name":"Mooring point","type":11,"category":0,"actions":["Board","Board-previous","Board-friend"],"coordinates":[[4660,41126]],"size":[1,1,523],"rotations":[0],"colors":[7122329,6396809,8434380,6990537]},{"id":59818,"name":"Buoy","type":10,"category":2339,"actions":["Dock"],"coordinates":[[4662,41092]],"size":[2,2,523],"rotations":[0],"colors":[7122329,6396809,8434380,6990537]},{"id":44069,"name":"Cactus","type":10,"category":0,"actions":[],"coordinates":[[4664,41170],[4680,41106]],"size":[1,1,523],"rotations":[0,0],"colors":[7122329,6396809,8434380,6990537]},{"id":44081,"name":"Cactus","type":10,"category":0,"actions":[],"coordinates":[[4664,41162],[4752,41118]],"size":[1,1,523],"rotations":[0,0],"colors":[7122329,6396809,8434380,6990537]},{"id":41424,"name":"Crate","type":10,"category":0,"actions":[],"coordinates":[[4672,41182],[4692,41186]],"size":[1,1,523],"rotations":[0,0],"colors":[7122329,6396809,8434380,6990537]},{"id":44082,"name":"Cactus","type":10,"category":0,"actions":[],"coordinates":[[4672,41166]],"size":[1,1,523],"rotations":[0],"colors":[7122329,6396809,8434380,6990537]},{"id":44075,"name":"Cactus","type":10,"category":0,"actions":[],"coordinates":[[4676,41110],[4740,41186]],"size":[1,1,523],"rotations":[0,0],"colors":[7122329,6396809,8434380,6990537]},{"id":11082,"name":"Wheelbarrow","type":11,"category":0,"actions":[],"coordinates":[[4682,41180],[4762,41152]],"size":[2,2,523],"rotations":[0,0],"colors":[7122329,6396809,8434380,6990537]},{"id":58662,"name":"Bank chest space","type":10,"category":0,"actions":["Build","Inspect"],"coordinates":[[4680,41174]],"size":[1,1,523],"rotations":[0],"colors":[7122329,6396809,8434380,6990537]},{"id":1123,"name":"Bush","type":10,"category":0,"actions":[],"coordinates":[[4682,41168],[4730,41196],[4770,41080],[4782,41164],[4798,40992],[4838,41056]],"size":[2,2,523],"rotations":[0,0,0,0,0,0],"colors":[7122329,6396809,8434380,6990537]},{"id":44074,"name":"Cactus","type":10,"category":0,"actions":[],"coordinates":[[4680,41102],[4700,41178]],"size":[1,1,523],"rotations":[0,0],"colors":[7122329,6396809,8434380,6990537]},{"id":44076,"name":"Cactus","type":11,"category":0,"actions":[],"coordinates":[[4688,41122]],"size":[1,1,523],"rotations":[0],"colors":[7122329,6396809,8434380,6990537]},{"id":58646,"name":"Cooking pot space","type":10,"category":0,"actions":["Build","Inspect"],"coordinates":[[4698,41168]],"size":[2,2,523],"rotations":[0],"colors":[7122329,6396809,8434380,6990537]},{"id":44073,"name":"Cactus","type":10,"category":0,"actions":[],"coordinates":[[4696,41106]],"size":[1,1,523],"rotations":[0],"colors":[7122329,6396809,8434380,6990537]},{"id":44072,"name":"Cactus","type":10,"category":0,"actions":[],"coordinates":[[4704,41182]],"size":[1,1,523],"rotations":[0],"colors":[7122329,6396809,8434380,6990537]},{"id":58559,"name":"Ironwood tree","type":10,"category":2304,"actions":["Chop down"],"coordinates":[[4706,41116],[4718,41164],[4722,41128],[4734,41176],[4734,41120],[4746,41160],[4750,41148],[4790,41152],[4790,41052],[4798,41136],[4798,41040],[4814,41108],[4818,41068],[4830,41092]],"size":[2,2,523],"rotations":[0,0,0,0,0,0,0,0,0,0,0,0,0,0],"colors":[7122329,6396809,8434380,6990537]},{"id":42400,"name":"Plant","type":10,"category":0,"actions":[],"coordinates":[[4728,41110],[4756,41186]],"size":[1,1,523],"rotations":[0,0],"colors":[7122329,6396809,8434380,6990537]},{"id":42401,"name":"Plant","type":10,"category":0,"actions":[],"coordinates":[[4738,41112]],"size":[2,2,523],"rotations":[0],"colors":[7122329,6396809,8434380,6990537]},{"id":44077,"name":"Cactus","type":10,"category":0,"actions":[],"coordinates":[[4744,41190]],"size":[1,1,523],"rotations":[0],"colors":[7122329,6396809,8434380,6990537]},{"id":42398,"name":"Plant","type":10,"category":0,"actions":[],"coordinates":[[4750,41176]],"size":[2,2,523],"rotations":[0],"colors":[7122329,6396809,8434380,6990537]},{"id":47370,"name":"Plant","type":10,"category":0,"actions":[],"coordinates":[[4756,41174],[4772,41110],[4792,41158],[4796,41102]],"size":[1,1,523],"rotations":[0,0,0,0],"colors":[7122329,6396809,8434380,6990537]},{"id":51793,"name":"Rockslide","type":11,"category":0,"actions":[],"coordinates":[[4762,41168],[4774,41140],[4778,41092]],"size":[2,2,523],"rotations":[0,0,0],"colors":[7122329,6396809,8434380,6990537]},{"id":60005,"name":"Lockbox","type":10,"category":0,"actions":["Open"],"coordinates":[[4760,41102]],"size":[1,1,523],"rotations":[0],"colors":[7122329,6396809,8434380,6990537]},{"id":51792,"name":"Rockslide","type":11,"category":0,"actions":[],"coordinates":[[4766,41160],[4774,41104],[4794,41108]],"size":[2,2,523],"rotations":[0,0,0],"colors":[7122329,6396809,8434380,6990537]},{"id":60132,"name":"Rock","type":10,"category":0,"actions":[],"coordinates":[[4768,41152]],"size":[2,1,523],"rotations":[3],"colors":[7122329,6396809,8434380,6990537]},{"id":58644,"name":"Water pump space","type":10,"category":0,"actions":["Build","Inspect"],"coordinates":[[4768,41146]],"size":[1,1,523],"rotations":[0],"colors":[7122329,6396809,8434380,6990537]},{"id":42399,"name":"Plant","type":10,"category":0,"actions":[],"coordinates":[[4770,41100],[4790,41116]],"size":[2,2,523],"rotations":[0,0],"colors":[7122329,6396809,8434380,6990537]},{"id":51791,"name":"Rockslide","type":11,"category":0,"actions":[],"coordinates":[[4774,41148]],"size":[2,2,523],"rotations":[0],"colors":[7122329,6396809,8434380,6990537]},{"id":5332,"name":"Plant","type":10,"category":0,"actions":[],"coordinates":[[4772,41086],[4812,41042],[4816,41098],[4836,41082]],"size":[1,1,523],"rotations":[0,0,0,0],"colors":[7122329,6396809,8434380,6990537]},{"id":60129,"name":"Cave entrance","type":11,"category":0,"actions":["Enter"],"coordinates":[[4782,41108]],"size":[4,4,523],"rotations":[0],"colors":[7122329,6396809,8434380,6990537]},{"id":58543,"name":"Palm","type":10,"category":0,"actions":[],"coordinates":[[4784,41170]],"size":[1,1,523],"rotations":[0],"colors":[7122329,6396809,8434380,6990537]},{"id":46807,"name":"Tent","type":11,"category":0,"actions":[],"coordinates":[[4804,41078]],"size":[3,3,523],"rotations":[0],"colors":[7122329,6396809,8434380,6990537]},{"id":5333,"name":"Plant","type":10,"category":0,"actions":[],"coordinates":[[4810,41056]],"size":[2,2,523],"rotations":[0],"colors":[7122329,6396809,8434380,6990537]},{"id":49463,"name":"Fire remains","type":10,"category":0,"actions":[],"coordinates":[[4812,41086]],"size":[1,1,523],"rotations":[0],"colors":[7122329,6396809,8434380,6990537]}]