[{"id":4051,"name":"Tree","type":10,"category":0,"actions":[],"coordinates":[[4632,38190],[4640,38170],[4644,38182],[4652,38194],[4652,38174],[4664,38190],[4664,38166],[4676,38198],[4696,38234],[4708,38194],[4716,38214],[4728,38218]],"size":[1,1,523],"rotations":[0,0,0,0,0,0,0,0,0,0,0,0],"colors":[7122329,6396809,8434380,6990537]},{"id":10658,"name":"Torch","type":10,"category":0,"actions":[],"coordinates":[[4676,38214],[4676,38206],[4728,38210],[4728,38198]],"size":[1,1,523],"rotations":[0,0,0,0],"colors":[7122329,6396809,8434380,6990537]},{"id":12887,"name":"Chair","type":10,"category":0,"actions":[],"coordinates":[[4684,38218],[4700,38190],[4708,38226]],"size":[1,1,523],"rotations":[0,0,0],"colors":[7122329,6396809,8434380,6990537]},{"id":10661,"name":"Chest","type":10,"category":276,"actions":["Deposit"],"coordinates":[[4688,38226]],"size":[1,1,523],"rotations":[0],"colors":[7122329,6396809,8434380,6990537]},{"id":12892,"name":"Small Table","type":10,"category":155,"actions":[],"coordinates":[[4688,38190],[4692,38226],[4720,38226]],"size":[1,1,523],"rotations":[0,0,0],"colors":[7122329,6396809,8434380,6990537]},{"id":5495,"name":"Bed","type":10,"category":0,"actions":[],"coordinates":[[4692,38180],[4716,38240]],"size":[2,3,523],"rotations":[3,1],"colors":[7122329,6396809,8434380,6990537]},{"id":10662,"name":"Crate","type":10,"category":0,"actions":["Search"],"coordinates":[[4692,38218]],"size":[1,1,523],"rotations":[0],"colors":[7122329,6396809,8434380,6990537]},{"id":10660,"name":"Fire","type":10,"category":152,"actions":[],"coordinates":[[4696,38206],[4696,38186],[4716,38230]],"size":[1,1,523],"rotations":[0,0,0],"colors":[7122329,6396809,8434380,6990537]},{"id":12888,"name":"Chair","type":10,"category":0,"actions":[],"coordinates":[[4700,38178],[4712,38226]],"size":[1,1,523],"rotations":[0,0],"colors":[7122329,6396809,8434380,6990537]},{"id":12907,"name":"Ladder","type":10,"category":0,"actions":["Climb-up"],"coordinates":[[4708,38242]],"size":[1,1,523],"rotations":[0],"colors":[7122329,6396809,8434380,6990537]},{"id":28952,"name":"Inconspicuous hole (master)","type":10,"category":0,"actions":["Build"],"coordinates":[[4716,38194]],"size":[1,1,523],"rotations":[0],"colors":[7122329,6396809,8434380,6990537]},{"id":46241,"name":"Sacrificial boat","type":11,"category":0,"actions":["Board"],"coordinates":[[4764,38202]],"size":[3,3,523],"rotations":[0],"colors":[7122329,6396809,8434380,6990537]},{"id":59173,"name":"Lost supplies","type":10,"category":0,"actions":[],"coordinates":[[4860,38398]],"size":[1,1,523],"rotations":[0],"colors":[7122329,6396809,8434380,6990537]}]