[{"id":58981,"name":"Lost supplies","type":10,"category":0,"actions":[],"coordinates":[[4644,36518],[4692,36462],[4792,36370]],"size":[1,1,523],"rotations":[0,0,0],"colors":[7122329,6396809,8434380,6990537]},{"id":58948,"name":"Portal of Cadarn","type":10,"category":0,"actions":[],"coordinates":[[4656,36406],[4716,36406]],"size":[1,1,523],"rotations":[0,0],"colors":[7122329,6396809,8434380,6990537]},{"id":58945,"name":"Crystal of Cadarn","type":10,"category":0,"actions":[],"coordinates":[[4684,36414]],"size":[1,1,523],"rotations":[0],"colors":[7122329,6396809,8434380,6990537]},{"id":60517,"name":"Reinforced chest","type":10,"category":2350,"actions":["Picklock"],"coordinates":[[4748,36538]],"size":[1,1,523],"rotations":[0],"colors":[7122329,6396809,8434380,6990537]},{"id":3881,"name":"Tree","type":10,"category":189,"actions":["Chop down"],"coordinates":[[4764,36546],[4792,36518],[4800,36542]],"size":[3,3,523],"rotations":[0,0,0],"colors":[7122329,6396809,8434380,6990537]},{"id":1392,"name":"Plant","type":10,"category":0,"actions":[],"coordinates":[[4766,36532],[4770,36564]],"size":[2,2,523],"rotations":[0,0],"colors":[7122329,6396809,8434380,6990537]},{"id":59823,"name":"Buoy","type":11,"category":2339,"actions":["Dock"],"coordinates":[[4770,36584]],"size":[2,2,523],"rotations":[0],"colors":[7122329,6396809,8434380,6990537]},{"id":3879,"name":"Tree","type":10,"category":189,"actions":["Chop down"],"coordinates":[[4772,36526],[4788,36558],[4812,36546]],"size":[3,3,523],"rotations":[0,0,0],"colors":[7122329,6396809,8434380,6990537]},{"id":59834,"name":"Mooring point","type":11,"category":0,"actions":["Board","Board-previous","Board-friend"],"coordinates":[[4792,36574]],"size":[1,1,523],"rotations":[0],"colors":[7122329,6396809,8434380,6990537]},{"id":1391,"name":"Plant","type":10,"category":0,"actions":[],"coordinates":[[4794,36536]],"size":[2,2,523],"rotations":[0],"colors":[7122329,6396809,8434380,6990537]},{"id":58923,"name":"Nickel rocks","type":10,"category":2312,"actions":["Mine"],"coordinates":[[4800,36518],[4808,36530],[4816,36526]],"size":[1,1,523],"rotations":[0,0,0],"colors":[7122329,6396809,8434380,6990537]},{"id":11364,"name":"Iron rocks","type":10,"category":218,"actions":["Mine"],"coordinates":[[4804,36526],[4804,36518],[4808,36522],[4812,36522]],"size":[1,1,523],"rotations":[0,0,0,0],"colors":[7122329,6396809,8434380,6990537]},{"id":58658,"name":"Rowboat space","type":11,"category":0,"actions":["Build","Inspect"],"coordinates":[[4818,36558]],"size":[2,3,523],"rotations":[0],"colors":[7122329,6396809,8434380,6990537]},{"id":60469,"name":"Barracuda shipwreck","type":10,"category":2348,"actions":[],"coordinates":[[4848,36532]],"size":[3,2,523],"rotations":[0],"colors":[7122329,6396809,8434380,6990537]}]