[{"id":58981,"name":"Lost supplies","type":10,"category":0,"actions":[],"coordinates":[[4608,36110],[4628,36258],[4664,36154],[4684,36254],[4708,36346],[4760,36278],[4792,36150],[4800,36246]],"size":[1,1,523],"rotations":[0,0,0,0,0,0,0,0],"colors":[7122329,6396809,8434380,6990537]},{"id":58977,"name":"Portal of Trahaearn","type":10,"category":0,"actions":[],"coordinates":[[4620,36346]],"size":[1,1,523],"rotations":[0],"colors":[7122329,6396809,8434380,6990537]},{"id":58963,"name":"Portal of Iorwerth","type":10,"category":0,"actions":[],"coordinates":[[4688,36102],[4724,36102]],"size":[1,1,523],"rotations":[0,0],"colors":[7122329,6396809,8434380,6990537]},{"id":58961,"name":"Crystal of Iorwerth","type":10,"category":0,"actions":[],"coordinates":[[4704,36106]],"size":[1,1,523],"rotations":[0],"colors":[7122329,6396809,8434380,6990537]},{"id":58941,"name":"Crystal of Amlodd","type":10,"category":0,"actions":[],"coordinates":[[4844,36146]],"size":[1,1,523],"rotations":[0],"colors":[7122329,6396809,8434380,6990537]}]