[{"id":58541,"name":"Palm","type":11,"category":0,"actions":[],"coordinates":[[5224,41342],[5252,41362]],"size":[1,1,523],"rotations":[0,0],"colors":[7122329,6396809,8434380,6990537]},{"id":18892,"name":"Rockslide","type":10,"category":0,"actions":[],"coordinates":[[5226,41332]],"size":[2,2,523],"rotations":[0],"colors":[7122329,6396809,8434380,6990537]},{"id":58542,"name":"Palm","type":10,"category":0,"actions":[],"coordinates":[[5224,41318],[5240,41362],[5256,41334]],"size":[1,1,523],"rotations":[0,0,0],"colors":[7122329,6396809,8434380,6990537]},{"id":18894,"name":"Rockslide","type":11,"category":0,"actions":[],"coordinates":[[5230,41340]],"size":[2,2,523],"rotations":[0],"colors":[7122329,6396809,8434380,6990537]},{"id":18895,"name":"Rockslide","type":10,"category":0,"actions":[],"coordinates":[[5234,41332],[5242,41320]],"size":[2,2,523],"rotations":[0,0],"colors":[7122329,6396809,8434380,6990537]},{"id":57816,"name":"Tropical palm","type":11,"category":0,"actions":[],"coordinates":[[5248,41370]],"size":[1,1,523],"rotations":[0],"colors":[7122329,6396809,8434380,6990537]},{"id":58543,"name":"Palm","type":11,"category":0,"actions":[],"coordinates":[[5248,41366]],"size":[1,1,523],"rotations":[0],"colors":[7122329,6396809,8434380,6990537]},{"id":59318,"name":"Gnome the ball","type":10,"category":2317,"actions":["Chart"],"coordinates":[[5248,41362]],"size":[1,1,523],"rotations":[0],"colors":[7122329,6396809,8434380,6990537]},{"id":18893,"name":"Rockslide","type":10,"category":0,"actions":[],"coordinates":[[5250,41316]],"size":[2,2,523],"rotations":[0],"colors":[7122329,6396809,8434380,6990537]},{"id":59834,"name":"Mooring point","type":10,"category":0,"actions":["Board","Board-previous","Board-friend"],"coordinates":[[5284,41354]],"size":[1,1,523],"rotations":[0],"colors":[7122329,6396809,8434380,6990537]},{"id":59817,"name":"Buoy","type":11,"category":2339,"actions":["Dock"],"coordinates":[[5302,41376]],"size":[2,2,523],"rotations":[0],"colors":[7122329,6396809,8434380,6990537]}]