[{"id":381,"name":"Bookcase","type":10,"category":0,"actions":["Search"],"coordinates":[[8288,12166],[8296,12166]],"size":[1,1,523],"rotations":[0,0],"colors":[7122329,6396809,8434380,6990537]},{"id":380,"name":"Bookcase","type":10,"category":0,"actions":["Search"],"coordinates":[[8288,12144]],"size":[1,2,523],"rotations":[0],"colors":[7122329,6396809,8434380,6990537]},{"id":724,"name":"Standing torch","type":10,"category":0,"actions":[],"coordinates":[[8288,12134],[8332,12142]],"size":[1,1,523],"rotations":[0,0],"colors":[7122329,6396809,8434380,6990537]},{"id":575,"name":"Statue","type":10,"category":0,"actions":[],"coordinates":[[8296,12134],[8312,12134]],"size":[1,1,523],"rotations":[0,0],"colors":[7122329,6396809,8434380,6990537]},{"id":427,"name":"Bed","type":10,"category":0,"actions":[],"coordinates":[[8304,12138],[8376,12206]],"size":[3,3,523],"rotations":[0,0],"colors":[7122329,6396809,8434380,6990537]},{"id":1102,"name":"Stool","type":10,"category":0,"actions":[],"coordinates":[[8316,12162],[8320,12162],[8320,12154],[8324,12154]],"size":[1,1,523],"rotations":[0,0,0,0],"colors":[7122329,6396809,8434380,6990537]},{"id":603,"name":"Table","type":10,"category":154,"actions":[],"coordinates":[[8320,12158]],"size":[3,1,523],"rotations":[2],"colors":[7122329,6396809,8434380,6990537]},{"id":2148,"name":"Ladder","type":10,"category":0,"actions":["Climb-up"],"coordinates":[[8316,12126]],"size":[1,1,523],"rotations":[0],"colors":[7122329,6396809,8434380,6990537]},{"id":1016,"name":"Shelves","type":10,"category":0,"actions":[],"coordinates":[[8320,12166]],"size":[1,1,523],"rotations":[0],"colors":[7122329,6396809,8434380,6990537]},{"id":43766,"name":"Stool","type":10,"category":0,"actions":[],"coordinates":[[8320,12134]],"size":[1,1,523],"rotations":[0],"colors":[7122329,6396809,8434380,6990537]},{"id":1017,"name":"Shelves","type":10,"category":0,"actions":[],"coordinates":[[8324,12166]],"size":[1,1,523],"rotations":[0],"colors":[7122329,6396809,8434380,6990537]},{"id":899,"name":"Hanging banner","type":4,"category":0,"actions":[],"coordinates":[[8324,12134],[8388,12162]],"size":[1,1,523],"rotations":[0,0],"colors":[7122329,6396809,8434380,6990537]},{"id":595,"name":"Table","type":10,"category":156,"actions":[],"coordinates":[[8328,12192],[8328,12180],[8362,12206],[8362,12198],[8362,12162],[8374,12162]],"size":[2,1,523],"rotations":[3,3,2,2,0,0],"colors":[7122329,6396809,8434380,6990537]},{"id":901,"name":"Hanging banner","type":4,"category":0,"actions":[],"coordinates":[[8328,12134],[8388,12166]],"size":[1,1,523],"rotations":[0,0],"colors":[7122329,6396809,8434380,6990537]},{"id":1535,"name":"Door","type":0,"category":0,"actions":["Open"],"coordinates":[[8336,12150],[8348,12194]],"size":[1,1,523],"rotations":[0,0],"colors":[7122329,6396809,8434380,6990537]},{"id":203,"name":"Candles","type":10,"category":0,"actions":[],"coordinates":[[8344,12210],[8344,12186],[8344,12166],[8344,12146],[8344,12126],[8360,12210],[8368,12210],[8380,12198]],"size":[1,1,523],"rotations":[0,0,0,0,0,0,0,0],"colors":[7122329,6396809,8434380,6990537]},{"id":689,"name":"Mirror","type":10,"category":0,"actions":[],"coordinates":[[8348,12210]],"size":[1,1,523],"rotations":[0],"colors":[7122329,6396809,8434380,6990537]},{"id":1088,"name":"Chair","type":10,"category":0,"actions":[],"coordinates":[[8356,12202],[8360,12154],[8364,12194],[8364,12154],[8372,12154],[8376,12154]],"size":[1,1,523],"rotations":[0,0,0,0,0,0],"colors":[7122329,6396809,8434380,6990537]},{"id":887,"name":"Portrait","type":4,"category":0,"actions":[],"coordinates":[[8368,12210],[8380,12198]],"size":[1,1,523],"rotations":[0,0],"colors":[7122329,6396809,8434380,6990537]},{"id":350,"name":"Drawers","type":10,"category":0,"actions":["Open"],"coordinates":[[8368,12182],[8376,12186],[8376,12174],[8384,12174]],"size":[1,1,523],"rotations":[0,0,0,0],"colors":[7122329,6396809,8434380,6990537]},{"id":15050,"name":"Altar","type":10,"category":0,"actions":["Search"],"coordinates":[[8384,12164]],"size":[2,1,523],"rotations":[1],"colors":[7122329,6396809,8434380,6990537]},{"id":15057,"name":"Skeleton","type":10,"category":0,"actions":[],"coordinates":[[8384,12154]],"size":[1,1,523],"rotations":[0],"colors":[7122329,6396809,8434380,6990537]}]