[{"id":11041,"name":"Ladder","type":10,"category":0,"actions":["Climb-up"],"coordinates":[[8220,13206],[8252,13086],[8320,13194],[8388,13286],[8412,13114]],"size":[1,1,523],"rotations":[0,0,0,0,0],"colors":[7122329,6396809,8434380,6990537]},{"id":11068,"name":"Door","type":0,"category":0,"actions":["Open"],"coordinates":[[8220,13094]],"size":[1,1,523],"rotations":[0],"colors":[7122329,6396809,8434380,6990537]},{"id":11063,"name":"Pedestal","type":10,"category":0,"actions":["Take-sigil"],"coordinates":[[8224,13210]],"size":[1,1,523],"rotations":[0],"colors":[7122329,6396809,8434380,6990537]},{"id":11064,"name":"Door","type":0,"category":0,"actions":["Open"],"coordinates":[[8232,13282]],"size":[1,1,523],"rotations":[0],"colors":[7122329,6396809,8434380,6990537]},{"id":11053,"name":"Door","type":0,"category":0,"actions":["Open"],"coordinates":[[8292,13182]],"size":[1,1,523],"rotations":[0],"colors":[7122329,6396809,8434380,6990537]},{"id":11060,"name":"Pedestal","type":10,"category":0,"actions":["Take-sigil"],"coordinates":[[8292,13086]],"size":[1,1,523],"rotations":[0],"colors":[7122329,6396809,8434380,6990537]},{"id":11051,"name":"Door","type":0,"category":0,"actions":["Open"],"coordinates":[[8320,13210]],"size":[1,1,523],"rotations":[0],"colors":[7122329,6396809,8434380,6990537]},{"id":11055,"name":"Door","type":0,"category":0,"actions":["Open"],"coordinates":[[8320,13154]],"size":[1,1,523],"rotations":[0],"colors":[7122329,6396809,8434380,6990537]},{"id":11062,"name":"Pedestal","type":10,"category":0,"actions":["Take-sigil"],"coordinates":[[8348,13278]],"size":[1,1,523],"rotations":[0],"colors":[7122329,6396809,8434380,6990537]},{"id":11057,"name":"Door","type":0,"category":0,"actions":["Open"],"coordinates":[[8348,13182]],"size":[1,1,523],"rotations":[0],"colors":[7122329,6396809,8434380,6990537]},{"id":11066,"name":"Door","type":0,"category":0,"actions":["Open"],"coordinates":[[8408,13082]],"size":[1,1,523],"rotations":[0],"colors":[7122329,6396809,8434380,6990537]},{"id":11061,"name":"Pedestal","type":10,"category":0,"actions":["Take-sigil"],"coordinates":[[8416,13154]],"size":[1,1,523],"rotations":[0],"colors":[7122329,6396809,8434380,6990537]},{"id":11070,"name":"Door","type":0,"category":0,"actions":["Open"],"coordinates":[[8420,13270]],"size":[1,1,523],"rotations":[0],"colors":[7122329,6396809,8434380,6990537]},{"id":10986,"name":"Fallen statue","type":10,"category":0,"actions":[],"coordinates":[[8420,13130]],"size":[1,1,523],"rotations":[0],"colors":[7122329,6396809,8434380,6990537]}]