[{"id":59244,"name":"Lost supplies","type":10,"category":0,"actions":[],"coordinates":[[8212,39130],[8216,38978],[8232,38930],[8276,39090],[8380,39010]],"size":[1,1,523],"rotations":[0,0,0,0,0],"colors":[7122329,6396809,8434380,6990537]},{"id":60469,"name":"Barracuda shipwreck","type":10,"category":2348,"actions":[],"coordinates":[[8320,39064],[8416,39136]],"size":[3,2,523],"rotations":[0,0],"colors":[7122329,6396809,8434380,6990537]},{"id":40994,"name":"Barrel","type":11,"category":0,"actions":[],"coordinates":[[8420,39062],[8440,39062]],"size":[1,1,523],"rotations":[0,0],"colors":[7122329,6396809,8434380,6990537]},{"id":40995,"name":"Barrel","type":10,"category":0,"actions":[],"coordinates":[[8424,39062],[8428,39062],[8432,39118],[8432,39114],[8436,39114],[8436,39110],[8436,39106],[8440,39106]],"size":[1,1,523],"rotations":[0,0,0,0,0,0,0,0],"colors":[7122329,6396809,8434380,6990537]},{"id":22282,"name":"Locked door","type":10,"category":0,"actions":[],"coordinates":[[8428,39058]],"size":[1,1,523],"rotations":[0],"colors":[7122329,6396809,8434380,6990537]},{"id":22281,"name":"Locked door","type":10,"category":0,"actions":[],"coordinates":[[8432,39058]],"size":[1,1,523],"rotations":[0],"colors":[7122329,6396809,8434380,6990537]},{"id":22283,"name":"Locked door","type":10,"category":0,"actions":[],"coordinates":[[8436,39058]],"size":[1,1,523],"rotations":[0],"colors":[7122329,6396809,8434380,6990537]},{"id":41000,"name":"Water pump","type":10,"category":1508,"actions":["Use"],"coordinates":[[8444,39102]],"size":[1,1,523],"rotations":[0],"colors":[7122329,6396809,8434380,6990537]},{"id":41305,"name":"Rope ladder","type":10,"category":0,"actions":["Climb","Quick-climb","Solo-start"],"coordinates":[[8444,39068]],"size":[2,1,523],"rotations":[3],"colors":[7122329,6396809,8434380,6990537]}]