[{"id":11606,"name":"Standing torch","type":10,"category":0,"actions":[],"coordinates":[[8300,37778],[8308,37818],[8312,37758],[8316,37838],[8324,37742],[8340,37746],[8352,37838],[8368,37818],[8380,37754],[8384,37802],[8384,37778]],"size":[1,1,523],"rotations":[0,0,0,0,0,0,0,0,0,0,0],"colors":[7122329,6396809,8434380,6990537]},{"id":12544,"name":"Table","type":10,"category":155,"actions":[],"coordinates":[[8312,37774]],"size":[1,1,523],"rotations":[0],"colors":[7122329,6396809,8434380,6990537]},{"id":12536,"name":"Staircase","type":10,"category":0,"actions":["Climb-up"],"coordinates":[[8318,37792]],"size":[2,2,523],"rotations":[0],"colors":[7122329,6396809,8434380,6990537]},{"id":10820,"name":"Oak tree","type":10,"category":279,"actions":["Chop down"],"coordinates":[[8324,37826]],"size":[3,3,523],"rotations":[0],"colors":[7122329,6396809,8434380,6990537]},{"id":12540,"name":"Bookcase","type":10,"category":0,"actions":["Search"],"coordinates":[[8322,37798]],"size":[1,2,523],"rotations":[1],"colors":[7122329,6396809,8434380,6990537]},{"id":2147,"name":"Ladder","type":10,"category":0,"actions":["Climb-down"],"coordinates":[[8320,37782]],"size":[1,1,523],"rotations":[0],"colors":[7122329,6396809,8434380,6990537]},{"id":1278,"name":"Tree","type":10,"category":189,"actions":["Chop down"],"coordinates":[[8326,37748]],"size":[2,2,523],"rotations":[0],"colors":[7122329,6396809,8434380,6990537]},{"id":203,"name":"Candles","type":10,"category":0,"actions":[],"coordinates":[[8328,37774]],"size":[1,1,523],"rotations":[0],"colors":[7122329,6396809,8434380,6990537]},{"id":23972,"name":"Door","type":9,"category":167,"actions":["Open"],"coordinates":[[8332,37782],[8340,37762],[8348,37782]],"size":[1,1,523],"rotations":[0,0,0],"colors":[7122329,6396809,8434380,6990537]},{"id":29496,"name":"Fairy ring","type":10,"category":0,"actions":["Zanaris","Configure","Last-destination (AIP)"],"coordinates":[[8336,37834]],"size":[1,1,523],"rotations":[0],"colors":[7122329,6396809,8434380,6990537]},{"id":12539,"name":"Bookcase","type":10,"category":0,"actions":["Search"],"coordinates":[[8336,37808],[8340,37808],[8356,37796],[8356,37788],[8360,37796],[8360,37788]],"size":[1,2,523],"rotations":[2,0,2,2,0,0],"colors":[7122329,6396809,8434380,6990537]},{"id":910,"name":"Eye decoration","type":5,"category":0,"actions":[],"coordinates":[[8336,37762]],"size":[1,1,523],"rotations":[0],"colors":[7122329,6396809,8434380,6990537]},{"id":1019,"name":"Shelf","type":4,"category":0,"actions":[],"coordinates":[[8348,37814]],"size":[1,1,523],"rotations":[0],"colors":[7122329,6396809,8434380,6990537]},{"id":12543,"name":"Large table","type":10,"category":156,"actions":[],"coordinates":[[8348,37808],[8348,37792]],"size":[2,1,523],"rotations":[3,3],"colors":[7122329,6396809,8434380,6990537]},{"id":12683,"name":"Bridge","type":10,"category":0,"actions":[],"coordinates":[[8352,37742]],"size":[1,1,523],"rotations":[0],"colors":[7122329,6396809,8434380,6990537]},{"id":12684,"name":"Bridge","type":10,"category":0,"actions":[],"coordinates":[[8364,37742]],"size":[1,1,523],"rotations":[0],"colors":[7122329,6396809,8434380,6990537]},{"id":16016,"name":"Inconspicuous crate (easy)","type":10,"category":0,"actions":["Build"],"coordinates":[[8364,37654]],"size":[1,1,523],"rotations":[0],"colors":[7122329,6396809,8434380,6990537]},{"id":12547,"name":"Crate","type":10,"category":209,"actions":["Search"],"coordinates":[[8364,37642],[8368,37650]],"size":[1,1,523],"rotations":[0,0],"colors":[7122329,6396809,8434380,6990537]},{"id":5615,"name":"Bench","type":10,"category":0,"actions":[],"coordinates":[[8370,37770]],"size":[2,1,523],"rotations":[2],"colors":[7122329,6396809,8434380,6990537]},{"id":879,"name":"Fountain","type":10,"category":244,"actions":[],"coordinates":[[8370,37760]],"size":[2,2,523],"rotations":[0],"colors":[7122329,6396809,8434380,6990537]},{"id":9519,"name":"Barrel","type":10,"category":0,"actions":[],"coordinates":[[8368,37714]],"size":[1,1,523],"rotations":[0],"colors":[7122329,6396809,8434380,6990537]},{"id":12548,"name":"Crates","type":10,"category":209,"actions":["Search"],"coordinates":[[8368,37710],[8368,37646],[8368,37642]],"size":[1,1,523],"rotations":[0,0,0],"colors":[7122329,6396809,8434380,6990537]}]