[{"id":27095,"name":"Clan Cup portal","type":10,"category":0,"actions":["Use"],"coordinates":[[8532,11162]],"size":[1,1,523],"rotations":[0],"colors":[7122329,6396809,8434380,6990537]},{"id":202,"name":"Candles","type":10,"category":0,"actions":[],"coordinates":[[8652,11158],[8652,11134],[8664,11134],[8664,11130],[8676,11134],[8676,11130],[8688,11158],[8688,11134]],"size":[1,1,523],"rotations":[0,0,0,0,0,0,0,0],"colors":[7122329,6396809,8434380,6990537]},{"id":5108,"name":"Closed chest","type":10,"category":0,"actions":["Open"],"coordinates":[[8652,11154],[8652,11150],[8652,11146],[8664,11158],[8676,11158],[8684,11158],[8688,11154],[8688,11150]],"size":[1,1,523],"rotations":[0,0,0,0,0,0,0,0],"colors":[7122329,6396809,8434380,6990537]},{"id":5107,"name":"Crate","type":10,"category":0,"actions":["Search"],"coordinates":[[8652,11130],[8684,11130],[8688,11126]],"size":[1,1,523],"rotations":[0,0,0],"colors":[7122329,6396809,8434380,6990537]},{"id":3026,"name":"Shelves","type":10,"category":0,"actions":[],"coordinates":[[8652,11126],[8652,11110]],"size":[1,1,523],"rotations":[0,0],"colors":[7122329,6396809,8434380,6990537]},{"id":3028,"name":"Shelves","type":10,"category":0,"actions":[],"coordinates":[[8652,11118]],"size":[1,1,523],"rotations":[0],"colors":[7122329,6396809,8434380,6990537]},{"id":3027,"name":"Shelves","type":10,"category":0,"actions":[],"coordinates":[[8652,11114]],"size":[1,1,523],"rotations":[0],"colors":[7122329,6396809,8434380,6990537]},{"id":11805,"name":"Staircase","type":10,"category":638,"actions":["Climb-up"],"coordinates":[[8656,11096]],"size":[2,3,523],"rotations":[3],"colors":[7122329,6396809,8434380,6990537]},{"id":5109,"name":"Open chest","type":10,"category":0,"actions":["Search","Shut"],"coordinates":[[8656,11158],[8660,11158],[8680,11158]],"size":[1,1,523],"rotations":[0,0,0],"colors":[7122329,6396809,8434380,6990537]},{"id":2094,"name":"Bank table","type":10,"category":0,"actions":[],"coordinates":[[8656,11120],[8674,11110]],"size":[2,1,523],"rotations":[3,2],"colors":[7122329,6396809,8434380,6990537]},{"id":7433,"name":"Oak chair","type":10,"category":0,"actions":[],"coordinates":[[8660,11122],[8672,11106],[8676,11114],[8676,11106],[8688,11110]],"size":[1,1,523],"rotations":[0,0,0,0,0],"colors":[7122329,6396809,8434380,6990537]},{"id":7182,"name":"Chair","type":10,"category":0,"actions":[],"coordinates":[[8660,11118],[8672,11114]],"size":[1,1,523],"rotations":[0,0],"colors":[7122329,6396809,8434380,6990537]},{"id":7169,"name":"Table","type":10,"category":155,"actions":[],"coordinates":[[8668,11158],[8668,11150],[8672,11146],[8688,11142]],"size":[1,1,523],"rotations":[0,0,0,0],"colors":[7122329,6396809,8434380,6990537]},{"id":12115,"name":"Sacks","type":10,"category":0,"actions":[],"coordinates":[[8672,11158],[8672,11154],[8688,11138]],"size":[1,1,523],"rotations":[0,0,0],"colors":[7122329,6396809,8434380,6990537]},{"id":5083,"name":"Painting","type":4,"category":0,"actions":[],"coordinates":[[8676,11094]],"size":[1,1,523],"rotations":[0],"colors":[7122329,6396809,8434380,6990537]},{"id":5106,"name":"Crate","type":10,"category":209,"actions":["Search"],"coordinates":[[8680,11130]],"size":[1,1,523],"rotations":[0],"colors":[7122329,6396809,8434380,6990537]},{"id":5113,"name":"Crate","type":10,"category":209,"actions":["Search"],"coordinates":[[8688,11130]],"size":[1,1,523],"rotations":[0],"colors":[7122329,6396809,8434380,6990537]},{"id":5110,"name":"Crate","type":10,"category":209,"actions":["Search"],"coordinates":[[8688,11122]],"size":[1,1,523],"rotations":[0],"colors":[7122329,6396809,8434380,6990537]},{"id":5122,"name":"Barrel","type":10,"category":0,"actions":[],"coordinates":[[8688,11106]],"size":[1,1,523],"rotations":[0],"colors":[7122329,6396809,8434380,6990537]},{"id":5123,"name":"Barrel","type":10,"category":0,"actions":[],"coordinates":[[8688,11102]],"size":[1,1,523],"rotations":[0],"colors":[7122329,6396809,8434380,6990537]}]