[{"id":59786,"name":"Buoy","type":11,"category":2339,"actions":["Dock"],"coordinates":[[8578,40972]],"size":[2,2,523],"rotations":[0],"colors":[7122329,6396809,8434380,6990537]},{"id":59832,"name":"Gangplank","type":22,"category":0,"actions":["Board","Board-previous","Board-friend"],"coordinates":[[8600,40962]],"size":[1,1,523],"rotations":[0],"colors":[7122329,6396809,8434380,6990537]},{"id":59928,"name":"Ship's wheel","type":10,"category":0,"actions":[],"coordinates":[[8636,40974]],"size":[1,1,523],"rotations":[0],"colors":[7122329,6396809,8434380,6990537]},{"id":59911,"name":"Hoisted sail","type":10,"category":0,"actions":[],"coordinates":[[8644,40974]],"size":[1,1,523],"rotations":[0],"colors":[7122329,6396809,8434380,6990537]},{"id":60525,"name":"Gangplank","type":10,"category":0,"actions":["Cross"],"coordinates":[[8652,40966]],"size":[1,1,523],"rotations":[0],"colors":[7122329,6396809,8434380,6990537]},{"id":60524,"name":"Gangplank","type":10,"category":0,"actions":["Cross"],"coordinates":[[8652,40962]],"size":[1,1,523],"rotations":[0],"colors":[7122329,6396809,8434380,6990537]},{"id":59905,"name":"Figurehead","type":10,"category":0,"actions":[],"coordinates":[[8664,40974]],"size":[1,1,523],"rotations":[0],"colors":[7122329,6396809,8434380,6990537]},{"id":59910,"name":"Hoisted sail","type":10,"category":0,"actions":[],"coordinates":[[8678,40974]],"size":[8,1,523],"rotations":[2],"colors":[7122329,6396809,8434380,6990537]}]