[{"id":1394,"name":"Plant","type":10,"category":0,"actions":[],"coordinates":[[8450,38008],[8450,37932],[8458,37992],[8458,37928],[8462,38004],[8466,37948]],"size":[2,2,523],"rotations":[0,0,0,0,0,0],"colors":[7122329,6396809,8434380,6990537]},{"id":1088,"name":"Chair","type":10,"category":0,"actions":[],"coordinates":[[8452,38110],[8456,38106]],"size":[1,1,523],"rotations":[0,0],"colors":[7122329,6396809,8434380,6990537]},{"id":908,"name":"Magical symbol","type":7,"category":0,"actions":[],"coordinates":[[8452,38102],[8452,38066],[8472,38102],[8472,38066]],"size":[1,1,523],"rotations":[0,0,0,0],"colors":[7122329,6396809,8434380,6990537]},{"id":1165,"name":"Mushroom","type":10,"category":0,"actions":[],"coordinates":[[8452,38038],[8452,38022]],"size":[1,1,523],"rotations":[0,0],"colors":[7122329,6396809,8434380,6990537]},{"id":1166,"name":"Mushrooms","type":10,"category":0,"actions":[],"coordinates":[[8452,38026],[8456,38022],[8460,38034]],"size":[1,1,523],"rotations":[0,0,0],"colors":[7122329,6396809,8434380,6990537]},{"id":9734,"name":"Oak tree","type":10,"category":0,"actions":["Chop down"],"coordinates":[[8456,37914],[8476,37994],[8476,37978],[8480,38122],[8488,38054],[8488,38002],[8488,37990],[8496,38066],[8496,38018],[8544,38118],[8548,38090]],"size":[3,3,523],"rotations":[0,0,0,0,0,0,0,0,0,0,0],"colors":[7122329,6396809,8434380,6990537]},{"id":604,"name":"Table","type":10,"category":154,"actions":[],"coordinates":[[8456,38122]],"size":[1,1,523],"rotations":[0],"colors":[7122329,6396809,8434380,6990537]},{"id":304,"name":"Hay bale","type":10,"category":0,"actions":["Search"],"coordinates":[[8456,38046],[8460,38046]],"size":[1,1,523],"rotations":[0,0],"colors":[7122329,6396809,8434380,6990537]},{"id":16683,"name":"Ladder","type":10,"category":0,"actions":["Climb-up"],"coordinates":[[8460,38118]],"size":[1,1,523],"rotations":[0],"colors":[7122329,6396809,8434380,6990537]},{"id":1535,"name":"Door","type":0,"category":0,"actions":["Open"],"coordinates":[[8460,38106]],"size":[1,1,523],"rotations":[0],"colors":[7122329,6396809,8434380,6990537]},{"id":907,"name":"Charms","type":6,"category":0,"actions":[],"coordinates":[[8460,38094],[8460,38074]],"size":[1,1,523],"rotations":[0,0],"colors":[7122329,6396809,8434380,6990537]},{"id":683,"name":"Grandfather Clock","type":10,"category":0,"actions":[],"coordinates":[[8464,38106]],"size":[1,1,523],"rotations":[0],"colors":[7122329,6396809,8434380,6990537]},{"id":9730,"name":"Tree","type":11,"category":0,"actions":["Chop down"],"coordinates":[[8466,37924],[8490,38120],[8498,38124]],"size":[2,2,523],"rotations":[0,0,0],"colors":[7122329,6396809,8434380,6990537]},{"id":1102,"name":"Stool","type":10,"category":0,"actions":[],"coordinates":[[8468,38110]],"size":[1,1,523],"rotations":[0],"colors":[7122329,6396809,8434380,6990537]},{"id":595,"name":"Table","type":10,"category":156,"actions":[],"coordinates":[[8472,38084]],"size":[2,1,523],"rotations":[3],"colors":[7122329,6396809,8434380,6990537]},{"id":904,"name":"Dragon's head","type":4,"category":0,"actions":[],"coordinates":[[8476,38094],[8476,38074]],"size":[1,1,523],"rotations":[0,0],"colors":[7122329,6396809,8434380,6990537]},{"id":724,"name":"Standing torch","type":10,"category":0,"actions":[],"coordinates":[[8476,38090],[8476,38078]],"size":[1,1,523],"rotations":[0,0],"colors":[7122329,6396809,8434380,6990537]},{"id":1020,"name":"Shelf","type":4,"category":0,"actions":[],"coordinates":[[8476,38086]],"size":[1,1,523],"rotations":[0],"colors":[7122329,6396809,8434380,6990537]},{"id":1019,"name":"Shelf","type":4,"category":0,"actions":[],"coordinates":[[8476,38082]],"size":[1,1,523],"rotations":[0],"colors":[7122329,6396809,8434380,6990537]},{"id":9733,"name":"Tree","type":10,"category":0,"actions":["Chop down"],"coordinates":[[8518,38116],[8522,38124],[8538,38036],[8542,37972],[8546,37980]],"size":[2,2,523],"rotations":[0,0,0,0,0],"colors":[7122329,6396809,8434380,6990537]}]