[{"id":14712,"name":"Bones","type":10,"category":0,"actions":[],"coordinates":[[8454,34744]],"size":[2,2,523],"rotations":[0],"colors":[7122329,6396809,8434380,6990537]},{"id":14706,"name":"Bones","type":10,"category":0,"actions":[],"coordinates":[[8456,34638]],"size":[1,1,523],"rotations":[0],"colors":[7122329,6396809,8434380,6990537]},{"id":14711,"name":"Bones","type":10,"category":0,"actions":[],"coordinates":[[8462,34808]],"size":[2,2,523],"rotations":[0],"colors":[7122329,6396809,8434380,6990537]},{"id":14738,"name":"Tree","type":10,"category":0,"actions":[],"coordinates":[[8468,34674],[8472,34718],[8476,34754],[8500,34654],[8508,34702],[8512,34782],[8512,34606],[8528,34718],[8528,34678],[8532,34646],[8552,34802],[8560,34650],[8572,34706],[8572,34622],[8592,34774],[8596,34742],[8596,34666]],"size":[1,1,523],"rotations":[0,0,0,0,0,0,0,0,0,0,0,0,0,0,0,0,0],"colors":[7122329,6396809,8434380,6990537]},{"id":14713,"name":"Bones","type":10,"category":0,"actions":[],"coordinates":[[8474,34640]],"size":[2,2,523],"rotations":[0],"colors":[7122329,6396809,8434380,6990537]},{"id":14703,"name":"Skeleton","type":10,"category":0,"actions":[],"coordinates":[[8516,34742],[8520,34706],[8544,34650]],"size":[1,1,523],"rotations":[0,0,0],"colors":[7122329,6396809,8434380,6990537]},{"id":9472,"name":"Lever","type":5,"category":0,"actions":["Pull"],"coordinates":[[8516,34738]],"size":[1,1,523],"rotations":[0],"colors":[7122329,6396809,8434380,6990537]},{"id":14707,"name":"Bones","type":10,"category":0,"actions":[],"coordinates":[[8520,34590]],"size":[1,1,523],"rotations":[0],"colors":[7122329,6396809,8434380,6990537]},{"id":14704,"name":"Skeleton","type":10,"category":0,"actions":[],"coordinates":[[8532,34734]],"size":[1,1,523],"rotations":[0],"colors":[7122329,6396809,8434380,6990537]},{"id":1287,"name":"Dead tree","type":10,"category":189,"actions":[],"coordinates":[[8532,34626]],"size":[1,1,523],"rotations":[0],"colors":[7122329,6396809,8434380,6990537]},{"id":733,"name":"Web","type":10,"category":0,"actions":["Slash"],"coordinates":[[8536,34626]],"size":[1,1,523],"rotations":[0],"colors":[7122329,6396809,8434380,6990537]},{"id":14705,"name":"Skeleton","type":10,"category":0,"actions":[],"coordinates":[[8542,34750]],"size":[2,1,523],"rotations":[0],"colors":[7122329,6396809,8434380,6990537]},{"id":1288,"name":"Dead tree","type":10,"category":189,"actions":[],"coordinates":[[8540,34626]],"size":[1,1,523],"rotations":[0],"colors":[7122329,6396809,8434380,6990537]},{"id":14714,"name":"Bones","type":10,"category":0,"actions":[],"coordinates":[[8590,34592]],"size":[2,2,523],"rotations":[0],"colors":[7122329,6396809,8434380,6990537]},{"id":10834,"name":"Magic tree","type":10,"category":290,"actions":["Chop down"],"coordinates":[[8602,34716],[8626,34712],[8662,34728]],"size":[2,2,523],"rotations":[0,0,0],"colors":[7122329,6396809,8434380,6990537]},{"id":10822,"name":"Yew tree","type":10,"category":288,"actions":["Chop down"],"coordinates":[[8604,34694],[8632,34686],[8680,34674],[8684,34710]],"size":[3,3,523],"rotations":[0,0,0,0],"colors":[7122329,6396809,8434380,6990537]},{"id":14708,"name":"Bones","type":10,"category":0,"actions":[],"coordinates":[[8600,34614]],"size":[1,1,523],"rotations":[0],"colors":[7122329,6396809,8434380,6990537]},{"id":11364,"name":"Iron rocks","type":10,"category":218,"actions":["Mine"],"coordinates":[[8604,34730],[8604,34722],[8608,34726],[8612,34730],[8612,34722],[8680,34694]],"size":[1,1,523],"rotations":[0,0,0,0,0,0],"colors":[7122329,6396809,8434380,6990537]},{"id":11366,"name":"Coal rocks","type":10,"category":200,"actions":["Mine"],"coordinates":[[8604,34674],[8604,34666],[8608,34670],[8612,34674],[8612,34666],[8664,34666],[8664,34658],[8668,34662],[8672,34666],[8672,34658],[8676,34698]],"size":[1,1,523],"rotations":[0,0,0,0,0,0,0,0,0,0,0],"colors":[7122329,6396809,8434380,6990537]},{"id":14578,"name":"Bones","type":10,"category":0,"actions":[],"coordinates":[[8620,34702]],"size":[1,1,523],"rotations":[0],"colors":[7122329,6396809,8434380,6990537]},{"id":14526,"name":"Bones","type":10,"category":0,"actions":[],"coordinates":[[8624,34662],[8668,34702]],"size":[1,1,523],"rotations":[0,0],"colors":[7122329,6396809,8434380,6990537]},{"id":11370,"name":"Gold rocks","type":10,"category":199,"actions":["Mine"],"coordinates":[[8632,34666],[8636,34670],[8640,34666],[8684,34698]],"size":[1,1,523],"rotations":[0,0,0,0],"colors":[7122329,6396809,8434380,6990537]},{"id":26759,"name":"Artefacts","type":10,"category":0,"actions":[],"coordinates":[[8632,34650]],"size":[1,1,523],"rotations":[0],"colors":[7122329,6396809,8434380,6990537]},{"id":14584,"name":"Bones","type":10,"category":0,"actions":[],"coordinates":[[8638,34700]],"size":[2,2,523],"rotations":[0],"colors":[7122329,6396809,8434380,6990537]},{"id":26760,"name":"Gate","type":0,"category":0,"actions":["Open","Peek"],"coordinates":[[8640,34654]],"size":[1,1,523],"rotations":[0],"colors":[7122329,6396809,8434380,6990537]},{"id":28952,"name":"Inconspicuous hole (master)","type":10,"category":0,"actions":["Build"],"coordinates":[[8648,34598]],"size":[1,1,523],"rotations":[0],"colors":[7122329,6396809,8434380,6990537]},{"id":11735,"name":"Chest","type":10,"category":0,"actions":["Open","Search for traps"],"coordinates":[[8656,34582],[8660,34582],[8676,34582]],"size":[1,1,523],"rotations":[0,0,0],"colors":[7122329,6396809,8434380,6990537]},{"id":2097,"name":"Anvil","type":10,"category":772,"actions":["Smith"],"coordinates":[[8664,34678]],"size":[1,1,523],"rotations":[0],"colors":[7122329,6396809,8434380,6990537]},{"id":11726,"name":"Door","type":0,"category":0,"actions":["Open","Pick-lock"],"coordinates":[[8664,34602],[8668,34578]],"size":[1,1,523],"rotations":[0,0],"colors":[7122329,6396809,8434380,6990537]},{"id":26300,"name":"Furnace","type":10,"category":215,"actions":["Smelt"],"coordinates":[[8668,34686]],"size":[1,1,523],"rotations":[0],"colors":[7122329,6396809,8434380,6990537]},{"id":11374,"name":"Adamantite rocks","type":10,"category":197,"actions":["Mine"],"coordinates":[[8672,34730],[8672,34722],[8676,34726],[8676,34690],[8680,34730],[8680,34722]],"size":[1,1,523],"rotations":[0,0,0,0,0,0],"colors":[7122329,6396809,8434380,6990537]},{"id":909,"name":"Plaque","type":4,"category":0,"actions":[],"coordinates":[[8680,34590]],"size":[1,1,523],"rotations":[0],"colors":[7122329,6396809,8434380,6990537]},{"id":11372,"name":"Mithril rocks","type":10,"category":252,"actions":["Mine"],"coordinates":[[8684,34690]],"size":[1,1,523],"rotations":[0],"colors":[7122329,6396809,8434380,6990537]},{"id":14605,"name":"Bones","type":10,"category":0,"actions":[],"coordinates":[[8684,34658]],"size":[1,1,523],"rotations":[0],"colors":[7122329,6396809,8434380,6990537]}]