[{"id":58981,"name":"Lost supplies","type":10,"category":0,"actions":[],"coordinates":[[8484,26266],[8512,26314],[8516,26234],[8524,26150],[8528,26346],[8528,26286],[8588,26242]],"size":[1,1,523],"rotations":[0,0,0,0,0,0,0],"colors":[7122329,6396809,8434380,6990537]},{"id":60469,"name":"Barracuda shipwreck","type":10,"category":2348,"actions":[],"coordinates":[[8536,26256],[8622,26298]],"size":[3,2,523],"rotations":[2,1],"colors":[7122329,6396809,8434380,6990537]},{"id":59335,"name":"Elven river mine","type":10,"category":2317,"actions":["Chart"],"coordinates":[[8628,26326]],"size":[1,1,523],"rotations":[0],"colors":[7122329,6396809,8434380,6990537]},{"id":58936,"name":"Crystal of Ithell","type":10,"category":0,"actions":[],"coordinates":[[8632,26266]],"size":[1,1,523],"rotations":[0],"colors":[7122329,6396809,8434380,6990537]},{"id":59832,"name":"Gangplank","type":22,"category":0,"actions":["Board","Board-previous","Board-friend"],"coordinates":[[8632,26126]],"size":[1,1,523],"rotations":[0],"colors":[7122329,6396809,8434380,6990537]},{"id":60316,"name":"Crate","type":10,"category":0,"actions":[],"coordinates":[[8648,26118]],"size":[1,1,523],"rotations":[0],"colors":[7122329,6396809,8434380,6990537]},{"id":60308,"name":"Notice board","type":10,"category":2344,"actions":["Inspect"],"coordinates":[[8656,26118]],"size":[3,1,523],"rotations":[0],"colors":[7122329,6396809,8434380,6990537]},{"id":3886,"name":"Tree","type":10,"category":0,"actions":[],"coordinates":[[8660,26334],[8664,26330],[8668,26266],[8672,26270],[8676,26258],[8680,26350],[8684,26274],[8688,26282],[8688,26270],[8692,26314],[8696,26278],[8696,26262]],"size":[1,1,523],"rotations":[0,0,0,0,0,0,0,0,0,0,0,0],"colors":[7122329,6396809,8434380,6990537]},{"id":59798,"name":"Buoy","type":11,"category":2339,"actions":["Dock"],"coordinates":[[8662,26136]],"size":[2,2,523],"rotations":[0],"colors":[7122329,6396809,8434380,6990537]},{"id":50902,"name":"Bank Deposit Box","type":10,"category":276,"actions":["Deposit"],"coordinates":[[8664,26118]],"size":[1,1,523],"rotations":[0],"colors":[7122329,6396809,8434380,6990537]},{"id":36679,"name":"Tree","type":10,"category":189,"actions":["Chop down"],"coordinates":[[8672,26298],[8684,26330],[8684,26262],[8696,26334],[8696,26322],[8696,26270]],"size":[3,3,523],"rotations":[0,0,0,0,0,0],"colors":[7122329,6396809,8434380,6990537]},{"id":36677,"name":"Tree","type":10,"category":189,"actions":["Chop down"],"coordinates":[[8674,26264],[8694,26256]],"size":[2,2,523],"rotations":[0,0],"colors":[7122329,6396809,8434380,6990537]},{"id":36674,"name":"Tree","type":10,"category":189,"actions":["Chop down"],"coordinates":[[8680,26166],[8692,26186],[8692,26138]],"size":[3,3,523],"rotations":[0,0,0],"colors":[7122329,6396809,8434380,6990537]},{"id":36672,"name":"Tree","type":10,"category":189,"actions":["Chop down"],"coordinates":[[8682,26180],[8682,26156],[8690,26200],[8690,26172],[8694,26152],[8698,26164]],"size":[2,2,523],"rotations":[0,0,0,0,0,0],"colors":[7122329,6396809,8434380,6990537]},{"id":60463,"name":"Salvaging station","type":10,"category":2346,"actions":["Sort-salvage"],"coordinates":[[8684,26126]],"size":[3,1,523],"rotations":[2],"colors":[7122329,6396809,8434380,6990537]},{"id":60318,"name":"Barrel of fish","type":10,"category":0,"actions":[],"coordinates":[[8680,26114]],"size":[1,1,523],"rotations":[0],"colors":[7122329,6396809,8434380,6990537]},{"id":11933,"name":"Rockslide","type":10,"category":0,"actions":[],"coordinates":[[8698,26228],[8698,26128],[8702,26192],[8702,26184],[8702,26136]],"size":[2,2,523],"rotations":[0,0,0,0,0],"colors":[7122329,6396809,8434380,6990537]}]