[{"id":202,"name":"Candles","type":11,"category":0,"actions":[],"coordinates":[[8824,11242],[8824,11222],[8868,11242],[8868,11222],[8868,11206]],"size":[1,1,523],"rotations":[0,0,0,0,0],"colors":[7122329,6396809,8434380,6990537]},{"id":60614,"name":"Crate","type":10,"category":0,"actions":["Search"],"coordinates":[[8832,11242]],"size":[1,1,523],"rotations":[0],"colors":[7122329,6396809,8434380,6990537]},{"id":11804,"name":"Ladder","type":10,"category":0,"actions":["Climb-up"],"coordinates":[[8832,11222]],"size":[1,1,523],"rotations":[0],"colors":[7122329,6396809,8434380,6990537]},{"id":60612,"name":"Crate","type":10,"category":0,"actions":["Search"],"coordinates":[[8836,11242]],"size":[1,1,523],"rotations":[0],"colors":[7122329,6396809,8434380,6990537]},{"id":2784,"name":"Sword cabinet","type":10,"category":0,"actions":[],"coordinates":[[8838,11222],[8846,11242]],"size":[1,2,523],"rotations":[1,3],"colors":[7122329,6396809,8434380,6990537]},{"id":5123,"name":"Barrel","type":10,"category":0,"actions":[],"coordinates":[[8844,11222]],"size":[1,1,523],"rotations":[0],"colors":[7122329,6396809,8434380,6990537]},{"id":60609,"name":"Crate","type":10,"category":0,"actions":["Search"],"coordinates":[[8848,11222]],"size":[1,1,523],"rotations":[0],"colors":[7122329,6396809,8434380,6990537]},{"id":60611,"name":"Crate","type":10,"category":0,"actions":["Search"],"coordinates":[[8852,11218]],"size":[1,1,523],"rotations":[0],"colors":[7122329,6396809,8434380,6990537]},{"id":5114,"name":"Barrel","type":10,"category":0,"actions":[],"coordinates":[[8852,11210]],"size":[1,1,523],"rotations":[0],"colors":[7122329,6396809,8434380,6990537]},{"id":5107,"name":"Crate","type":10,"category":0,"actions":["Search"],"coordinates":[[8852,11206],[8860,11206]],"size":[1,1,523],"rotations":[0,0],"colors":[7122329,6396809,8434380,6990537]},{"id":7420,"name":"Cabinet","type":10,"category":0,"actions":[],"coordinates":[[8856,11242]],"size":[1,1,523],"rotations":[0],"colors":[7122329,6396809,8434380,6990537]},{"id":5110,"name":"Crate","type":10,"category":209,"actions":["Search"],"coordinates":[[8856,11210],[8864,11206],[8868,11214]],"size":[1,1,523],"rotations":[0,0,0],"colors":[7122329,6396809,8434380,6990537]},{"id":60608,"name":"Crate","type":10,"category":0,"actions":["Search"],"coordinates":[[8856,11206]],"size":[1,1,523],"rotations":[0],"colors":[7122329,6396809,8434380,6990537]},{"id":7419,"name":"Cabinet","type":10,"category":0,"actions":[],"coordinates":[[8860,11242]],"size":[1,1,523],"rotations":[0],"colors":[7122329,6396809,8434380,6990537]},{"id":834,"name":"Sword cabinet","type":10,"category":0,"actions":[],"coordinates":[[8868,11232]],"size":[1,2,523],"rotations":[2],"colors":[7122329,6396809,8434380,6990537]},{"id":60613,"name":"Crate","type":10,"category":0,"actions":["Search"],"coordinates":[[8868,11218]],"size":[1,1,523],"rotations":[0],"colors":[7122329,6396809,8434380,6990537]},{"id":60610,"name":"Crate","type":10,"category":0,"actions":["Search"],"coordinates":[[8868,11210]],"size":[1,1,523],"rotations":[0],"colors":[7122329,6396809,8434380,6990537]}]