[{"id":5083,"name":"Painting","type":4,"category":0,"actions":[],"coordinates":[[8836,11378],[8920,11362]],"size":[1,1,523],"rotations":[0,0],"colors":[7122329,6396809,8434380,6990537]},{"id":14855,"name":"Bed","type":10,"category":0,"actions":[],"coordinates":[[8838,11378],[8838,11370],[8900,11368],[8908,11368]],"size":[1,2,523],"rotations":[3,3,2,2],"colors":[7122329,6396809,8434380,6990537]},{"id":5084,"name":"Painting","type":4,"category":0,"actions":[],"coordinates":[[8836,11370]],"size":[1,1,523],"rotations":[0],"colors":[7122329,6396809,8434380,6990537]},{"id":7194,"name":"Drawers","type":10,"category":0,"actions":["Open"],"coordinates":[[8836,11366],[8864,11386]],"size":[1,1,523],"rotations":[0,0],"colors":[7122329,6396809,8434380,6990537]},{"id":2403,"name":"Chest","type":10,"category":0,"actions":["Open"],"coordinates":[[8844,11386]],"size":[1,1,523],"rotations":[0],"colors":[7122329,6396809,8434380,6990537]},{"id":14851,"name":"Table","type":10,"category":156,"actions":[],"coordinates":[[8854,11386],[8872,11376],[8896,11324]],"size":[2,1,523],"rotations":[2,1,1],"colors":[7122329,6396809,8434380,6990537]},{"id":14853,"name":"Chair","type":10,"category":0,"actions":[],"coordinates":[[8856,11382]],"size":[1,1,523],"rotations":[0],"colors":[7122329,6396809,8434380,6990537]},{"id":11780,"name":"Door","type":0,"category":167,"actions":["Open"],"coordinates":[[8856,11362],[8900,11334],[8904,11350]],"size":[1,1,523],"rotations":[0,0,0],"colors":[7122329,6396809,8434380,6990537]},{"id":724,"name":"Standing torch","type":10,"category":0,"actions":[],"coordinates":[[8864,11358]],"size":[1,1,523],"rotations":[0],"colors":[7122329,6396809,8434380,6990537]},{"id":5106,"name":"Crate","type":10,"category":209,"actions":["Search"],"coordinates":[[8864,11302]],"size":[1,1,523],"rotations":[0],"colors":[7122329,6396809,8434380,6990537]},{"id":5110,"name":"Crate","type":10,"category":209,"actions":["Search"],"coordinates":[[8864,11294],[8868,11366],[8872,11362]],"size":[1,1,523],"rotations":[0,0,0],"colors":[7122329,6396809,8434380,6990537]},{"id":5113,"name":"Crate","type":10,"category":209,"actions":["Search"],"coordinates":[[8868,11362]],"size":[1,1,523],"rotations":[0],"colors":[7122329,6396809,8434380,6990537]},{"id":3045,"name":"Crate","type":10,"category":0,"actions":[],"coordinates":[[8868,11290]],"size":[1,1,523],"rotations":[0],"colors":[7122329,6396809,8434380,6990537]},{"id":7168,"name":"Stool","type":10,"category":0,"actions":[],"coordinates":[[8880,11350]],"size":[1,1,523],"rotations":[0],"colors":[7122329,6396809,8434380,6990537]},{"id":2405,"name":"Ladder","type":10,"category":0,"actions":["Climb-up"],"coordinates":[[8880,11298]],"size":[1,1,523],"rotations":[0],"colors":[7122329,6396809,8434380,6990537]},{"id":2333,"name":"Table","type":10,"category":155,"actions":[],"coordinates":[[8884,11350]],"size":[1,1,523],"rotations":[0],"colors":[7122329,6396809,8434380,6990537]},{"id":5108,"name":"Closed chest","type":10,"category":0,"actions":["Open"],"coordinates":[[8892,11370],[8896,11370]],"size":[1,1,523],"rotations":[0,0],"colors":[7122329,6396809,8434380,6990537]},{"id":7169,"name":"Table","type":10,"category":155,"actions":[],"coordinates":[[8892,11346]],"size":[1,1,523],"rotations":[0],"colors":[7122329,6396809,8434380,6990537]},{"id":7167,"name":"Stool","type":10,"category":0,"actions":[],"coordinates":[[8892,11342],[8916,11366]],"size":[1,1,523],"rotations":[0,0],"colors":[7122329,6396809,8434380,6990537]},{"id":2397,"name":"Door","type":0,"category":0,"actions":["Open"],"coordinates":[[8892,11314]],"size":[1,1,523],"rotations":[0],"colors":[7122329,6396809,8434380,6990537]},{"id":2998,"name":"Table","type":10,"category":154,"actions":[],"coordinates":[[8916,11360]],"size":[2,1,523],"rotations":[3],"colors":[7122329,6396809,8434380,6990537]}]