[{"id":20341,"name":"Gate","type":10,"category":0,"actions":["Open"],"coordinates":[[8964,39292]],"size":[2,1,523],"rotations":[3],"colors":[7122329,6396809,8434380,6990537]},{"id":6578,"name":"Tree","type":10,"category":0,"actions":[],"coordinates":[[8966,39248],[8974,39336],[8978,39416],[8994,39216],[8998,39228],[9002,39344],[9010,39252],[9014,39396],[9026,39204],[9046,39300],[9050,39204],[9066,39404],[9094,39224],[9110,39268],[9114,39384],[9130,39292],[9138,39264],[9146,39392]],"size":[2,2,523],"rotations":[0,0,0,0,0,0,0,0,0,0,0,0,0,0,0,0,0,0],"colors":[7122329,6396809,8434380,6990537]},{"id":1361,"name":"Tropical tree","type":10,"category":0,"actions":[],"coordinates":[[8976,39218],[8984,39382]],"size":[7,7,523],"rotations":[0,0],"colors":[7122329,6396809,8434380,6990537]},{"id":1360,"name":"Tropical tree","type":10,"category":0,"actions":[],"coordinates":[[8964,39218],[8972,39382]],"size":[1,1,523],"rotations":[0,0],"colors":[7122329,6396809,8434380,6990537]},{"id":579,"name":"Statue","type":10,"category":0,"actions":[],"coordinates":[[8968,39306],[8968,39278]],"size":[1,1,523],"rotations":[0,0],"colors":[7122329,6396809,8434380,6990537]},{"id":5606,"name":"Rock","type":10,"category":0,"actions":[],"coordinates":[[8974,39228],[8986,39180],[8990,39272],[9002,39316]],"size":[2,2,523],"rotations":[0,0,0,0],"colors":[7122329,6396809,8434380,6990537]},{"id":5605,"name":"Rock","type":10,"category":0,"actions":[],"coordinates":[[8984,39394],[8984,39258],[8984,39174],[8988,39414],[9000,39370]],"size":[1,1,523],"rotations":[0,0,0,0,0],"colors":[7122329,6396809,8434380,6990537]},{"id":5604,"name":"Rock","type":10,"category":0,"actions":[],"coordinates":[[8986,39264],[8990,39408],[8998,39360]],"size":[2,2,523],"rotations":[0,0,0],"colors":[7122329,6396809,8434380,6990537]},{"id":1326,"name":"Tropical tree","type":10,"category":0,"actions":[],"coordinates":[[9012,39410]],"size":[1,1,523],"rotations":[0],"colors":[7122329,6396809,8434380,6990537]},{"id":1327,"name":"Tropical tree","type":10,"category":0,"actions":[],"coordinates":[[9012,39410]],"size":[1,1,523],"rotations":[0],"colors":[7122329,6396809,8434380,6990537]},{"id":20353,"name":"Ladder","type":10,"category":0,"actions":["Climb-up"],"coordinates":[[9016,39358],[9036,39410],[9040,39358],[9160,39414],[9168,39362],[9172,39282]],"size":[1,1,523],"rotations":[0,0,0,0,0,0],"colors":[7122329,6396809,8434380,6990537]},{"id":20369,"name":"Boxes","type":10,"category":242,"actions":["Search"],"coordinates":[[9020,39286],[9024,39302],[9024,39282],[9152,39326],[9152,39322]],"size":[1,1,523],"rotations":[0,0,0,0,0],"colors":[7122329,6396809,8434380,6990537]},{"id":20358,"name":"Sink","type":10,"category":0,"actions":[],"coordinates":[[9026,39418],[9158,39378],[9162,39390],[9176,39296]],"size":[1,2,523],"rotations":[3,3,3,2],"colors":[7122329,6396809,8434380,6990537]},{"id":5609,"name":"Cooking Pots","type":10,"category":0,"actions":[],"coordinates":[[9024,39414],[9032,39418],[9156,39374],[9172,39366],[9172,39322]],"size":[1,1,523],"rotations":[0,0,0,0,0],"colors":[7122329,6396809,8434380,6990537]},{"id":20362,"name":"Shelf","type":5,"category":0,"actions":[],"coordinates":[[9024,39410],[9156,39398],[9164,39414],[9172,39338],[9172,39278]],"size":[1,1,523],"rotations":[0,0,0,0,0],"colors":[7122329,6396809,8434380,6990537]},{"id":20352,"name":"Chair","type":10,"category":0,"actions":[],"coordinates":[[9024,39406],[9028,39402],[9152,39338],[9156,39338],[9164,39402],[9168,39406],[9168,39398],[9176,39290],[9176,39286]],"size":[1,1,523],"rotations":[0,0,0,0,0,0,0,0,0],"colors":[7122329,6396809,8434380,6990537]},{"id":20343,"name":"Cart","type":10,"category":0,"actions":[],"coordinates":[[9026,39394],[9156,39256]],"size":[2,3,523],"rotations":[2,1],"colors":[7122329,6396809,8434380,6990537]},{"id":20377,"name":"Altar","type":10,"category":897,"actions":["Pray-at"],"coordinates":[[9028,39334]],"size":[3,1,523],"rotations":[0],"colors":[7122329,6396809,8434380,6990537]},{"id":20348,"name":"Spice stall","type":10,"category":0,"actions":["Search"],"coordinates":[[9038,39396]],"size":[2,2,523],"rotations":[0],"colors":[7122329,6396809,8434380,6990537]},{"id":21253,"name":"An anonymous looking door","type":10,"category":0,"actions":["Search"],"coordinates":[[9038,39252]],"size":[2,2,523],"rotations":[0],"colors":[7122329,6396809,8434380,6990537]},{"id":44036,"name":"Gate","type":0,"category":0,"actions":["Open"],"coordinates":[[9036,39194]],"size":[1,1,523],"rotations":[0],"colors":[7122329,6396809,8434380,6990537]},{"id":44035,"name":"Railing","type":0,"category":0,"actions":[],"coordinates":[[9036,39194],[9040,39194],[9192,39386]],"size":[1,1,523],"rotations":[0,0,0],"colors":[7122329,6396809,8434380,6990537]},{"id":44038,"name":"Gate","type":0,"category":0,"actions":["Open"],"coordinates":[[9040,39194]],"size":[1,1,523],"rotations":[0],"colors":[7122329,6396809,8434380,6990537]},{"id":7391,"name":"Rolled up rug","type":10,"category":0,"actions":[],"coordinates":[[9048,39182]],"size":[1,1,523],"rotations":[0],"colors":[7122329,6396809,8434380,6990537]},{"id":7393,"name":"Little tent","type":10,"category":0,"actions":[],"coordinates":[[9052,39186]],"size":[1,1,523],"rotations":[0],"colors":[7122329,6396809,8434380,6990537]},{"id":366,"name":"Crate","type":10,"category":0,"actions":["Search"],"coordinates":[[9052,39170]],"size":[1,1,523],"rotations":[0],"colors":[7122329,6396809,8434380,6990537]},{"id":20987,"name":"An anonymous looking door","type":10,"category":0,"actions":["Search"],"coordinates":[[9058,39272]],"size":[2,2,523],"rotations":[0],"colors":[7122329,6396809,8434380,6990537]},{"id":20974,"name":"An anonymous looking door","type":10,"category":0,"actions":["Search"],"coordinates":[[9058,39232]],"size":[2,2,523],"rotations":[0],"colors":[7122329,6396809,8434380,6990537]},{"id":20349,"name":"Market stall","type":10,"category":0,"actions":[],"coordinates":[[9058,39204],[9086,39204],[9122,39344],[9142,39340],[9154,39312]],"size":[2,2,523],"rotations":[0,0,0,0,0],"colors":[7122329,6396809,8434380,6990537]},{"id":7392,"name":"Rolled up rugs","type":10,"category":0,"actions":[],"coordinates":[[9056,39176]],"size":[1,2,523],"rotations":[2],"colors":[7122329,6396809,8434380,6990537]},{"id":28936,"name":"Inconspicuous hole (hard)","type":10,"category":0,"actions":["Build"],"coordinates":[[9068,39310]],"size":[1,1,523],"rotations":[0],"colors":[7122329,6396809,8434380,6990537]},{"id":20977,"name":"An anonymous looking door","type":10,"category":0,"actions":["Search"],"coordinates":[[9078,39252]],"size":[2,2,523],"rotations":[0],"colors":[7122329,6396809,8434380,6990537]},{"id":6614,"name":"Door","type":10,"category":0,"actions":["Open"],"coordinates":[[9082,39314]],"size":[2,3,523],"rotations":[2],"colors":[7122329,6396809,8434380,6990537]},{"id":44075,"name":"Cactus","type":10,"category":0,"actions":[],"coordinates":[[9096,39174],[9208,39174]],"size":[1,1,523],"rotations":[0,0],"colors":[7122329,6396809,8434380,6990537]},{"id":44071,"name":"Cactus","type":10,"category":0,"actions":[],"coordinates":[[9100,39178]],"size":[1,1,523],"rotations":[0],"colors":[7122329,6396809,8434380,6990537]},{"id":6613,"name":"Mirror","type":10,"category":0,"actions":[],"coordinates":[[9112,39410]],"size":[1,1,523],"rotations":[0],"colors":[7122329,6396809,8434380,6990537]},{"id":6612,"name":"Mirror","type":10,"category":0,"actions":[],"coordinates":[[9116,39414]],"size":[1,1,523],"rotations":[0],"colors":[7122329,6396809,8434380,6990537]},{"id":6611,"name":"Mirror","type":10,"category":0,"actions":[],"coordinates":[[9120,39418]],"size":[1,1,523],"rotations":[0],"colors":[7122329,6396809,8434380,6990537]},{"id":6607,"name":"Mirror","type":10,"category":0,"actions":[],"coordinates":[[9124,39418]],"size":[1,1,523],"rotations":[0],"colors":[7122329,6396809,8434380,6990537]},{"id":6606,"name":"Suntrap","type":10,"category":0,"actions":["Use"],"coordinates":[[9124,39406]],"size":[1,1,523],"rotations":[0],"colors":[7122329,6396809,8434380,6990537]},{"id":6608,"name":"Mirror","type":10,"category":0,"actions":[],"coordinates":[[9128,39418]],"size":[1,1,523],"rotations":[0],"colors":[7122329,6396809,8434380,6990537]},{"id":6609,"name":"Mirror","type":10,"category":0,"actions":[],"coordinates":[[9132,39414]],"size":[1,1,523],"rotations":[0],"colors":[7122329,6396809,8434380,6990537]},{"id":6610,"name":"Mirror","type":10,"category":0,"actions":[],"coordinates":[[9136,39410]],"size":[1,1,523],"rotations":[0],"colors":[7122329,6396809,8434380,6990537]},{"id":20356,"name":"Ladder","type":10,"category":0,"actions":["Climb-up"],"coordinates":[[9136,39218]],"size":[1,1,523],"rotations":[0],"colors":[7122329,6396809,8434380,6990537]},{"id":20344,"name":"Silk stall","type":10,"category":0,"actions":[],"coordinates":[[9142,39276]],"size":[2,2,523],"rotations":[0],"colors":[7122329,6396809,8434380,6990537]},{"id":20342,"name":"Cart","type":10,"category":0,"actions":[],"coordinates":[[9146,39370]],"size":[2,3,523],"rotations":[0],"colors":[7122329,6396809,8434380,6990537]},{"id":20359,"name":"Wheelbarrow","type":10,"category":0,"actions":[],"coordinates":[[9154,39356]],"size":[2,2,523],"rotations":[0],"colors":[7122329,6396809,8434380,6990537]},{"id":20374,"name":"Logs","type":10,"category":0,"actions":[],"coordinates":[[9152,39330]],"size":[1,1,523],"rotations":[0],"colors":[7122329,6396809,8434380,6990537]},{"id":20351,"name":"Table","type":10,"category":169,"actions":[],"coordinates":[[9156,39342],[9168,39402]],"size":[1,1,523],"rotations":[0,0],"colors":[7122329,6396809,8434380,6990537]},{"id":20370,"name":"Log pile","type":10,"category":0,"actions":[],"coordinates":[[9156,39322],[9160,39334],[9160,39330],[9160,39322],[9164,39350],[9164,39322]],"size":[1,1,523],"rotations":[0,0,0,0,0,0],"colors":[7122329,6396809,8434380,6990537]},{"id":6656,"name":"Cloth","type":10,"category":0,"actions":[],"coordinates":[[9156,39302],[9164,39298],[9164,39262],[9168,39302],[9168,39298],[9168,39294]],"size":[1,1,523],"rotations":[0,0,0,0,0,0],"colors":[7122329,6396809,8434380,6990537]},{"id":20379,"name":"Altar","type":10,"category":0,"actions":[],"coordinates":[[9156,39232]],"size":[2,1,523],"rotations":[1],"colors":[7122329,6396809,8434380,6990537]},{"id":44074,"name":"Cactus","type":10,"category":0,"actions":[],"coordinates":[[9156,39178],[9172,39170]],"size":[1,1,523],"rotations":[0,0],"colors":[7122329,6396809,8434380,6990537]},{"id":20375,"name":"Potter's wheel","type":10,"category":377,"actions":["Use"],"coordinates":[[9160,39338]],"size":[1,1,523],"rotations":[0],"colors":[7122329,6396809,8434380,6990537]},{"id":20376,"name":"Clothes","type":10,"category":0,"actions":[],"coordinates":[[9160,39302]],"size":[1,1,523],"rotations":[0],"colors":[7122329,6396809,8434380,6990537]},{"id":20388,"name":"Cloth covered table","type":10,"category":156,"actions":[],"coordinates":[[9162,39282]],"size":[2,1,523],"rotations":[0],"colors":[7122329,6396809,8434380,6990537]},{"id":20367,"name":"Crate","type":10,"category":209,"actions":[],"coordinates":[[9160,39262],[9172,39266]],"size":[1,1,523],"rotations":[0,0],"colors":[7122329,6396809,8434380,6990537]},{"id":44069,"name":"Cactus","type":10,"category":0,"actions":[],"coordinates":[[9160,39174]],"size":[1,1,523],"rotations":[0],"colors":[7122329,6396809,8434380,6990537]},{"id":20373,"name":"Logs","type":10,"category":0,"actions":[],"coordinates":[[9164,39346]],"size":[1,1,523],"rotations":[0],"colors":[7122329,6396809,8434380,6990537]},{"id":20372,"name":"Hollow log","type":10,"category":0,"actions":[],"coordinates":[[9166,39318],[9170,39374],[9176,39352],[9176,39328]],"size":[2,1,523],"rotations":[0,2,3,1],"colors":[7122329,6396809,8434380,6990537]},{"id":20275,"name":"Ladder","type":10,"category":0,"actions":["Climb-down"],"coordinates":[[9164,39242]],"size":[1,1,523],"rotations":[0],"colors":[7122329,6396809,8434380,6990537]},{"id":44076,"name":"Cactus","type":10,"category":0,"actions":[],"coordinates":[[9164,39170]],"size":[1,1,523],"rotations":[0],"colors":[7122329,6396809,8434380,6990537]},{"id":20360,"name":"Workbench","type":10,"category":0,"actions":[],"coordinates":[[9168,39336]],"size":[2,1,523],"rotations":[1],"colors":[7122329,6396809,8434380,6990537]},{"id":20365,"name":"Spinning wheel","type":10,"category":971,"actions":["Spin"],"coordinates":[[9168,39270]],"size":[1,1,523],"rotations":[0],"colors":[7122329,6396809,8434380,6990537]},{"id":44068,"name":"Cactus","type":10,"category":0,"actions":[],"coordinates":[[9168,39170]],"size":[1,1,523],"rotations":[0],"colors":[7122329,6396809,8434380,6990537]},{"id":20371,"name":"Broken logs","type":10,"category":0,"actions":[],"coordinates":[[9178,39336]],"size":[2,2,523],"rotations":[0],"colors":[7122329,6396809,8434380,6990537]},{"id":44070,"name":"Cactus","type":10,"category":0,"actions":[],"coordinates":[[9176,39178]],"size":[1,1,523],"rotations":[0],"colors":[7122329,6396809,8434380,6990537]},{"id":6620,"name":"Hole","type":0,"category":0,"actions":["Climb-through"],"coordinates":[[9188,39246]],"size":[1,1,523],"rotations":[0],"colors":[7122329,6396809,8434380,6990537]},{"id":44040,"name":"Gate","type":0,"category":0,"actions":["Open"],"coordinates":[[9192,39386]],"size":[1,1,523],"rotations":[0],"colors":[7122329,6396809,8434380,6990537]},{"id":1123,"name":"Bush","type":10,"category":0,"actions":[],"coordinates":[[9202,39408]],"size":[2,2,523],"rotations":[0],"colors":[7122329,6396809,8434380,6990537]},{"id":44276,"name":"Crates","type":11,"category":0,"actions":[],"coordinates":[[9200,39394]],"size":[1,1,523],"rotations":[0],"colors":[7122329,6396809,8434380,6990537]},{"id":20835,"name":"Sack Pile","type":11,"category":0,"actions":[],"coordinates":[[9200,39390],[9208,39394]],"size":[1,1,523],"rotations":[0,0],"colors":[7122329,6396809,8434380,6990537]},{"id":44228,"name":"Bush","type":10,"category":0,"actions":[],"coordinates":[[9204,39418],[9204,39410]],"size":[1,1,523],"rotations":[0,0],"colors":[7122329,6396809,8434380,6990537]},{"id":44277,"name":"Crate","type":10,"category":0,"actions":[],"coordinates":[[9204,39394]],"size":[1,1,523],"rotations":[0],"colors":[7122329,6396809,8434380,6990537]},{"id":44080,"name":"Cactus","type":10,"category":0,"actions":[],"coordinates":[[9204,39246]],"size":[1,1,523],"rotations":[0],"colors":[7122329,6396809,8434380,6990537]},{"id":44073,"name":"Cactus","type":10,"category":0,"actions":[],"coordinates":[[9204,39242]],"size":[1,1,523],"rotations":[0],"colors":[7122329,6396809,8434380,6990537]},{"id":44078,"name":"Cactus","type":10,"category":0,"actions":[],"coordinates":[[9204,39238]],"size":[1,1,523],"rotations":[0],"colors":[7122329,6396809,8434380,6990537]},{"id":44077,"name":"Cactus","type":10,"category":0,"actions":[],"coordinates":[[9208,39246]],"size":[1,1,523],"rotations":[0],"colors":[7122329,6396809,8434380,6990537]},{"id":44072,"name":"Cactus","type":10,"category":0,"actions":[],"coordinates":[[9212,39178]],"size":[1,1,523],"rotations":[0],"colors":[7122329,6396809,8434380,6990537]}]