[{"id":2670,"name":"Kharidian cactus (Healthy)","type":10,"category":1632,"actions":["Cut"],"coordinates":[[8960,38330],[8964,38206],[8968,38250],[8992,38226],[9040,38214],[9060,38310],[9064,38226],[9080,38342],[9080,38334],[9116,38238],[9160,38378],[9184,38334],[9204,38218],[9208,38374]],"size":[1,1,523],"rotations":[0,0,0,0,0,0,0,0,0,0,0,0,0,0],"colors":[7122329,6396809,8434380,6990537]},{"id":724,"name":"Standing torch","type":10,"category":0,"actions":[],"coordinates":[[8980,38326],[8984,38298],[9064,38310],[9072,38310],[9084,38302]],"size":[1,1,523],"rotations":[0,0,0,0,0],"colors":[7122329,6396809,8434380,6990537]},{"id":1405,"name":"Cactus","type":10,"category":0,"actions":[],"coordinates":[[8986,38264],[8994,38200],[8998,38248],[8998,38192],[9002,38240],[9002,38200],[9010,38208],[9014,38240],[9082,38296],[9086,38340],[9102,38156],[9162,38268],[9166,38276],[9174,38376],[9174,38368],[9182,38368],[9182,38296],[9198,38272],[9202,38328]],"size":[2,2,523],"rotations":[0,0,0,0,0,0,0,0,0,0,0,0,0,0,0,0,0,0,0],"colors":[7122329,6396809,8434380,6990537]},{"id":1404,"name":"Cactus","type":10,"category":0,"actions":[],"coordinates":[[8986,38192],[9090,38164],[9134,38188]],"size":[2,2,523],"rotations":[0,0,0],"colors":[7122329,6396809,8434380,6990537]},{"id":2674,"name":"Gate","type":0,"category":0,"actions":["Open","Search"],"coordinates":[[8996,38318]],"size":[1,1,523],"rotations":[0],"colors":[7122329,6396809,8434380,6990537]},{"id":2673,"name":"Gate","type":0,"category":0,"actions":["Open","Search"],"coordinates":[[8996,38314]],"size":[1,1,523],"rotations":[0],"colors":[7122329,6396809,8434380,6990537]},{"id":18889,"name":"Crate","type":10,"category":209,"actions":["Search"],"coordinates":[[9008,38338],[9012,38350],[9012,38342],[9016,38346],[9060,38342]],"size":[1,1,523],"rotations":[0,0,0,0,0],"colors":[7122329,6396809,8434380,6990537]},{"id":1123,"name":"Bush","type":10,"category":0,"actions":[],"coordinates":[[9010,38152],[9078,38188],[9106,38168],[9126,38188]],"size":[2,2,523],"rotations":[0,0,0,0],"colors":[7122329,6396809,8434380,6990537]},{"id":18887,"name":"Barrel","type":10,"category":0,"actions":[],"coordinates":[[9012,38354],[9020,38366],[9024,38362],[9028,38358],[9056,38330],[9060,38330]],"size":[1,1,523],"rotations":[0,0,0,0,0,0],"colors":[7122329,6396809,8434380,6990537]},{"id":18890,"name":"Crate","type":10,"category":209,"actions":[],"coordinates":[[9012,38346]],"size":[1,1,523],"rotations":[0],"colors":[7122329,6396809,8434380,6990537]},{"id":18962,"name":"Barrel","type":10,"category":0,"actions":["Look-in","Search"],"coordinates":[[9016,38362]],"size":[1,1,523],"rotations":[0],"colors":[7122329,6396809,8434380,6990537]},{"id":18888,"name":"Winch","type":10,"category":0,"actions":["Look at","Operate"],"coordinates":[[9020,38360]],"size":[1,2,523],"rotations":[0],"colors":[7122329,6396809,8434380,6990537]},{"id":18871,"name":"Rock","type":22,"category":0,"actions":["Climb"],"coordinates":[[9028,38282]],"size":[1,1,523],"rotations":[0],"colors":[7122329,6396809,8434380,6990537]},{"id":18869,"name":"Cell wall window","type":0,"category":0,"actions":["Bend"],"coordinates":[[9036,38294]],"size":[1,1,523],"rotations":[0],"colors":[7122329,6396809,8434380,6990537]},{"id":11365,"name":"Iron rocks","type":10,"category":218,"actions":["Mine"],"coordinates":[[9040,38370],[9052,38370]],"size":[1,1,523],"rotations":[0,0],"colors":[7122329,6396809,8434380,6990537]},{"id":18960,"name":"Cart Camel","type":10,"category":0,"actions":["Talk-to"],"coordinates":[[9046,38336]],"size":[4,2,523],"rotations":[0],"colors":[7122329,6396809,8434380,6990537]},{"id":11364,"name":"Iron rocks","type":10,"category":218,"actions":["Mine"],"coordinates":[[9044,38362]],"size":[1,1,523],"rotations":[0],"colors":[7122329,6396809,8434380,6990537]},{"id":1102,"name":"Stool","type":10,"category":0,"actions":[],"coordinates":[[9044,38302]],"size":[1,1,523],"rotations":[0],"colors":[7122329,6396809,8434380,6990537]},{"id":422,"name":"Bed","type":10,"category":0,"actions":[],"coordinates":[[9044,38284],[9048,38304]],"size":[1,2,523],"rotations":[0,2],"colors":[7122329,6396809,8434380,6990537]},{"id":18958,"name":"Wooden cart","type":10,"category":0,"actions":["Look at","Search"],"coordinates":[[9056,38336]],"size":[2,3,523],"rotations":[1],"colors":[7122329,6396809,8434380,6990537]},{"id":2689,"name":"Prison door","type":0,"category":0,"actions":["Open"],"coordinates":[[9052,38294]],"size":[1,1,523],"rotations":[0],"colors":[7122329,6396809,8434380,6990537]},{"id":582,"name":"Statue","type":10,"category":0,"actions":[],"coordinates":[[9064,38306]],"size":[1,1,523],"rotations":[0],"colors":[7122329,6396809,8434380,6990537]},{"id":18903,"name":"Ladder","type":10,"category":0,"actions":["Climb-up"],"coordinates":[[9064,38286]],"size":[1,1,523],"rotations":[0],"colors":[7122329,6396809,8434380,6990537]},{"id":11366,"name":"Coal rocks","type":10,"category":200,"actions":["Mine"],"coordinates":[[9068,38366]],"size":[1,1,523],"rotations":[0],"colors":[7122329,6396809,8434380,6990537]},{"id":1533,"name":"Curtain","type":0,"category":0,"actions":["Open"],"coordinates":[[9068,38310]],"size":[1,1,523],"rotations":[0],"colors":[7122329,6396809,8434380,6990537]},{"id":24103,"name":"Chair","type":11,"category":0,"actions":[],"coordinates":[[9068,38298],[9072,38298],[9072,38290]],"size":[1,1,523],"rotations":[0,0,0],"colors":[7122329,6396809,8434380,6990537]},{"id":18902,"name":"Table","type":10,"category":154,"actions":["Search"],"coordinates":[[9070,38294]],"size":[2,1,523],"rotations":[0],"colors":[7122329,6396809,8434380,6990537]},{"id":11367,"name":"Coal rocks","type":10,"category":200,"actions":["Mine"],"coordinates":[[9072,38370],[9076,38362],[9080,38370]],"size":[1,1,523],"rotations":[0,0,0],"colors":[7122329,6396809,8434380,6990537]},{"id":10943,"name":"Copper rocks","type":10,"category":196,"actions":["Mine"],"coordinates":[[9100,38370],[9104,38362]],"size":[1,1,523],"rotations":[0,0],"colors":[7122329,6396809,8434380,6990537]},{"id":11161,"name":"Copper rocks","type":10,"category":196,"actions":["Mine"],"coordinates":[[9108,38366],[9112,38370]],"size":[1,1,523],"rotations":[0,0],"colors":[7122329,6396809,8434380,6990537]},{"id":2675,"name":"Mine door entrance","type":0,"category":0,"actions":["Open","Watch"],"coordinates":[[9108,38286]],"size":[1,1,523],"rotations":[0],"colors":[7122329,6396809,8434380,6990537]},{"id":11361,"name":"Tin rocks","type":10,"category":198,"actions":["Mine"],"coordinates":[[9112,38330],[9120,38338]],"size":[1,1,523],"rotations":[0,0],"colors":[7122329,6396809,8434380,6990537]},{"id":2676,"name":"Mine door entrance","type":0,"category":0,"actions":["Open","Watch"],"coordinates":[[9112,38286]],"size":[1,1,523],"rotations":[0],"colors":[7122329,6396809,8434380,6990537]},{"id":11360,"name":"Tin rocks","type":10,"category":198,"actions":["Mine"],"coordinates":[[9116,38346],[9120,38330]],"size":[1,1,523],"rotations":[0,0],"colors":[7122329,6396809,8434380,6990537]},{"id":1406,"name":"Cactus","type":10,"category":0,"actions":[],"coordinates":[[9118,38192],[9126,38196]],"size":[2,2,523],"rotations":[0,0],"colors":[7122329,6396809,8434380,6990537]}]