[{"id":2050,"name":"Gate","type":0,"category":0,"actions":["Open"],"coordinates":[[8960,36810]],"size":[1,1,523],"rotations":[0],"colors":[7122329,6396809,8434380,6990537]},{"id":2051,"name":"Gate","type":0,"category":0,"actions":["Open"],"coordinates":[[8960,36806]],"size":[1,1,523],"rotations":[0],"colors":[7122329,6396809,8434380,6990537]},{"id":24567,"name":"Door","type":0,"category":0,"actions":["Open"],"coordinates":[[8960,36666]],"size":[1,1,523],"rotations":[0],"colors":[7122329,6396809,8434380,6990537]},{"id":24559,"name":"Dig Site specimen rocks","type":10,"category":0,"actions":["Take"],"coordinates":[[8960,36646]],"size":[1,1,523],"rotations":[0],"colors":[7122329,6396809,8434380,6990537]},{"id":24565,"name":"Door","type":0,"category":0,"actions":["Open"],"coordinates":[[8964,36666]],"size":[1,1,523],"rotations":[0],"colors":[7122329,6396809,8434380,6990537]},{"id":24558,"name":"Dig Site specimen rocks","type":10,"category":0,"actions":["Take"],"coordinates":[[8964,36646]],"size":[1,1,523],"rotations":[0],"colors":[7122329,6396809,8434380,6990537]},{"id":24550,"name":"Display case","type":10,"category":690,"actions":["Study"],"coordinates":[[8964,36638],[8964,36630]],"size":[1,1,523],"rotations":[0,0],"colors":[7122329,6396809,8434380,6990537]},{"id":24534,"name":"Storage crate","type":10,"category":0,"actions":["Add finds"],"coordinates":[[8968,36662],[8972,36662]],"size":[1,1,523],"rotations":[0,0],"colors":[7122329,6396809,8434380,6990537]},{"id":11798,"name":"Staircase","type":10,"category":638,"actions":["Climb-up"],"coordinates":[[8970,36618]],"size":[2,3,523],"rotations":[0],"colors":[7122329,6396809,8434380,6990537]},{"id":10321,"name":"Manhole","type":10,"category":0,"actions":["Climb-down"],"coordinates":[[8972,36830]],"size":[1,1,523],"rotations":[0],"colors":[7122329,6396809,8434380,6990537]},{"id":1392,"name":"Plant","type":10,"category":0,"actions":[],"coordinates":[[8974,36680]],"size":[2,2,523],"rotations":[0],"colors":[7122329,6396809,8434380,6990537]},{"id":5106,"name":"Crate","type":11,"category":209,"actions":["Search"],"coordinates":[[8972,36614],[9000,36750],[9020,36806],[9024,36810],[9032,36814]],"size":[1,1,523],"rotations":[0,0,0,0,0],"colors":[7122329,6396809,8434380,6990537]},{"id":5107,"name":"Crate","type":10,"category":0,"actions":["Search"],"coordinates":[[8972,36610],[9004,36750],[9024,36806],[9028,36810]],"size":[1,1,523],"rotations":[0,0,0,0],"colors":[7122329,6396809,8434380,6990537]},{"id":2322,"name":"Bar","type":10,"category":0,"actions":[],"coordinates":[[8976,36862]],"size":[1,1,523],"rotations":[0],"colors":[7122329,6396809,8434380,6990537]},{"id":2317,"name":"Bar","type":10,"category":0,"actions":[],"coordinates":[[8976,36854]],"size":[1,1,523],"rotations":[0],"colors":[7122329,6396809,8434380,6990537]},{"id":7167,"name":"Stool","type":10,"category":0,"actions":[],"coordinates":[[8976,36786],[8980,36794]],"size":[1,1,523],"rotations":[0,0],"colors":[7122329,6396809,8434380,6990537]},{"id":2320,"name":"Bar","type":10,"category":0,"actions":[],"coordinates":[[8980,36862]],"size":[1,1,523],"rotations":[0],"colors":[7122329,6396809,8434380,6990537]},{"id":2316,"name":"Bar","type":10,"category":0,"actions":[],"coordinates":[[8980,36854]],"size":[1,1,523],"rotations":[0],"colors":[7122329,6396809,8434380,6990537]},{"id":635,"name":"Tea stall","type":10,"category":0,"actions":["Steal-from"],"coordinates":[[8982,36788]],"size":[2,2,523],"rotations":[0],"colors":[7122329,6396809,8434380,6990537]},{"id":2318,"name":"Bar","type":10,"category":0,"actions":[],"coordinates":[[8984,36862]],"size":[1,1,523],"rotations":[0],"colors":[7122329,6396809,8434380,6990537]},{"id":3646,"name":"Well","type":10,"category":245,"actions":[],"coordinates":[[8986,36804],[9198,36844]],"size":[2,2,523],"rotations":[0,0],"colors":[7122329,6396809,8434380,6990537]},{"id":5114,"name":"Barrel","type":10,"category":0,"actions":[],"coordinates":[[8984,36794],[8992,36770]],"size":[1,1,523],"rotations":[0,0],"colors":[7122329,6396809,8434380,6990537]},{"id":2649,"name":"Table","type":10,"category":156,"actions":[],"coordinates":[[8986,36778],[9002,36738]],"size":[2,1,523],"rotations":[0,0],"colors":[7122329,6396809,8434380,6990537]},{"id":2321,"name":"Bar","type":10,"category":0,"actions":[],"coordinates":[[8988,36862]],"size":[1,1,523],"rotations":[0],"colors":[7122329,6396809,8434380,6990537]},{"id":5112,"name":"Barrel","type":10,"category":0,"actions":[],"coordinates":[[8988,36794]],"size":[1,1,523],"rotations":[0],"colors":[7122329,6396809,8434380,6990537]},{"id":5108,"name":"Closed chest","type":10,"category":0,"actions":["Open"],"coordinates":[[8988,36766]],"size":[1,1,523],"rotations":[0],"colors":[7122329,6396809,8434380,6990537]},{"id":5113,"name":"Crate","type":10,"category":209,"actions":["Search"],"coordinates":[[8992,36794],[8992,36774]],"size":[1,1,523],"rotations":[0,0],"colors":[7122329,6396809,8434380,6990537]},{"id":1124,"name":"Bush","type":10,"category":0,"actions":[],"coordinates":[[8992,36646],[9080,36638]],"size":[1,1,523],"rotations":[0,0],"colors":[7122329,6396809,8434380,6990537]},{"id":1276,"name":"Tree","type":10,"category":189,"actions":["Chop down"],"coordinates":[[8994,36628],[8998,36616],[9002,36640],[9002,36632],[9010,36668],[9010,36624],[9010,36612],[9014,36704],[9014,36636],[9018,36652],[9018,36620],[9022,36628],[9026,36748],[9026,36696],[9034,36700],[9038,36792],[9086,36632],[9094,36692],[9098,36668],[9102,36804],[9102,36756],[9110,36700],[9110,36616],[9122,36772],[9126,36820],[9126,36800],[9130,36712],[9134,36836],[9138,36776],[9150,36740],[9162,36764],[9166,36616],[9174,36776],[9178,36796],[9194,36636],[9198,36656],[9206,36760],[9206,36668]],"size":[2,2,523],"rotations":[0,0,0,0,0,0,0,0,0,0,0,0,0,0,0,0,0,0,0,0,0,0,0,0,0,0,0,0,0,0,0,0,0,0,0,0,0,0],"colors":[7122329,6396809,8434380,6990537]},{"id":1076,"name":"Sign","type":5,"category":0,"actions":[],"coordinates":[[8996,36862]],"size":[1,1,523],"rotations":[0],"colors":[7122329,6396809,8434380,6990537]},{"id":9661,"name":"Tree stump","type":10,"category":0,"actions":[],"coordinates":[[9000,36650],[9060,36854],[9060,36822],[9064,36646],[9076,36802],[9080,36838],[9204,36690]],"size":[1,1,523],"rotations":[0,0,0,0,0,0,0],"colors":[7122329,6396809,8434380,6990537]},{"id":1278,"name":"Tree","type":10,"category":189,"actions":["Chop down"],"coordinates":[[9006,36772],[9010,36760],[9034,36748],[9058,36664],[9066,36628],[9066,36620],[9090,36736],[9090,36644],[9094,36708],[9098,36840],[9106,36856],[9106,36772],[9110,36744],[9110,36652],[9110,36640],[9114,36680],[9122,36748],[9122,36664],[9130,36788],[9130,36700],[9130,36668],[9130,36648],[9138,36740],[9146,36804],[9146,36716],[9146,36640],[9150,36768],[9150,36652],[9154,36752],[9158,36800],[9162,36784],[9166,36680],[9174,36840],[9174,36636],[9178,36760],[9186,36684],[9186,36660],[9186,36644]],"size":[2,2,523],"rotations":[0,0,0,0,0,0,0,0,0,0,0,0,0,0,0,0,0,0,0,0,0,0,0,0,0,0,0,0,0,0,0,0,0,0,0,0,0,0],"colors":[7122329,6396809,8434380,6990537]},{"id":1393,"name":"Plant","type":10,"category":0,"actions":[],"coordinates":[[9004,36646],[9016,36666],[9076,36850],[9080,36834],[9080,36814],[9096,36818],[9116,36830],[9136,36818],[9160,36722],[9180,36698],[9192,36686]],"size":[1,1,523],"rotations":[0,0,0,0,0,0,0,0,0,0,0],"colors":[7122329,6396809,8434380,6990537]},{"id":11772,"name":"Door","type":0,"category":168,"actions":["Close"],"coordinates":[[9008,36746],[9016,36842],[9016,36814]],"size":[1,1,523],"rotations":[0,0,0],"colors":[7122329,6396809,8434380,6990537]},{"id":10820,"name":"Oak tree","type":10,"category":279,"actions":["Chop down"],"coordinates":[[9012,36682],[9020,36766],[9024,36706],[9032,36730],[9036,36762],[9108,36718],[9112,36762],[9128,36682],[9140,36754],[9144,36790],[9152,36698],[9152,36670],[9172,36654]],"size":[3,3,523],"rotations":[0,0,0,0,0,0,0,0,0,0,0,0,0],"colors":[7122329,6396809,8434380,6990537]},{"id":50874,"name":"Rocks","type":10,"category":0,"actions":[],"coordinates":[[9016,36782]],"size":[3,3,523],"rotations":[0],"colors":[7122329,6396809,8434380,6990537]},{"id":2553,"name":"Clothes","type":10,"category":0,"actions":[],"coordinates":[[9016,36830]],"size":[1,1,523],"rotations":[0],"colors":[7122329,6396809,8434380,6990537]},{"id":7406,"name":"Teak table","type":10,"category":157,"actions":[],"coordinates":[[9018,36824]],"size":[2,2,523],"rotations":[0],"colors":[7122329,6396809,8434380,6990537]},{"id":7182,"name":"Chair","type":11,"category":0,"actions":[],"coordinates":[[9016,36818],[9024,36826],[9024,36822]],"size":[1,1,523],"rotations":[0,0,0],"colors":[7122329,6396809,8434380,6990537]},{"id":2552,"name":"Clothes","type":10,"category":0,"actions":[],"coordinates":[[9020,36830]],"size":[1,1,523],"rotations":[0],"colors":[7122329,6396809,8434380,6990537]},{"id":1391,"name":"Plant","type":10,"category":0,"actions":[],"coordinates":[[9022,36640],[9082,36656],[9170,36740],[9190,36620]],"size":[2,2,523],"rotations":[0,0,0,0],"colors":[7122329,6396809,8434380,6990537]},{"id":817,"name":"Suit of armour","type":10,"category":0,"actions":[],"coordinates":[[9024,36854]],"size":[1,1,523],"rotations":[0],"colors":[7122329,6396809,8434380,6990537]},{"id":2496,"name":"Table","type":10,"category":154,"actions":[],"coordinates":[[9026,36846]],"size":[2,1,523],"rotations":[2],"colors":[7122329,6396809,8434380,6990537]},{"id":3624,"name":"Mannequin","type":10,"category":0,"actions":[],"coordinates":[[9028,36854]],"size":[1,1,523],"rotations":[0],"colors":[7122329,6396809,8434380,6990537]},{"id":2495,"name":"Sewing machine","type":10,"category":0,"actions":[],"coordinates":[[9028,36834]],"size":[1,1,523],"rotations":[0],"colors":[7122329,6396809,8434380,6990537]},{"id":7190,"name":"Bed","type":10,"category":0,"actions":[],"coordinates":[[9034,36826]],"size":[1,2,523],"rotations":[1],"colors":[7122329,6396809,8434380,6990537]},{"id":50095,"name":"Plant","type":10,"category":0,"actions":[],"coordinates":[[9034,36692],[9174,36676]],"size":[2,2,523],"rotations":[0,0],"colors":[7122329,6396809,8434380,6990537]},{"id":2493,"name":"Mirror","type":10,"category":0,"actions":[],"coordinates":[[9036,36850]],"size":[1,1,523],"rotations":[0],"colors":[7122329,6396809,8434380,6990537]},{"id":11801,"name":"Ladder","type":10,"category":664,"actions":["Climb-up"],"coordinates":[[9036,36838]],"size":[1,1,523],"rotations":[0],"colors":[7122329,6396809,8434380,6990537]},{"id":7169,"name":"Table","type":10,"category":155,"actions":[],"coordinates":[[9036,36822]],"size":[1,1,523],"rotations":[0],"colors":[7122329,6396809,8434380,6990537]},{"id":50085,"name":"Rocks","type":10,"category":0,"actions":[],"coordinates":[[9036,36678]],"size":[1,1,523],"rotations":[0],"colors":[7122329,6396809,8434380,6990537]},{"id":11773,"name":"Door","type":0,"category":167,"actions":["Open"],"coordinates":[[9040,36846]],"size":[1,1,523],"rotations":[0],"colors":[7122329,6396809,8434380,6990537]},{"id":50089,"name":"Tree stump","type":10,"category":0,"actions":[],"coordinates":[[9068,36678],[9164,36666]],"size":[1,1,523],"rotations":[0,0],"colors":[7122329,6396809,8434380,6990537]},{"id":9663,"name":"Fallen tree","type":10,"category":0,"actions":[],"coordinates":[[9084,36676]],"size":[3,2,523],"rotations":[0],"colors":[7122329,6396809,8434380,6990537]},{"id":24560,"name":"Gate","type":0,"category":0,"actions":["Open"],"coordinates":[[9088,36718]],"size":[1,1,523],"rotations":[0],"colors":[7122329,6396809,8434380,6990537]},{"id":24561,"name":"Gate","type":0,"category":0,"actions":["Open"],"coordinates":[[9088,36714]],"size":[1,1,523],"rotations":[0],"colors":[7122329,6396809,8434380,6990537]},{"id":1282,"name":"Dead tree","type":10,"category":189,"actions":["Chop down"],"coordinates":[[9122,36708],[9142,36656],[9150,36684],[9162,36644],[9170,36692]],"size":[2,2,523],"rotations":[0,0,0,0,0],"colors":[7122329,6396809,8434380,6990537]},{"id":1286,"name":"Dead tree","type":10,"category":189,"actions":["Chop down"],"coordinates":[[9120,36698],[9132,36770],[9140,36706]],"size":[1,1,523],"rotations":[0,0,0],"colors":[7122329,6396809,8434380,6990537]},{"id":14003,"name":"Grass","type":10,"category":0,"actions":[],"coordinates":[[9120,36626],[9128,36618],[9148,36630],[9160,36618],[9168,36626]],"size":[1,1,523],"rotations":[0,0,0,0,0],"colors":[7122329,6396809,8434380,6990537]},{"id":7134,"name":"Mushroom","type":10,"category":0,"actions":[],"coordinates":[[9136,36734],[9140,36734],[9188,36786],[9200,36754]],"size":[1,1,523],"rotations":[0,0,0,0],"colors":[7122329,6396809,8434380,6990537]},{"id":7136,"name":"Mushroom","type":10,"category":0,"actions":[],"coordinates":[[9136,36730],[9200,36750]],"size":[1,1,523],"rotations":[0,0],"colors":[7122329,6396809,8434380,6990537]},{"id":7135,"name":"Mushrooms","type":10,"category":0,"actions":[],"coordinates":[[9136,36718],[9192,36774]],"size":[1,1,523],"rotations":[0,0],"colors":[7122329,6396809,8434380,6990537]},{"id":1118,"name":"Bush","type":10,"category":0,"actions":[],"coordinates":[[9138,36692]],"size":[2,2,523],"rotations":[0],"colors":[7122329,6396809,8434380,6990537]},{"id":50091,"name":"Bush","type":10,"category":0,"actions":[],"coordinates":[[9190,36672]],"size":[2,2,523],"rotations":[0],"colors":[7122329,6396809,8434380,6990537]},{"id":188,"name":"Crashed glider","type":10,"category":0,"actions":[],"coordinates":[[9198,36712]],"size":[4,4,523],"rotations":[0],"colors":[7122329,6396809,8434380,6990537]},{"id":24502,"name":"Long planks","type":10,"category":0,"actions":[],"coordinates":[[9204,36656]],"size":[2,1,523],"rotations":[3],"colors":[7122329,6396809,8434380,6990537]}]