[{"id":46152,"name":"Rubble","type":11,"category":0,"actions":[],"coordinates":[[9296,13966],[9356,13986],[9400,13970]],"size":[3,3,523],"rotations":[0,0,0],"colors":[7122329,6396809,8434380,6990537]},{"id":46151,"name":"Rubble","type":11,"category":0,"actions":[],"coordinates":[[9304,13978]],"size":[5,5,523],"rotations":[0],"colors":[7122329,6396809,8434380,6990537]},{"id":46150,"name":"Rubble","type":10,"category":0,"actions":[],"coordinates":[[9300,13950],[9320,13986],[9356,13998],[9372,13990]],"size":[3,5,523],"rotations":[2,3,3,1],"colors":[7122329,6396809,8434380,6990537]},{"id":46136,"name":"Urn","type":11,"category":0,"actions":[],"coordinates":[[9308,13958]],"size":[1,1,523],"rotations":[0],"colors":[7122329,6396809,8434380,6990537]},{"id":46135,"name":"Urn","type":10,"category":0,"actions":[],"coordinates":[[9308,13954]],"size":[1,1,523],"rotations":[0],"colors":[7122329,6396809,8434380,6990537]},{"id":46130,"name":"Crate","type":11,"category":0,"actions":[],"coordinates":[[9308,13950]],"size":[1,1,523],"rotations":[0],"colors":[7122329,6396809,8434380,6990537]},{"id":46131,"name":"Crates","type":11,"category":0,"actions":[],"coordinates":[[9312,13962]],"size":[1,1,523],"rotations":[0],"colors":[7122329,6396809,8434380,6990537]},{"id":46138,"name":"Crates","type":10,"category":0,"actions":[],"coordinates":[[9312,13958]],"size":[1,1,523],"rotations":[0],"colors":[7122329,6396809,8434380,6990537]},{"id":46075,"name":"<col=ffff00>Bank Camel</col>","type":11,"category":0,"actions":["Bank","Collect"],"coordinates":[[9312,13954]],"size":[1,1,523],"rotations":[0],"colors":[7122329,6396809,8434380,6990537]},{"id":46077,"name":"Sack","type":10,"category":220,"actions":["Search"],"coordinates":[[9316,13962]],"size":[1,1,523],"rotations":[0],"colors":[7122329,6396809,8434380,6990537]},{"id":46071,"name":"Scoreboard","type":10,"category":0,"actions":["Read"],"coordinates":[[9324,13974]],"size":[1,3,523],"rotations":[1],"colors":[7122329,6396809,8434380,6990537]},{"id":46133,"name":"Pottery","type":11,"category":0,"actions":[],"coordinates":[[9320,13970],[9380,13954]],"size":[1,1,523],"rotations":[0,0],"colors":[7122329,6396809,8434380,6990537]},{"id":46134,"name":"Pottery","type":10,"category":0,"actions":[],"coordinates":[[9320,13934]],"size":[1,1,523],"rotations":[0],"colors":[7122329,6396809,8434380,6990537]},{"id":46089,"name":"Entry","type":10,"category":0,"actions":["Enter"],"coordinates":[[9340,13982]],"size":[5,1,523],"rotations":[2],"colors":[7122329,6396809,8434380,6990537]},{"id":46153,"name":"Debris","type":10,"category":0,"actions":[],"coordinates":[[9332,13922]],"size":[1,1,523],"rotations":[0],"colors":[7122329,6396809,8434380,6990537]},{"id":46068,"name":"Grouping Obelisk","type":10,"category":0,"actions":["Inspect"],"coordinates":[[9340,13950]],"size":[3,3,523],"rotations":[0],"colors":[7122329,6396809,8434380,6990537]},{"id":46087,"name":"Exit","type":10,"category":0,"actions":["Leave"],"coordinates":[[9340,13912]],"size":[3,2,523],"rotations":[2],"colors":[7122329,6396809,8434380,6990537]},{"id":45320,"name":"Debris","type":10,"category":0,"actions":[],"coordinates":[[9348,13924]],"size":[1,2,523],"rotations":[2],"colors":[7122329,6396809,8434380,6990537]},{"id":46073,"name":"Invocation Board","type":10,"category":0,"actions":["Read"],"coordinates":[[9356,13974]],"size":[1,3,523],"rotations":[1],"colors":[7122329,6396809,8434380,6990537]},{"id":45321,"name":"Debris","type":11,"category":0,"actions":[],"coordinates":[[9352,13926]],"size":[1,1,523],"rotations":[0],"colors":[7122329,6396809,8434380,6990537]},{"id":46086,"name":"Crate","type":11,"category":0,"actions":[],"coordinates":[[9356,13930]],"size":[1,1,523],"rotations":[0],"colors":[7122329,6396809,8434380,6990537]},{"id":46078,"name":"Chest","type":10,"category":0,"actions":["Claim"],"coordinates":[[9368,13970]],"size":[1,1,523],"rotations":[0],"colors":[7122329,6396809,8434380,6990537]},{"id":49568,"name":"Cavity","type":10,"category":0,"actions":["Deposit-pickaxe"],"coordinates":[[9372,13974]],"size":[1,1,523],"rotations":[0],"colors":[7122329,6396809,8434380,6990537]},{"id":46080,"name":"Chest","type":10,"category":0,"actions":["Search"],"coordinates":[[9372,13946]],"size":[1,1,523],"rotations":[0],"colors":[7122329,6396809,8434380,6990537]},{"id":46083,"name":"False Door","type":10,"category":0,"actions":["Claim"],"coordinates":[[9384,13974]],"size":[1,1,523],"rotations":[0],"colors":[7122329,6396809,8434380,6990537]},{"id":46132,"name":"Pottery","type":10,"category":0,"actions":[],"coordinates":[[9384,13958]],"size":[1,1,523],"rotations":[0],"colors":[7122329,6396809,8434380,6990537]}]