[{"id":2670,"name":"Kharidian cactus (Healthy)","type":10,"category":1632,"actions":["Cut"],"coordinates":[[9240,39090],[9272,38986],[9432,38942]],"size":[1,1,523],"rotations":[0,0,0],"colors":[7122329,6396809,8434380,6990537]},{"id":11948,"name":"Climbing rocks","type":22,"category":0,"actions":["Climb"],"coordinates":[[9244,39126],[9244,39122],[9244,39118],[9244,39114],[9252,39126],[9252,39122],[9252,39118],[9252,39114]],"size":[1,1,523],"rotations":[0,0,0,0,0,0,0,0],"colors":[7122329,6396809,8434380,6990537]},{"id":1406,"name":"Cactus","type":10,"category":0,"actions":[],"coordinates":[[9286,38932]],"size":[2,2,523],"rotations":[0],"colors":[7122329,6396809,8434380,6990537]},{"id":11949,"name":"Climbing rocks","type":22,"category":0,"actions":["Climb"],"coordinates":[[9300,39122],[9300,39118],[9300,39114],[9308,39122],[9308,39118],[9308,39114]],"size":[1,1,523],"rotations":[0,0,0,0,0,0],"colors":[7122329,6396809,8434380,6990537]},{"id":10857,"name":"Stairs","type":10,"category":0,"actions":["Climb-up"],"coordinates":[[9322,39104]],"size":[2,2,523],"rotations":[0],"colors":[7122329,6396809,8434380,6990537]},{"id":10858,"name":"Stairs","type":10,"category":0,"actions":["Climb-down"],"coordinates":[[9322,39104]],"size":[2,2,523],"rotations":[0],"colors":[7122329,6396809,8434380,6990537]},{"id":10865,"name":"Low wall","type":10,"category":0,"actions":["Climb-over"],"coordinates":[[9322,39034]],"size":[1,2,523],"rotations":[1],"colors":[7122329,6396809,8434380,6990537]},{"id":28936,"name":"Inconspicuous hole (hard)","type":10,"category":0,"actions":["Build"],"coordinates":[[9332,39110]],"size":[1,1,523],"rotations":[0],"colors":[7122329,6396809,8434380,6990537]},{"id":10864,"name":"Gap","type":4,"category":0,"actions":["Cross"],"coordinates":[[9372,39102]],"size":[1,1,523],"rotations":[0],"colors":[7122329,6396809,8434380,6990537]},{"id":10863,"name":"Gap","type":4,"category":0,"actions":["Cross"],"coordinates":[[9392,39102]],"size":[1,1,523],"rotations":[0],"colors":[7122329,6396809,8434380,6990537]},{"id":44074,"name":"Cactus","type":10,"category":0,"actions":[],"coordinates":[[9400,39166],[9428,39158],[9436,39154],[9456,39102],[9468,39066]],"size":[1,1,523],"rotations":[0,0,0,0,0],"colors":[7122329,6396809,8434380,6990537]},{"id":44068,"name":"Cactus","type":10,"category":0,"actions":[],"coordinates":[[9412,39166],[9436,39158]],"size":[1,1,523],"rotations":[0,0],"colors":[7122329,6396809,8434380,6990537]},{"id":44071,"name":"Cactus","type":10,"category":0,"actions":[],"coordinates":[[9420,39154],[9452,39130]],"size":[1,1,523],"rotations":[0,0],"colors":[7122329,6396809,8434380,6990537]},{"id":44072,"name":"Cactus","type":10,"category":0,"actions":[],"coordinates":[[9428,39154],[9448,39118]],"size":[1,1,523],"rotations":[0,0],"colors":[7122329,6396809,8434380,6990537]},{"id":44075,"name":"Cactus","type":10,"category":0,"actions":[],"coordinates":[[9428,39146],[9468,39054]],"size":[1,1,523],"rotations":[0,0],"colors":[7122329,6396809,8434380,6990537]},{"id":44070,"name":"Cactus","type":10,"category":0,"actions":[],"coordinates":[[9432,39150]],"size":[1,1,523],"rotations":[0],"colors":[7122329,6396809,8434380,6990537]},{"id":44069,"name":"Cactus","type":10,"category":0,"actions":[],"coordinates":[[9456,39134],[9464,39090]],"size":[1,1,523],"rotations":[0,0],"colors":[7122329,6396809,8434380,6990537]},{"id":12246,"name":"Skeleton","type":10,"category":0,"actions":[],"coordinates":[[9460,39122],[9468,39142]],"size":[1,1,523],"rotations":[0,0],"colors":[7122329,6396809,8434380,6990537]},{"id":44073,"name":"Cactus","type":10,"category":0,"actions":[],"coordinates":[[9460,39098],[9468,39062]],"size":[1,1,523],"rotations":[0,0],"colors":[7122329,6396809,8434380,6990537]}]