[{"id":1278,"name":"Tree","type":10,"category":189,"actions":["Chop down"],"coordinates":[[9218,36460],[9226,36372],[9234,36496],[9238,36416],[9242,36468],[9250,36396],[9262,36416],[9270,36444],[9306,36496],[9394,36488],[9446,36508]],"size":[2,2,523],"rotations":[0,0,0,0,0,0,0,0,0,0,0],"colors":[7122329,6396809,8434380,6990537]},{"id":50097,"name":"Bush","type":10,"category":0,"actions":[],"coordinates":[[9218,36440],[9282,36460]],"size":[2,2,523],"rotations":[0,0],"colors":[7122329,6396809,8434380,6990537]},{"id":1391,"name":"Plant","type":10,"category":0,"actions":[],"coordinates":[[9218,36404],[9250,36508],[9326,36516],[9326,36448],[9330,36508],[9342,36480],[9370,36508],[9390,36512],[9418,36480],[9462,36468]],"size":[2,2,523],"rotations":[0,0,0,0,0,0,0,0,0,0],"colors":[7122329,6396809,8434380,6990537]},{"id":50087,"name":"Rocks","type":10,"category":0,"actions":[],"coordinates":[[9226,36428]],"size":[2,2,523],"rotations":[0],"colors":[7122329,6396809,8434380,6990537]},{"id":1276,"name":"Tree","type":10,"category":189,"actions":["Chop down"],"coordinates":[[9230,36380],[9242,36432],[9254,36472],[9258,36364],[9330,36464],[9338,36516],[9386,36500],[9438,36520],[9450,36468]],"size":[2,2,523],"rotations":[0,0,0,0,0,0,0,0,0],"colors":[7122329,6396809,8434380,6990537]},{"id":50089,"name":"Tree stump","type":10,"category":0,"actions":[],"coordinates":[[9236,36450],[9464,36474]],"size":[1,1,523],"rotations":[0,0],"colors":[7122329,6396809,8434380,6990537]},{"id":9661,"name":"Tree stump","type":10,"category":0,"actions":[],"coordinates":[[9256,36378],[9304,36510]],"size":[1,1,523],"rotations":[0,0],"colors":[7122329,6396809,8434380,6990537]},{"id":50140,"name":"Trapdoor","type":10,"category":0,"actions":[],"coordinates":[[9276,36370]],"size":[1,1,523],"rotations":[0],"colors":[7122329,6396809,8434380,6990537]},{"id":11911,"name":"Bush","type":10,"category":0,"actions":[],"coordinates":[[9302,36516]],"size":[2,2,523],"rotations":[0],"colors":[7122329,6396809,8434380,6990537]},{"id":50093,"name":"Bush","type":10,"category":0,"actions":[],"coordinates":[[9300,36450],[9440,36506]],"size":[1,1,523],"rotations":[0,0],"colors":[7122329,6396809,8434380,6990537]},{"id":50095,"name":"Plant","type":10,"category":0,"actions":[],"coordinates":[[9306,36472],[9450,36480]],"size":[2,2,523],"rotations":[0,0],"colors":[7122329,6396809,8434380,6990537]},{"id":14013,"name":"Massive ribs","type":10,"category":0,"actions":[],"coordinates":[[9324,36400],[9330,36410],[9360,36388]],"size":[1,2,523],"rotations":[0,1,0],"colors":[7122329,6396809,8434380,6990537]},{"id":14019,"name":"Bones","type":10,"category":0,"actions":[],"coordinates":[[9328,36406],[9332,36406],[9348,36390],[9356,36390]],"size":[1,1,523],"rotations":[0,0,0,0],"colors":[7122329,6396809,8434380,6990537]},{"id":14017,"name":"Box of bones","type":10,"category":0,"actions":[],"coordinates":[[9328,36398],[9348,36398],[9348,36378],[9352,36390]],"size":[1,1,523],"rotations":[0,0,0,0],"colors":[7122329,6396809,8434380,6990537]},{"id":14021,"name":"Bones","type":10,"category":0,"actions":[],"coordinates":[[9332,36398],[9336,36386],[9352,36378]],"size":[1,1,523],"rotations":[0,0,0],"colors":[7122329,6396809,8434380,6990537]},{"id":14018,"name":"Bones","type":10,"category":0,"actions":[],"coordinates":[[9336,36382]],"size":[1,1,523],"rotations":[0],"colors":[7122329,6396809,8434380,6990537]},{"id":14023,"name":"Bones","type":10,"category":0,"actions":[],"coordinates":[[9342,36396]],"size":[2,2,523],"rotations":[0],"colors":[7122329,6396809,8434380,6990537]},{"id":14030,"name":"Bones","type":10,"category":0,"actions":[],"coordinates":[[9340,36382]],"size":[1,3,523],"rotations":[0],"colors":[7122329,6396809,8434380,6990537]},{"id":9534,"name":"Crate","type":11,"category":209,"actions":["Search"],"coordinates":[[9344,36594],[9352,36594],[9372,36594],[9376,36598],[9380,36594]],"size":[1,1,523],"rotations":[0,0,0,0,0],"colors":[7122329,6396809,8434380,6990537]},{"id":14006,"name":"Pot-boiler","type":10,"category":0,"actions":[],"coordinates":[[9344,36410]],"size":[1,1,523],"rotations":[0],"colors":[7122329,6396809,8434380,6990537]},{"id":14031,"name":"Bones","type":10,"category":0,"actions":[],"coordinates":[[9344,36382]],"size":[1,3,523],"rotations":[2],"colors":[7122329,6396809,8434380,6990537]},{"id":9519,"name":"Barrel","type":10,"category":0,"actions":[],"coordinates":[[9348,36590],[9380,36598],[9384,36598]],"size":[1,1,523],"rotations":[0,0,0],"colors":[7122329,6396809,8434380,6990537]},{"id":14010,"name":"Wish-list","type":5,"category":0,"actions":["Read"],"coordinates":[[9348,36402]],"size":[1,1,523],"rotations":[0],"colors":[7122329,6396809,8434380,6990537]},{"id":14016,"name":"Box of bones","type":10,"category":0,"actions":[],"coordinates":[[9348,36394],[9356,36394]],"size":[1,1,523],"rotations":[0,0],"colors":[7122329,6396809,8434380,6990537]},{"id":14020,"name":"Bones","type":10,"category":0,"actions":[],"coordinates":[[9348,36386]],"size":[1,1,523],"rotations":[0],"colors":[7122329,6396809,8434380,6990537]},{"id":11431,"name":"Rockslide","type":10,"category":0,"actions":[],"coordinates":[[9354,36588],[9390,36408]],"size":[2,2,523],"rotations":[0,0],"colors":[7122329,6396809,8434380,6990537]},{"id":14024,"name":"Bones","type":10,"category":0,"actions":[],"coordinates":[[9354,36384]],"size":[2,2,523],"rotations":[0],"colors":[7122329,6396809,8434380,6990537]},{"id":11427,"name":"Rockslide","type":10,"category":0,"actions":[],"coordinates":[[9378,36588],[9382,36404],[9390,36400],[9418,36408]],"size":[2,2,523],"rotations":[0,0,0,0],"colors":[7122329,6396809,8434380,6990537]},{"id":11382,"name":"Limestone rock","type":10,"category":0,"actions":["Mine"],"coordinates":[[9380,36434],[9388,36434],[9388,36426],[9392,36442],[9396,36434],[9396,36422],[9400,36422],[9404,36430]],"size":[1,1,523],"rotations":[0,0,0,0,0,0,0,0],"colors":[7122329,6396809,8434380,6990537]},{"id":16014,"name":"Inconspicuous rocks (easy)","type":10,"category":0,"actions":["Build"],"coordinates":[[9396,36438]],"size":[1,1,523],"rotations":[0],"colors":[7122329,6396809,8434380,6990537]},{"id":11428,"name":"Rockslide","type":10,"category":0,"actions":[],"coordinates":[[9410,36408],[9414,36448]],"size":[2,2,523],"rotations":[0,0],"colors":[7122329,6396809,8434380,6990537]},{"id":17991,"name":"Bush","type":10,"category":0,"actions":[],"coordinates":[[9456,36510],[9460,36510]],"size":[1,1,523],"rotations":[0,0],"colors":[7122329,6396809,8434380,6990537]},{"id":17990,"name":"Bush","type":10,"category":0,"actions":[],"coordinates":[[9456,36506],[9460,36506],[9464,36506],[9464,36502]],"size":[1,1,523],"rotations":[0,0,0,0],"colors":[7122329,6396809,8434380,6990537]},{"id":17988,"name":"Bush","type":10,"category":0,"actions":[],"coordinates":[[9464,36510]],"size":[1,1,523],"rotations":[0],"colors":[7122329,6396809,8434380,6990537]}]