[{"id":1278,"name":"Tree","type":10,"category":189,"actions":["Chop down"],"coordinates":[[9222,26756],[9226,26732],[9254,26744],[9254,26720],[9298,26696],[9326,26628]],"size":[2,2,523],"rotations":[0,0,0,0,0,0],"colors":[7122329,6396809,8434380,6990537]},{"id":1286,"name":"Dead tree","type":10,"category":189,"actions":["Chop down"],"coordinates":[[9228,26830],[9228,26806],[9236,26814],[9240,26802],[9240,26794],[9256,26798],[9260,26806],[9268,26826]],"size":[1,1,523],"rotations":[0,0,0,0,0,0,0,0],"colors":[7122329,6396809,8434380,6990537]},{"id":875,"name":"Bath","type":10,"category":0,"actions":[],"coordinates":[[9228,26652]],"size":[1,2,523],"rotations":[2],"colors":[7122329,6396809,8434380,6990537]},{"id":690,"name":"Bath screen","type":10,"category":0,"actions":[],"coordinates":[[9230,26646]],"size":[1,2,523],"rotations":[3],"colors":[7122329,6396809,8434380,6990537]},{"id":689,"name":"Mirror","type":10,"category":0,"actions":[],"coordinates":[[9228,26634]],"size":[1,1,523],"rotations":[0],"colors":[7122329,6396809,8434380,6990537]},{"id":10820,"name":"Oak tree","type":10,"category":279,"actions":["Chop down"],"coordinates":[[9236,26718],[9356,26630],[9424,26754],[9440,26734],[9444,26678],[9452,26770],[9452,26702],[9460,26674]],"size":[3,3,523],"rotations":[0,0,0,0,0,0,0,0],"colors":[7122329,6396809,8434380,6990537]},{"id":871,"name":"Bath pipes","type":10,"category":0,"actions":[],"coordinates":[[9232,26654]],"size":[1,1,523],"rotations":[0],"colors":[7122329,6396809,8434380,6990537]},{"id":1540,"name":"Door","type":0,"category":0,"actions":["Open"],"coordinates":[[9232,26642],[9264,26642],[9276,26642]],"size":[1,1,523],"rotations":[0,0,0],"colors":[7122329,6396809,8434380,6990537]},{"id":874,"name":"Sink","type":10,"category":0,"actions":[],"coordinates":[[9232,26636]],"size":[1,2,523],"rotations":[2],"colors":[7122329,6396809,8434380,6990537]},{"id":879,"name":"Fountain","type":10,"category":244,"actions":[],"coordinates":[[9238,26688],[9282,26688]],"size":[2,2,523],"rotations":[0,0],"colors":[7122329,6396809,8434380,6990537]},{"id":348,"name":"Drawers","type":10,"category":0,"actions":["Open"],"coordinates":[[9236,26650],[9240,26650],[9268,26634]],"size":[1,1,523],"rotations":[0,0,0],"colors":[7122329,6396809,8434380,6990537]},{"id":894,"name":"Landscape","type":4,"category":0,"actions":[],"coordinates":[[9236,26646],[9252,26638]],"size":[1,1,523],"rotations":[0,0],"colors":[7122329,6396809,8434380,6990537]},{"id":893,"name":"Painting","type":4,"category":0,"actions":[],"coordinates":[[9236,26634],[9280,26646]],"size":[1,1,523],"rotations":[0,0],"colors":[7122329,6396809,8434380,6990537]},{"id":1282,"name":"Dead tree","type":10,"category":189,"actions":["Chop down"],"coordinates":[[9242,26824],[9266,26816]],"size":[2,2,523],"rotations":[0,0],"colors":[7122329,6396809,8434380,6990537]},{"id":1153,"name":"Potted fern","type":10,"category":0,"actions":[],"coordinates":[[9240,26630],[9288,26630],[9360,26758]],"size":[1,1,523],"rotations":[0,0,0],"colors":[7122329,6396809,8434380,6990537]},{"id":2711,"name":"Stairs","type":10,"category":0,"actions":["Climb-up","Investigate"],"coordinates":[[9246,26642]],"size":[2,3,523],"rotations":[2],"colors":[7122329,6396809,8434380,6990537]},{"id":1277,"name":"Tree","type":10,"category":189,"actions":["Chop down"],"coordinates":[[9250,26872],[9254,26852]],"size":[2,2,523],"rotations":[0,0],"colors":[7122329,6396809,8434380,6990537]},{"id":881,"name":"Manhole","type":10,"category":0,"actions":["Open"],"coordinates":[[9248,26758]],"size":[1,1,523],"rotations":[0],"colors":[7122329,6396809,8434380,6990537]},{"id":1124,"name":"Bush","type":10,"category":0,"actions":[],"coordinates":[[9252,26674],[9268,26674]],"size":[1,1,523],"rotations":[0,0],"colors":[7122329,6396809,8434380,6990537]},{"id":892,"name":"Painting","type":4,"category":0,"actions":[],"coordinates":[[9252,26646],[9268,26646]],"size":[1,1,523],"rotations":[0,0],"colors":[7122329,6396809,8434380,6990537]},{"id":1158,"name":"Potted plant","type":10,"category":0,"actions":[],"coordinates":[[9256,26762],[9256,26638],[9316,26750],[9328,26682],[9332,26766],[9348,26770],[9352,26646],[9364,26762]],"size":[1,1,523],"rotations":[0,0,0,0,0,0,0,0],"colors":[7122329,6396809,8434380,6990537]},{"id":15465,"name":"Display board","type":10,"category":0,"actions":[],"coordinates":[[9256,26758],[9284,26758]],"size":[1,1,523],"rotations":[0,0],"colors":[7122329,6396809,8434380,6990537]},{"id":575,"name":"Statue","type":10,"category":0,"actions":[],"coordinates":[[9256,26650],[9264,26650]],"size":[1,1,523],"rotations":[0,0],"colors":[7122329,6396809,8434380,6990537]},{"id":2705,"name":"Door","type":0,"category":0,"actions":["Open"],"coordinates":[[9256,26642]],"size":[1,1,523],"rotations":[0],"colors":[7122329,6396809,8434380,6990537]},{"id":364,"name":"Barrel","type":10,"category":0,"actions":[],"coordinates":[[9256,26634],[9260,26634],[9308,26838],[9384,26842],[9436,26798],[9448,26838]],"size":[1,1,523],"rotations":[0,0,0,0,0,0],"colors":[7122329,6396809,8434380,6990537]},{"id":29496,"name":"Fairy ring","type":10,"category":0,"actions":["Zanaris","Configure","Last-destination (AIP)"],"coordinates":[[9260,26870]],"size":[1,1,523],"rotations":[0],"colors":[7122329,6396809,8434380,6990537]},{"id":1280,"name":"Tree","type":10,"category":189,"actions":["Chop down"],"coordinates":[[9262,26856]],"size":[2,2,523],"rotations":[0],"colors":[7122329,6396809,8434380,6990537]},{"id":1568,"name":"Gate","type":0,"category":0,"actions":["Open"],"coordinates":[[9260,26706]],"size":[1,1,523],"rotations":[0],"colors":[7122329,6396809,8434380,6990537]},{"id":2706,"name":"Door","type":0,"category":0,"actions":["Open"],"coordinates":[[9260,26650]],"size":[1,1,523],"rotations":[0],"colors":[7122329,6396809,8434380,6990537]},{"id":15464,"name":"Picture","type":4,"category":0,"actions":[],"coordinates":[[9264,26758],[9276,26770]],"size":[1,1,523],"rotations":[0,0],"colors":[7122329,6396809,8434380,6990537]},{"id":1569,"name":"Gate","type":0,"category":0,"actions":["Open"],"coordinates":[[9264,26706]],"size":[1,1,523],"rotations":[0],"colors":[7122329,6396809,8434380,6990537]},{"id":374,"name":"Hat stand","type":10,"category":153,"actions":[],"coordinates":[[9264,26638]],"size":[1,1,523],"rotations":[0],"colors":[7122329,6396809,8434380,6990537]},{"id":1088,"name":"Chair","type":10,"category":0,"actions":[],"coordinates":[[9268,26770],[9332,26786],[9392,26762],[9396,26766],[9448,26654],[9452,26650]],"size":[1,1,523],"rotations":[0,0,0,0,0,0],"colors":[7122329,6396809,8434380,6990537]},{"id":612,"name":"Counter","type":10,"category":156,"actions":[],"coordinates":[[9270,26766],[9294,26854],[9306,26854],[9318,26758],[9328,26764],[9360,26768],[9412,26672],[9412,26660]],"size":[2,1,523],"rotations":[2,2,2,0,1,1,1,1],"colors":[7122329,6396809,8434380,6990537]},{"id":346,"name":"Cabinet","type":10,"category":0,"actions":[],"coordinates":[[9268,26650],[9276,26646],[9276,26638],[9420,26666]],"size":[1,1,523],"rotations":[0,0,0,0],"colors":[7122329,6396809,8434380,6990537]},{"id":347,"name":"Cabinet","type":10,"category":0,"actions":[],"coordinates":[[9268,26638]],"size":[1,1,523],"rotations":[0],"colors":[7122329,6396809,8434380,6990537]},{"id":2708,"name":"Crate","type":10,"category":0,"actions":["Investigate"],"coordinates":[[9272,26654],[9320,26850]],"size":[1,1,523],"rotations":[0,0],"colors":[7122329,6396809,8434380,6990537]},{"id":574,"name":"Statue","type":10,"category":0,"actions":[],"coordinates":[[9276,26674],[9316,26810],[9316,26790]],"size":[1,1,523],"rotations":[0,0,0],"colors":[7122329,6396809,8434380,6990537]},{"id":1276,"name":"Tree","type":10,"category":189,"actions":["Chop down"],"coordinates":[[9282,26788],[9314,26664],[9374,26784],[9426,26624],[9438,26776],[9438,26652],[9446,26752],[9462,26788],[9462,26732]],"size":[2,2,523],"rotations":[0,0,0,0,0,0,0,0,0],"colors":[7122329,6396809,8434380,6990537]},{"id":608,"name":"Study desk","type":10,"category":154,"actions":[],"coordinates":[[9282,26766]],"size":[2,1,523],"rotations":[0],"colors":[7122329,6396809,8434380,6990537]},{"id":891,"name":"Landscape","type":4,"category":0,"actions":[],"coordinates":[[9280,26638],[9316,26722]],"size":[1,1,523],"rotations":[0,0],"colors":[7122329,6396809,8434380,6990537]},{"id":595,"name":"Table","type":10,"category":156,"actions":[],"coordinates":[[9282,26634],[9304,26736],[9374,26626]],"size":[2,1,523],"rotations":[0,3,0],"colors":[7122329,6396809,8434380,6990537]},{"id":307,"name":"Cart","type":10,"category":0,"actions":[],"coordinates":[[9286,26830],[9434,26702]],"size":[2,3,523],"rotations":[0,2],"colors":[7122329,6396809,8434380,6990537]},{"id":15562,"name":"Dragon's head","type":10,"category":0,"actions":[],"coordinates":[[9284,26650]],"size":[1,1,523],"rotations":[0],"colors":[7122329,6396809,8434380,6990537]},{"id":1096,"name":"Rocking chair","type":10,"category":0,"actions":[],"coordinates":[[9284,26642],[9292,26638]],"size":[1,1,523],"rotations":[0,0],"colors":[7122329,6396809,8434380,6990537]},{"id":362,"name":"Barrel","type":10,"category":0,"actions":[],"coordinates":[[9288,26858],[9308,26842],[9324,26854],[9324,26850],[9328,26858],[9364,26834],[9364,26830],[9380,26838],[9416,26654],[9416,26650],[9456,26830]],"size":[1,1,523],"rotations":[0,0,0,0,0,0,0,0,0,0,0],"colors":[7122329,6396809,8434380,6990537]},{"id":352,"name":"Drawers","type":10,"category":0,"actions":["Open"],"coordinates":[[9288,26654]],"size":[1,1,523],"rotations":[0],"colors":[7122329,6396809,8434380,6990537]},{"id":17482,"name":"Dragon's head","type":10,"category":0,"actions":[],"coordinates":[[9292,26646]],"size":[1,1,523],"rotations":[0],"colors":[7122329,6396809,8434380,6990537]},{"id":906,"name":"Bull's head","type":4,"category":0,"actions":[],"coordinates":[[9292,26642]],"size":[1,1,523],"rotations":[0],"colors":[7122329,6396809,8434380,6990537]},{"id":1535,"name":"Door","type":0,"category":0,"actions":["Open"],"coordinates":[[9296,26842],[9300,26678],[9312,26738],[9320,26746],[9320,26714],[9344,26766],[9356,26654],[9372,26818],[9384,26758],[9392,26830],[9396,26670],[9400,26654],[9420,26794],[9424,26814]],"size":[1,1,523],"rotations":[0,0,0,0,0,0,0,0,0,0,0,0,0,0],"colors":[7122329,6396809,8434380,6990537]},{"id":602,"name":"Table","type":10,"category":155,"actions":[],"coordinates":[[9300,26854],[9404,26650],[9448,26650]],"size":[1,1,523],"rotations":[0,0,0],"colors":[7122329,6396809,8434380,6990537]},{"id":1013,"name":"Cooking shelves","type":10,"category":0,"actions":[],"coordinates":[[9300,26746],[9308,26746]],"size":[1,1,523],"rotations":[0,0],"colors":[7122329,6396809,8434380,6990537]},{"id":350,"name":"Drawers","type":10,"category":0,"actions":["Open"],"coordinates":[[9300,26742]],"size":[1,1,523],"rotations":[0],"colors":[7122329,6396809,8434380,6990537]},{"id":1090,"name":"Chair","type":10,"category":0,"actions":[],"coordinates":[[9300,26738],[9300,26734],[9308,26734]],"size":[1,1,523],"rotations":[0,0,0],"colors":[7122329,6396809,8434380,6990537]},{"id":16668,"name":"Staircase","type":10,"category":0,"actions":["Climb-up"],"coordinates":[[9308,26726],[9312,26754],[9368,26766]],"size":[1,3,523],"rotations":[3,2,0],"colors":[7122329,6396809,8434380,6990537]},{"id":26801,"name":"Poll booth","type":10,"category":761,"actions":["Use"],"coordinates":[[9308,26818]],"size":[1,1,523],"rotations":[0],"colors":[7122329,6396809,8434380,6990537]},{"id":361,"name":"Boxes","type":10,"category":242,"actions":["Search"],"coordinates":[[9312,26858],[9316,26854],[9316,26842],[9388,26838],[9396,26806],[9400,26802],[9432,26806],[9432,26798]],"size":[1,1,523],"rotations":[0,0,0,0,0,0,0,0],"colors":[7122329,6396809,8434380,6990537]},{"id":26181,"name":"Range","type":10,"category":0,"actions":["Cook"],"coordinates":[[9312,26744]],"size":[1,2,523],"rotations":[2],"colors":[7122329,6396809,8434380,6990537]},{"id":16671,"name":"Staircase","type":10,"category":0,"actions":["Climb-up"],"coordinates":[[9314,26692],[9414,26732]],"size":[2,2,523],"rotations":[0,0],"colors":[7122329,6396809,8434380,6990537]},{"id":355,"name":"Crate","type":10,"category":0,"actions":["Search"],"coordinates":[[9316,26858],[9452,26830]],"size":[1,1,523],"rotations":[0,0],"colors":[7122329,6396809,8434380,6990537]},{"id":609,"name":"Workbench","type":10,"category":154,"actions":[],"coordinates":[[9318,26830]],"size":[2,1,523],"rotations":[2],"colors":[7122329,6396809,8434380,6990537]},{"id":354,"name":"Crate","type":10,"category":0,"actions":["Search"],"coordinates":[[9320,26858],[9320,26854]],"size":[1,1,523],"rotations":[0,0],"colors":[7122329,6396809,8434380,6990537]},{"id":359,"name":"Boxes","type":10,"category":242,"actions":["Search"],"coordinates":[[9320,26846],[9380,26846],[9384,26838],[9428,26702],[9432,26818],[9432,26810]],"size":[1,1,523],"rotations":[0,0,0,0,0,0],"colors":[7122329,6396809,8434380,6990537]},{"id":2707,"name":"Crate","type":10,"category":0,"actions":["Investigate"],"coordinates":[[9320,26842]],"size":[1,1,523],"rotations":[0],"colors":[7122329,6396809,8434380,6990537]},{"id":16683,"name":"Ladder","type":10,"category":0,"actions":["Climb-up"],"coordinates":[[9320,26810],[9320,26790],[9380,26774],[9416,26698]],"size":[1,1,523],"rotations":[0,0,0,0],"colors":[7122329,6396809,8434380,6990537]},{"id":817,"name":"Suit of armour","type":10,"category":0,"actions":[],"coordinates":[[9324,26734],[9324,26726],[9392,26658],[9408,26658]],"size":[1,1,523],"rotations":[0,0,0,0],"colors":[7122329,6396809,8434380,6990537]},{"id":604,"name":"Table","type":10,"category":154,"actions":[],"coordinates":[[9324,26694],[9396,26762],[9412,26710]],"size":[1,1,523],"rotations":[0,0,0],"colors":[7122329,6396809,8434380,6990537]},{"id":961,"name":"Bank notice board","type":4,"category":0,"actions":[],"coordinates":[[9332,26786],[9352,26806],[9352,26794]],"size":[1,1,523],"rotations":[0,0,0],"colors":[7122329,6396809,8434380,6990537]},{"id":1541,"name":"Door","type":9,"category":0,"actions":["Close"],"coordinates":[[9332,26750]],"size":[1,1,523],"rotations":[0],"colors":[7122329,6396809,8434380,6990537]},{"id":10529,"name":"Bank Deposit Box","type":10,"category":276,"actions":["Deposit"],"coordinates":[[9336,26814]],"size":[1,1,523],"rotations":[0],"colors":[7122329,6396809,8434380,6990537]},{"id":1106,"name":"Bench","type":10,"category":0,"actions":[],"coordinates":[[9338,26766],[9394,26870]],"size":[2,1,523],"rotations":[2,0],"colors":[7122329,6396809,8434380,6990537]},{"id":35820,"name":"<col=ffff00>Man</col>","type":10,"category":0,"actions":[],"coordinates":[[9336,26738],[9340,26722],[9348,26734],[9352,26742],[9356,26726],[9356,26710],[9364,26746],[9364,26714],[9372,26734],[9380,26718],[9384,26738],[9388,26730],[9388,26710],[9396,26742]],"size":[1,1,523],"rotations":[0,0,0,0,0,0,0,0,0,0,0,0,0,0],"colors":[7122329,6396809,8434380,6990537]},{"id":35822,"name":"<col=ffff00>Man</col>","type":10,"category":0,"actions":[],"coordinates":[[9336,26726],[9348,26742],[9352,26714],[9356,26730],[9364,26722],[9368,26738],[9372,26726],[9376,26718],[9384,26734],[9392,26742],[9392,26722]],"size":[1,1,523],"rotations":[0,0,0,0,0,0,0,0,0,0,0],"colors":[7122329,6396809,8434380,6990537]},{"id":35823,"name":"<col=ffff00>Man</col>","type":10,"category":0,"actions":[],"coordinates":[[9336,26722],[9348,26730],[9356,26742],[9360,26726],[9364,26710],[9368,26718],[9376,26734],[9384,26722],[9388,26738],[9392,26730]],"size":[1,1,523],"rotations":[0,0,0,0,0,0,0,0,0,0],"colors":[7122329,6396809,8434380,6990537]},{"id":695,"name":"Clothes model","type":10,"category":0,"actions":[],"coordinates":[[9336,26658]],"size":[1,1,523],"rotations":[0],"colors":[7122329,6396809,8434380,6990537]},{"id":607,"name":"Table","type":10,"category":154,"actions":[],"coordinates":[[9338,26654]],"size":[1,2,523],"rotations":[3],"colors":[7122329,6396809,8434380,6990537]},{"id":35818,"name":"<col=ffff00>Man</col>","type":10,"category":0,"actions":[],"coordinates":[[9340,26730],[9344,26742],[9344,26714],[9348,26722],[9356,26754],[9360,26718],[9364,26738],[9368,26726],[9384,26742],[9388,26726],[9388,26714],[9396,26730]],"size":[1,1,523],"rotations":[0,0,0,0,0,0,0,0,0,0,0,0],"colors":[7122329,6396809,8434380,6990537]},{"id":35821,"name":"<col=ffff00>Man</col>","type":10,"category":0,"actions":[],"coordinates":[[9340,26726],[9344,26750],[9344,26738],[9352,26710],[9356,26734],[9360,26742],[9364,26726],[9368,26714],[9376,26730],[9380,26738],[9380,26722],[9388,26746],[9392,26726],[9400,26734]],"size":[1,1,523],"rotations":[0,0,0,0,0,0,0,0,0,0,0,0,0,0],"colors":[7122329,6396809,8434380,6990537]},{"id":35828,"name":"<col=ffff00>Woman</col>","type":10,"category":0,"actions":[],"coordinates":[[9340,26718],[9348,26738],[9352,26726],[9360,26734],[9372,26742],[9372,26714],[9380,26730],[9392,26746],[9392,26718]],"size":[1,1,523],"rotations":[0,0,0,0,0,0,0,0,0],"colors":[7122329,6396809,8434380,6990537]},{"id":17026,"name":"Ladder","type":10,"category":0,"actions":["Climb-up"],"coordinates":[[9340,26646]],"size":[1,1,523],"rotations":[0],"colors":[7122329,6396809,8434380,6990537]},{"id":2515,"name":"Row boat","type":11,"category":0,"actions":[],"coordinates":[[9348,26870]],"size":[3,3,523],"rotations":[0],"colors":[7122329,6396809,8434380,6990537]},{"id":10355,"name":"Bank booth","type":10,"category":684,"actions":["Bank","Collect"],"coordinates":[[9344,26814],[9344,26802],[9344,26790]],"size":[1,1,523],"rotations":[0,0,0],"colors":[7122329,6396809,8434380,6990537]},{"id":591,"name":"Bank table","type":10,"category":154,"actions":[],"coordinates":[[9344,26808],[9404,26644],[9410,26650]],"size":[2,1,523],"rotations":[1,3,2],"colors":[7122329,6396809,8434380,6990537]},{"id":590,"name":"Bank table","type":10,"category":154,"actions":[],"coordinates":[[9344,26796]],"size":[2,1,523],"rotations":[1],"colors":[7122329,6396809,8434380,6990537]},{"id":35829,"name":"<col=ffff00>Woman</col>","type":10,"category":0,"actions":[],"coordinates":[[9344,26734],[9344,26718],[9352,26722],[9356,26746],[9364,26730],[9376,26738],[9388,26722],[9392,26734],[9392,26714]],"size":[1,1,523],"rotations":[0,0,0,0,0,0,0,0,0],"colors":[7122329,6396809,8434380,6990537]},{"id":35827,"name":"<col=ffff00>Woman</col>","type":10,"category":0,"actions":[],"coordinates":[[9344,26730],[9352,26718],[9360,26746],[9364,26734],[9368,26722],[9372,26730],[9380,26714],[9384,26726],[9388,26742],[9388,26718],[9396,26738]],"size":[1,1,523],"rotations":[0,0,0,0,0,0,0,0,0,0,0],"colors":[7122329,6396809,8434380,6990537]},{"id":35819,"name":"<col=ffff00>Man</col>","type":10,"category":0,"actions":[],"coordinates":[[9344,26726],[9352,26746],[9356,26738],[9356,26722],[9356,26714],[9368,26734],[9372,26718],[9376,26742],[9384,26730],[9392,26738]],"size":[1,1,523],"rotations":[0,0,0,0,0,0,0,0,0,0],"colors":[7122329,6396809,8434380,6990537]},{"id":35826,"name":"<col=ffff00>Woman</col>","type":10,"category":0,"actions":[],"coordinates":[[9344,26722],[9352,26730],[9360,26738],[9364,26718],[9376,26726],[9376,26710],[9380,26742],[9384,26714],[9396,26734]],"size":[1,1,523],"rotations":[0,0,0,0,0,0,0,0,0],"colors":[7122329,6396809,8434380,6990537]},{"id":35817,"name":"<col=ffff00>Knight of Ardougne</col>","type":10,"category":0,"actions":[],"coordinates":[[9344,26702],[9356,26702],[9368,26702],[9380,26702],[9392,26702]],"size":[1,1,523],"rotations":[0,0,0,0,0],"colors":[7122329,6396809,8434380,6990537]},{"id":694,"name":"Clothes model","type":10,"category":0,"actions":[],"coordinates":[[9344,26658]],"size":[1,1,523],"rotations":[0],"colors":[7122329,6396809,8434380,6990537]},{"id":1154,"name":"Potted fern","type":10,"category":0,"actions":[],"coordinates":[[9348,26762]],"size":[1,1,523],"rotations":[0],"colors":[7122329,6396809,8434380,6990537]},{"id":35824,"name":"<col=ffff00>Woman</col>","type":10,"category":0,"actions":[],"coordinates":[[9348,26726],[9348,26714],[9352,26734],[9360,26722],[9364,26742],[9368,26730],[9368,26710],[9372,26738],[9380,26726],[9384,26718],[9388,26734]],"size":[1,1,523],"rotations":[0,0,0,0,0,0,0,0,0,0,0],"colors":[7122329,6396809,8434380,6990537]},{"id":35825,"name":"<col=ffff00>Woman</col>","type":10,"category":0,"actions":[],"coordinates":[[9348,26718],[9352,26738],[9360,26730],[9360,26714],[9368,26742],[9376,26722],[9380,26734],[9380,26710],[9396,26726]],"size":[1,1,523],"rotations":[0,0,0,0,0,0,0,0,0],"colors":[7122329,6396809,8434380,6990537]},{"id":873,"name":"Sink","type":10,"category":0,"actions":[],"coordinates":[[9352,26840],[9422,26694]],"size":[1,2,523],"rotations":[0,1],"colors":[7122329,6396809,8434380,6990537]},{"id":1102,"name":"Stool","type":10,"category":0,"actions":[],"coordinates":[[9356,26846],[9368,26846],[9372,26850],[9376,26842],[9392,26862],[9396,26866],[9404,26866],[9408,26850],[9412,26858],[9416,26846],[9420,26850]],"size":[1,1,523],"rotations":[0,0,0,0,0,0,0,0,0,0,0],"colors":[7122329,6396809,8434380,6990537]},{"id":1152,"name":"Potted fern","type":10,"category":0,"actions":[],"coordinates":[[9356,26758]],"size":[1,1,523],"rotations":[0],"colors":[7122329,6396809,8434380,6990537]},{"id":598,"name":"Table","type":10,"category":155,"actions":[],"coordinates":[[9360,26846],[9368,26850],[9372,26842],[9396,26862],[9416,26850],[9468,26838]],"size":[1,1,523],"rotations":[0,0,0,0,0,0],"colors":[7122329,6396809,8434380,6990537]},{"id":1155,"name":"Potted fern","type":10,"category":0,"actions":[],"coordinates":[[9360,26762]],"size":[1,1,523],"rotations":[0],"colors":[7122329,6396809,8434380,6990537]},{"id":15645,"name":"Staircase","type":10,"category":0,"actions":["Climb-up"],"coordinates":[[9372,26648]],"size":[2,3,523],"rotations":[1],"colors":[7122329,6396809,8434380,6990537]},{"id":1391,"name":"Plant","type":10,"category":0,"actions":[],"coordinates":[[9386,26816],[9402,26836],[9414,26824]],"size":[2,2,523],"rotations":[0,0,0],"colors":[7122329,6396809,8434380,6990537]},{"id":376,"name":"Closed chest","type":10,"category":0,"actions":["Open"],"coordinates":[[9392,26642],[9396,26642]],"size":[1,1,523],"rotations":[0,0],"colors":[7122329,6396809,8434380,6990537]},{"id":1156,"name":"Potted flower","type":10,"category":0,"actions":[],"coordinates":[[9396,26774]],"size":[1,1,523],"rotations":[0],"colors":[7122329,6396809,8434380,6990537]},{"id":593,"name":"Table","type":10,"category":157,"actions":[],"coordinates":[[9406,26856],[9454,26636]],"size":[2,2,523],"rotations":[0,0],"colors":[7122329,6396809,8434380,6990537]},{"id":422,"name":"Bed","type":10,"category":0,"actions":[],"coordinates":[[9408,26800],[9412,26800]],"size":[1,2,523],"rotations":[0,0],"colors":[7122329,6396809,8434380,6990537]},{"id":28944,"name":"Inconspicuous hole (elite)","type":10,"category":0,"actions":["Build"],"coordinates":[[9408,26726]],"size":[1,1,523],"rotations":[0],"colors":[7122329,6396809,8434380,6990537]},{"id":15608,"name":"Wooden Beams","type":5,"category":0,"actions":["Climb-up"],"coordinates":[[9412,26742]],"size":[1,1,523],"rotations":[0],"colors":[7122329,6396809,8434380,6990537]},{"id":11735,"name":"Chest","type":10,"category":0,"actions":["Open","Search for traps"],"coordinates":[[9412,26706]],"size":[1,1,523],"rotations":[0],"colors":[7122329,6396809,8434380,6990537]},{"id":11720,"name":"Door","type":0,"category":0,"actions":["Open","Pick-lock"],"coordinates":[[9416,26718]],"size":[1,1,523],"rotations":[0],"colors":[7122329,6396809,8434380,6990537]},{"id":11719,"name":"Door","type":0,"category":0,"actions":["Open","Pick-lock"],"coordinates":[[9416,26714]],"size":[1,1,523],"rotations":[0],"colors":[7122329,6396809,8434380,6990537]},{"id":605,"name":"Table","type":10,"category":155,"actions":[],"coordinates":[[9420,26722]],"size":[1,1,523],"rotations":[0],"colors":[7122329,6396809,8434380,6990537]},{"id":836,"name":"Bow cabinet","type":10,"category":0,"actions":[],"coordinates":[[9420,26672]],"size":[1,2,523],"rotations":[2],"colors":[7122329,6396809,8434380,6990537]},{"id":834,"name":"Sword cabinet","type":10,"category":0,"actions":[],"coordinates":[[9420,26660]],"size":[1,2,523],"rotations":[2],"colors":[7122329,6396809,8434380,6990537]},{"id":360,"name":"Boxes","type":10,"category":242,"actions":["Search"],"coordinates":[[9428,26802],[9428,26698]],"size":[1,1,523],"rotations":[0,0],"colors":[7122329,6396809,8434380,6990537]},{"id":35802,"name":"Fishing net","type":11,"category":0,"actions":[],"coordinates":[[9432,26838],[9460,26838]],"size":[1,1,523],"rotations":[0,0],"colors":[7122329,6396809,8434380,6990537]},{"id":1524,"name":"Large door","type":0,"category":0,"actions":["Open"],"coordinates":[[9432,26638]],"size":[1,1,523],"rotations":[0],"colors":[7122329,6396809,8434380,6990537]},{"id":1521,"name":"Large door","type":0,"category":0,"actions":["Open"],"coordinates":[[9432,26634]],"size":[1,1,523],"rotations":[0],"colors":[7122329,6396809,8434380,6990537]},{"id":35800,"name":"Barrel","type":10,"category":0,"actions":[],"coordinates":[[9436,26838],[9440,26838],[9464,26838]],"size":[1,1,523],"rotations":[0,0,0],"colors":[7122329,6396809,8434380,6990537]},{"id":907,"name":"Charms","type":5,"category":0,"actions":[],"coordinates":[[9436,26642],[9460,26646]],"size":[1,1,523],"rotations":[0,0],"colors":[7122329,6396809,8434380,6990537]},{"id":9744,"name":"Ship's ladder","type":10,"category":0,"actions":["Climb-up"],"coordinates":[[9448,26866]],"size":[1,1,523],"rotations":[0],"colors":[7122329,6396809,8434380,6990537]},{"id":1020,"name":"Shelf","type":4,"category":0,"actions":[],"coordinates":[[9448,26654]],"size":[1,1,523],"rotations":[0],"colors":[7122329,6396809,8434380,6990537]},{"id":724,"name":"Standing torch","type":10,"category":0,"actions":[],"coordinates":[[9448,26646],[9452,26626],[9460,26646],[9464,26634]],"size":[1,1,523],"rotations":[0,0,0,0],"colors":[7122329,6396809,8434380,6990537]},{"id":1019,"name":"Shelf","type":4,"category":0,"actions":[],"coordinates":[[9448,26646]],"size":[1,1,523],"rotations":[0],"colors":[7122329,6396809,8434380,6990537]},{"id":2085,"name":"Gangplank","type":10,"category":0,"actions":["Cross"],"coordinates":[[9452,26854]],"size":[1,1,523],"rotations":[0],"colors":[7122329,6396809,8434380,6990537]},{"id":908,"name":"Magical symbol","type":4,"category":0,"actions":[],"coordinates":[[9452,26662],[9456,26662],[9456,26626],[9464,26634]],"size":[1,1,523],"rotations":[0,0,0,0],"colors":[7122329,6396809,8434380,6990537]},{"id":366,"name":"Crate","type":10,"category":0,"actions":["Search"],"coordinates":[[9460,26830]],"size":[1,1,523],"rotations":[0],"colors":[7122329,6396809,8434380,6990537]},{"id":1021,"name":"Shelf","type":4,"category":0,"actions":[],"coordinates":[[9460,26654]],"size":[1,1,523],"rotations":[0],"colors":[7122329,6396809,8434380,6990537]},{"id":260,"name":"Figurehead","type":10,"category":0,"actions":[],"coordinates":[[9470,26866]],"size":[2,1,523],"rotations":[2],"colors":[7122329,6396809,8434380,6990537]}]