{
  "id": 10010,
  "name": "Butterfly net",
  "resizeX": 128,
  "resizeY": 128,
  "resizeZ": 128,
  "xan2d": 152,
  "yan2d": 1956,
  "zan2d": 0,
  "cost": 20,
  "tradeable": true,
  "stackable": false,
  "inventoryModel": 19407,
  "wearPos1": 3,
  "wearPos2": 0,
  "wearPos3": 0,
  "members": true,
  "zoom2d": 1440,
  "xOffset2d": -7,
  "yOffset2d": 1,
  "ambient": 60,
  "contrast": 0,
  "options": [
    null,
    null,
    "Take",
    null,
    null
  ],
  "interfaceOptions": [
    null,
    "Wield",
    "Check totals",
    null,
    "Drop"
  ],
  "maleModel0": 19840,
  "maleModel1": -1,
  "maleModel2": -1,
  "maleOffset": 0,
  "maleHeadModel": -1,
  "maleHeadModel2": -1,
  "femaleModel0": 19840,
  "femaleModel1": -1,
  "femaleModel2": -1,
  "femaleOffset": 6,
  "femaleHeadModel": -1,
  "femaleHeadModel2": -1,
  "category": 36,
  "notedID": 10011,
  "notedTemplate": -1,
  "team": 0,
  "weight": 226,
  "shiftClickDropIndex": -2,
  "boughtId": -1,
  "boughtTemplateId": -1,
  "placeholderId": 15420,
  "placeholderTemplateId": -1,
  "params": {
    "453": "Check Totals"
  }
}