{
  "id": 10025,
  "name": "Magic box",
  "resizeX": 128,
  "resizeY": 128,
  "resizeZ": 128,
  "xan2d": 164,
  "yan2d": 1852,
  "zan2d": 0,
  "cost": 600,
  "tradeable": true,
  "stackable": false,
  "inventoryModel": 19969,
  "wearPos1": 0,
  "wearPos2": 0,
  "wearPos3": 0,
  "members": true,
  "colorFind": [
    18343,
    -13519,
    11187,
    -24665,
    685
  ],
  "colorReplace": [
    66,
    66,
    127,
    0,
    0
  ],
  "zoom2d": 1070,
  "xOffset2d": 0,
  "yOffset2d": -4,
  "ambient": 30,
  "contrast": 30,
  "options": [
    null,
    null,
    "Take",
    "Activate",
    null
  ],
  "interfaceOptions": [
    "Activate",
    null,
    null,
    null,
    "Drop"
  ],
  "maleModel0": -1,
  "maleModel1": -1,
  "maleModel2": -1,
  "maleOffset": 0,
  "maleHeadModel": -1,
  "maleHeadModel2": -1,
  "femaleModel0": -1,
  "femaleModel1": -1,
  "femaleModel2": -1,
  "femaleOffset": 0,
  "femaleHeadModel": -1,
  "femaleHeadModel2": -1,
  "category": 0,
  "notedID": 10026,
  "notedTemplate": -1,
  "team": 0,
  "weight": 1000,
  "shiftClickDropIndex": -2,
  "boughtId": -1,
  "boughtTemplateId": -1,
  "placeholderId": 15428,
  "placeholderTemplateId": -1
}