{
  "id": 10020,
  "name": "Ruby harvest",
  "resizeX": 128,
  "resizeY": 128,
  "resizeZ": 128,
  "xan2d": 280,
  "yan2d": 1756,
  "zan2d": 0,
  "cost": 18,
  "tradeable": true,
  "stackable": false,
  "inventoryModel": 19406,
  "wearPos1": 0,
  "wearPos2": 0,
  "wearPos3": 0,
  "members": true,
  "colorFind": [
    -25644
  ],
  "colorReplace": [
    943
  ],
  "zoom2d": 590,
  "xOffset2d": 13,
  "yOffset2d": 60,
  "ambient": 0,
  "contrast": 0,
  "options": [
    null,
    null,
    "Take",
    null,
    null
  ],
  "interfaceOptions": [
    null,
    null,
    null,
    "Release",
    "Drop"
  ],
  "maleModel0": -1,
  "maleModel1": -1,
  "maleModel2": -1,
  "maleOffset": 0,
  "maleHeadModel": -1,
  "maleHeadModel2": -1,
  "femaleModel0": -1,
  "femaleModel1": -1,
  "femaleModel2": -1,
  "femaleOffset": 0,
  "femaleHeadModel": -1,
  "femaleHeadModel2": -1,
  "category": 604,
  "notedID": 10021,
  "notedTemplate": -1,
  "team": 0,
  "weight": 20,
  "shiftClickDropIndex": -2,
  "boughtId": -1,
  "boughtTemplateId": -1,
  "placeholderId": 15425,
  "placeholderTemplateId": -1
}