{
  "id": 10029,
  "name": "Teasing stick",
  "resizeX": 128,
  "resizeY": 128,
  "resizeZ": 128,
  "xan2d": 312,
  "yan2d": 558,
  "zan2d": 0,
  "cost": 50,
  "tradeable": true,
  "stackable": false,
  "inventoryModel": 19438,
  "wearPos1": 3,
  "wearPos2": 0,
  "wearPos3": 0,
  "members": true,
  "zoom2d": 1872,
  "xOffset2d": -9,
  "yOffset2d": 35,
  "ambient": 0,
  "contrast": 0,
  "options": [
    null,
    null,
    "Take",
    null,
    null
  ],
  "interfaceOptions": [
    null,
    null,
    null,
    null,
    "Drop"
  ],
  "maleModel0": 19844,
  "maleModel1": -1,
  "maleModel2": -1,
  "maleOffset": 0,
  "maleHeadModel": -1,
  "maleHeadModel2": -1,
  "femaleModel0": 19844,
  "femaleModel1": -1,
  "femaleModel2": -1,
  "femaleOffset": 6,
  "femaleHeadModel": -1,
  "femaleHeadModel2": -1,
  "category": 66,
  "notedID": 10030,
  "notedTemplate": -1,
  "team": 0,
  "weight": 453,
  "shiftClickDropIndex": -2,
  "boughtId": -1,
  "boughtTemplateId": -1,
  "placeholderId": 15414,
  "placeholderTemplateId": -1
}