{
  "id": 10039,
  "name": "Kyatt hat",
  "resizeX": 128,
  "resizeY": 128,
  "resizeZ": 128,
  "xan2d": 189,
  "yan2d": 9,
  "zan2d": 0,
  "cost": 1000,
  "tradeable": true,
  "stackable": false,
  "inventoryModel": 19452,
  "wearPos1": 0,
  "wearPos2": 8,
  "wearPos3": 0,
  "members": true,
  "zoom2d": 919,
  "xOffset2d": 0,
  "yOffset2d": -38,
  "ambient": 0,
  "contrast": 0,
  "options": [
    null,
    null,
    "Take",
    null,
    null
  ],
  "interfaceOptions": [
    null,
    "Wear",
    null,
    null,
    "Drop"
  ],
  "maleModel0": 19820,
  "maleModel1": -1,
  "maleModel2": -1,
  "maleOffset": 0,
  "maleHeadModel": 19800,
  "maleHeadModel2": -1,
  "femaleModel0": 19861,
  "femaleModel1": -1,
  "femaleModel2": -1,
  "femaleOffset": 0,
  "femaleHeadModel": 19804,
  "femaleHeadModel2": -1,
  "category": 573,
  "notedID": 10040,
  "notedTemplate": -1,
  "team": 0,
  "weight": 226,
  "shiftClickDropIndex": -2,
  "boughtId": -1,
  "boughtTemplateId": -1,
  "placeholderId": 15356,
  "placeholderTemplateId": -1
}