{
  "id": 10047,
  "name": "Graahk legs",
  "resizeX": 128,
  "resizeY": 128,
  "resizeZ": 128,
  "xan2d": 567,
  "yan2d": 0,
  "zan2d": 0,
  "cost": 150,
  "tradeable": true,
  "stackable": false,
  "inventoryModel": 19450,
  "wearPos1": 7,
  "wearPos2": 0,
  "wearPos3": 0,
  "members": true,
  "zoom2d": 1762,
  "xOffset2d": 0,
  "yOffset2d": 3,
  "ambient": 0,
  "contrast": 0,
  "options": [
    null,
    null,
    "Take",
    null,
    null
  ],
  "interfaceOptions": [
    null,
    "Wear",
    null,
    null,
    "Drop"
  ],
  "maleModel0": 19824,
  "maleModel1": -1,
  "maleModel2": -1,
  "maleOffset": 0,
  "maleHeadModel": -1,
  "maleHeadModel2": -1,
  "femaleModel0": 19864,
  "femaleModel1": -1,
  "femaleModel2": -1,
  "femaleOffset": 0,
  "femaleHeadModel": -1,
  "femaleHeadModel2": -1,
  "category": 575,
  "notedID": 10048,
  "notedTemplate": -1,
  "team": 0,
  "weight": 226,
  "shiftClickDropIndex": -2,
  "boughtId": -1,
  "boughtTemplateId": -1,
  "placeholderId": 15360,
  "placeholderTemplateId": -1
}