{
  "id": 10045,
  "name": "Larupia hat",
  "resizeX": 128,
  "resizeY": 128,
  "resizeZ": 128,
  "xan2d": 180,
  "yan2d": 2030,
  "zan2d": 0,
  "cost": 500,
  "tradeable": true,
  "stackable": false,
  "inventoryModel": 19455,
  "wearPos1": 0,
  "wearPos2": 8,
  "wearPos3": 0,
  "members": true,
  "zoom2d": 854,
  "xOffset2d": 0,
  "yOffset2d": -16,
  "ambient": 0,
  "contrast": 0,
  "options": [
    null,
    null,
    "Take",
    null,
    null
  ],
  "interfaceOptions": [
    null,
    "Wear",
    null,
    null,
    "Drop"
  ],
  "maleModel0": 19821,
  "maleModel1": -1,
  "maleModel2": -1,
  "maleOffset": 0,
  "maleHeadModel": 19801,
  "maleHeadModel2": -1,
  "femaleModel0": 19862,
  "femaleModel1": -1,
  "femaleModel2": -1,
  "femaleOffset": 0,
  "femaleHeadModel": 19805,
  "femaleHeadModel2": -1,
  "category": 574,
  "notedID": 10046,
  "notedTemplate": -1,
  "team": 0,
  "weight": 226,
  "shiftClickDropIndex": -2,
  "boughtId": -1,
  "boughtTemplateId": -1,
  "placeholderId": 15359,
  "placeholderTemplateId": -1
}