{
  "id": 10043,
  "name": "Larupia top",
  "resizeX": 128,
  "resizeY": 128,
  "resizeZ": 128,
  "xan2d": 609,
  "yan2d": 3,
  "zan2d": 0,
  "cost": 100,
  "tradeable": true,
  "stackable": false,
  "inventoryModel": 19457,
  "wearPos1": 4,
  "wearPos2": 6,
  "wearPos3": 0,
  "members": true,
  "zoom2d": 1308,
  "xOffset2d": 0,
  "yOffset2d": 5,
  "ambient": 0,
  "contrast": 0,
  "options": [
    null,
    null,
    "Take",
    null,
    null
  ],
  "interfaceOptions": [
    null,
    "Wear",
    null,
    null,
    "Drop"
  ],
  "maleModel0": 19831,
  "maleModel1": 19810,
  "maleModel2": -1,
  "maleOffset": 0,
  "maleHeadModel": -1,
  "maleHeadModel2": -1,
  "femaleModel0": 19871,
  "femaleModel1": 19856,
  "femaleModel2": -1,
  "femaleOffset": 0,
  "femaleHeadModel": -1,
  "femaleHeadModel2": -1,
  "category": 574,
  "notedID": 10044,
  "notedTemplate": -1,
  "team": 0,
  "weight": 226,
  "shiftClickDropIndex": -2,
  "boughtId": -1,
  "boughtTemplateId": -1,
  "placeholderId": 15358,
  "placeholderTemplateId": -1
}