{
  "id": 1007,
  "name": "Red cape",
  "resizeX": 128,
  "resizeY": 128,
  "resizeZ": 128,
  "xan2d": 400,
  "yan2d": 948,
  "zan2d": 0,
  "cost": 2,
  "tradeable": true,
  "stackable": false,
  "inventoryModel": 2603,
  "wearPos1": 1,
  "wearPos2": 0,
  "wearPos3": 0,
  "members": false,
  "colorFind": [
    7700,
    11200
  ],
  "colorReplace": [
    1950,
    2749
  ],
  "zoom2d": 2140,
  "xOffset2d": 3,
  "yOffset2d": 6,
  "ambient": 0,
  "contrast": 0,
  "options": [
    null,
    null,
    "Take",
    null,
    null
  ],
  "interfaceOptions": [
    null,
    "Wear",
    null,
    null,
    "Drop"
  ],
  "maleModel0": 323,
  "maleModel1": -1,
  "maleModel2": -1,
  "maleOffset": 0,
  "maleHeadModel": -1,
  "maleHeadModel2": -1,
  "femaleModel0": 481,
  "femaleModel1": -1,
  "femaleModel2": -1,
  "femaleOffset": 0,
  "femaleHeadModel": -1,
  "femaleHeadModel2": -1,
  "category": 0,
  "notedID": 1008,
  "notedTemplate": -1,
  "team": 0,
  "weight": 453,
  "shiftClickDropIndex": -2,
  "boughtId": -1,
  "boughtTemplateId": -1,
  "placeholderId": 14371,
  "placeholderTemplateId": -1
}