{
  "id": 10077,
  "name": "Spiky vambraces",
  "resizeX": 128,
  "resizeY": 128,
  "resizeZ": 128,
  "xan2d": 196,
  "yan2d": 1784,
  "zan2d": 0,
  "cost": 160,
  "tradeable": true,
  "stackable": false,
  "inventoryModel": 11397,
  "wearPos1": 9,
  "wearPos2": 0,
  "wearPos3": 0,
  "members": true,
  "zoom2d": 740,
  "xOffset2d": 7,
  "yOffset2d": -33,
  "ambient": 0,
  "contrast": 0,
  "options": [
    null,
    null,
    "Take",
    null,
    null
  ],
  "interfaceOptions": [
    null,
    "Wear",
    null,
    null,
    "Drop"
  ],
  "maleModel0": 11328,
  "maleModel1": -1,
  "maleModel2": -1,
  "maleOffset": 0,
  "maleHeadModel": -1,
  "maleHeadModel2": -1,
  "femaleModel0": 11350,
  "femaleModel1": -1,
  "femaleModel2": -1,
  "femaleOffset": 0,
  "femaleHeadModel": -1,
  "femaleHeadModel2": -1,
  "category": 0,
  "notedID": 10078,
  "notedTemplate": -1,
  "team": 0,
  "weight": 226,
  "shiftClickDropIndex": -2,
  "boughtId": -1,
  "boughtTemplateId": -1,
  "placeholderId": 15394,
  "placeholderTemplateId": -1
}