{
  "id": 10075,
  "name": "Gloves of silence",
  "resizeX": 128,
  "resizeY": 128,
  "resizeZ": 128,
  "xan2d": 420,
  "yan2d": 828,
  "zan2d": 0,
  "cost": 600,
  "tradeable": true,
  "stackable": false,
  "inventoryModel": 2649,
  "wearPos1": 9,
  "wearPos2": 0,
  "wearPos3": 0,
  "members": true,
  "colorFind": [
    10004
  ],
  "colorReplace": [
    12
  ],
  "zoom2d": 930,
  "xOffset2d": 8,
  "yOffset2d": -8,
  "ambient": 0,
  "contrast": 0,
  "options": [
    null,
    null,
    "Take",
    null,
    null
  ],
  "interfaceOptions": [
    null,
    "Wear",
    "Check",
    null,
    "Drop"
  ],
  "maleModel0": 179,
  "maleModel1": -1,
  "maleModel2": -1,
  "maleOffset": 0,
  "maleHeadModel": -1,
  "maleHeadModel2": -1,
  "femaleModel0": 356,
  "femaleModel1": -1,
  "femaleModel2": -1,
  "femaleOffset": 0,
  "femaleHeadModel": -1,
  "femaleHeadModel2": -1,
  "category": 0,
  "notedID": 10076,
  "notedTemplate": -1,
  "team": 0,
  "weight": 226,
  "shiftClickDropIndex": -2,
  "boughtId": -1,
  "boughtTemplateId": -1,
  "placeholderId": 15391,
  "placeholderTemplateId": -1,
  "params": {
    "451": "Check"
  }
}