{
  "id": 10073,
  "name": "Spotted cape",
  "resizeX": 128,
  "resizeY": 128,
  "resizeZ": 128,
  "xan2d": 400,
  "yan2d": 948,
  "zan2d": 0,
  "cost": 400,
  "tradeable": false,
  "stackable": false,
  "inventoryModel": 11398,
  "wearPos1": 1,
  "wearPos2": 0,
  "wearPos3": 0,
  "members": true,
  "zoom2d": 2140,
  "xOffset2d": 3,
  "yOffset2d": 6,
  "ambient": 0,
  "contrast": 0,
  "options": [
    null,
    null,
    "Take",
    null,
    null
  ],
  "interfaceOptions": [
    null,
    "Wear",
    null,
    null,
    "Drop"
  ],
  "maleModel0": 4606,
  "maleModel1": -1,
  "maleModel2": -1,
  "maleOffset": 0,
  "maleHeadModel": -1,
  "maleHeadModel2": -1,
  "femaleModel0": 19986,
  "femaleModel1": -1,
  "femaleModel2": -1,
  "femaleOffset": 0,
  "femaleHeadModel": -1,
  "femaleHeadModel2": -1,
  "category": 0,
  "notedID": -1,
  "notedTemplate": -1,
  "team": 0,
  "weight": -2267,
  "shiftClickDropIndex": -2,
  "boughtId": -1,
  "boughtTemplateId": -1,
  "placeholderId": -1,
  "placeholderTemplateId": -1
}