{
  "id": 10092,
  "name": "Ferret",
  "resizeX": 128,
  "resizeY": 128,
  "resizeZ": 128,
  "xan2d": 128,
  "yan2d": 128,
  "zan2d": 0,
  "cost": 40,
  "tradeable": false,
  "stackable": false,
  "inventoryModel": 19373,
  "wearPos1": 0,
  "wearPos2": 0,
  "wearPos3": 0,
  "members": true,
  "zoom2d": 820,
  "xOffset2d": 0,
  "yOffset2d": -3,
  "ambient": 0,
  "contrast": 0,
  "options": [
    null,
    null,
    "Take",
    null,
    null
  ],
  "interfaceOptions": [
    null,
    null,
    null,
    null,
    "Release"
  ],
  "maleModel0": -1,
  "maleModel1": -1,
  "maleModel2": -1,
  "maleOffset": 0,
  "maleHeadModel": -1,
  "maleHeadModel2": -1,
  "femaleModel0": -1,
  "femaleModel1": -1,
  "femaleModel2": -1,
  "femaleOffset": 0,
  "femaleHeadModel": -1,
  "femaleHeadModel2": -1,
  "category": 0,
  "notedID": -1,
  "notedTemplate": -1,
  "team": 0,
  "weight": 1500,
  "shiftClickDropIndex": -2,
  "boughtId": -1,
  "boughtTemplateId": -1,
  "placeholderId": 15390,
  "placeholderTemplateId": -1
}