{
  "id": 10095,
  "name": "Larupia fur",
  "resizeX": 128,
  "resizeY": 128,
  "resizeZ": 128,
  "xan2d": 474,
  "yan2d": 1017,
  "zan2d": 0,
  "cost": 80,
  "tradeable": true,
  "stackable": false,
  "inventoryModel": 19447,
  "wearPos1": 0,
  "wearPos2": 0,
  "wearPos3": 0,
  "members": true,
  "zoom2d": 2022,
  "xOffset2d": -9,
  "yOffset2d": 11,
  "ambient": 0,
  "contrast": 0,
  "options": [
    null,
    null,
    "Take",
    null,
    null
  ],
  "interfaceOptions": [
    null,
    null,
    null,
    null,
    "Drop"
  ],
  "maleModel0": -1,
  "maleModel1": -1,
  "maleModel2": -1,
  "maleOffset": 0,
  "maleHeadModel": -1,
  "maleHeadModel2": -1,
  "femaleModel0": -1,
  "femaleModel1": -1,
  "femaleModel2": -1,
  "femaleOffset": 0,
  "femaleHeadModel": -1,
  "femaleHeadModel2": -1,
  "category": 580,
  "notedID": 10096,
  "notedTemplate": -1,
  "team": 0,
  "weight": 2000,
  "shiftClickDropIndex": -2,
  "boughtId": -1,
  "boughtTemplateId": -1,
  "placeholderId": 15349,
  "placeholderTemplateId": -1
}