{
  "id": 10103,
  "name": "Kyatt fur",
  "resizeX": 128,
  "resizeY": 128,
  "resizeZ": 128,
  "xan2d": 498,
  "yan2d": 1022,
  "zan2d": 0,
  "cost": 160,
  "tradeable": true,
  "stackable": false,
  "inventoryModel": 19443,
  "wearPos1": 0,
  "wearPos2": 0,
  "wearPos3": 0,
  "members": true,
  "colorFind": [
    4785,
    5673,
    2576
  ],
  "colorReplace": [
    101,
    103,
    3594
  ],
  "zoom2d": 1892,
  "xOffset2d": -3,
  "yOffset2d": 3,
  "ambient": 0,
  "contrast": 0,
  "options": [
    null,
    null,
    "Take",
    null,
    null
  ],
  "interfaceOptions": [
    null,
    null,
    null,
    null,
    "Drop"
  ],
  "maleModel0": -1,
  "maleModel1": -1,
  "maleModel2": -1,
  "maleOffset": 0,
  "maleHeadModel": -1,
  "maleHeadModel2": -1,
  "femaleModel0": -1,
  "femaleModel1": -1,
  "femaleModel2": -1,
  "femaleOffset": 0,
  "femaleHeadModel": -1,
  "femaleHeadModel2": -1,
  "category": 580,
  "notedID": 10104,
  "notedTemplate": -1,
  "team": 0,
  "weight": 2000,
  "shiftClickDropIndex": -2,
  "boughtId": -1,
  "boughtTemplateId": -1,
  "placeholderId": 15353,
  "placeholderTemplateId": -1
}