{
  "id": 10107,
  "name": "Long kebbit spike",
  "resizeX": 128,
  "resizeY": 128,
  "resizeZ": 128,
  "xan2d": 624,
  "yan2d": 1528,
  "zan2d": 0,
  "cost": 150,
  "tradeable": true,
  "stackable": false,
  "inventoryModel": 19401,
  "wearPos1": 0,
  "wearPos2": 0,
  "wearPos3": 0,
  "members": true,
  "colorFind": [
    94,
    111,
    127
  ],
  "colorReplace": [
    5656,
    5532,
    5537
  ],
  "zoom2d": 360,
  "xOffset2d": -4,
  "yOffset2d": 1,
  "ambient": 0,
  "contrast": 0,
  "options": [
    null,
    null,
    "Take",
    null,
    null
  ],
  "interfaceOptions": [
    null,
    null,
    null,
    null,
    "Drop"
  ],
  "maleModel0": -1,
  "maleModel1": -1,
  "maleModel2": -1,
  "maleOffset": 0,
  "maleHeadModel": -1,
  "maleHeadModel2": -1,
  "femaleModel0": -1,
  "femaleModel1": -1,
  "femaleModel2": -1,
  "femaleOffset": 0,
  "femaleHeadModel": -1,
  "femaleHeadModel2": -1,
  "category": 0,
  "notedID": 10108,
  "notedTemplate": -1,
  "team": 0,
  "weight": 40,
  "shiftClickDropIndex": -2,
  "boughtId": -1,
  "boughtTemplateId": -1,
  "placeholderId": 15400,
  "placeholderTemplateId": -1
}