{
  "id": 10111,
  "name": "Kebbit teeth dust",
  "resizeX": 128,
  "resizeY": 128,
  "resizeZ": 128,
  "xan2d": 156,
  "yan2d": 232,
  "zan2d": 0,
  "cost": 160,
  "tradeable": true,
  "stackable": false,
  "inventoryModel": 19439,
  "wearPos1": 0,
  "wearPos2": 0,
  "wearPos3": 0,
  "members": true,
  "zoom2d": 500,
  "xOffset2d": 3,
  "yOffset2d": -5,
  "ambient": 0,
  "contrast": 0,
  "options": [
    null,
    null,
    "Take",
    null,
    null
  ],
  "interfaceOptions": [
    null,
    null,
    null,
    null,
    "Drop"
  ],
  "maleModel0": -1,
  "maleModel1": -1,
  "maleModel2": -1,
  "maleOffset": 0,
  "maleHeadModel": -1,
  "maleHeadModel2": -1,
  "femaleModel0": -1,
  "femaleModel1": -1,
  "femaleModel2": -1,
  "femaleOffset": 0,
  "femaleHeadModel": -1,
  "femaleHeadModel2": -1,
  "category": 0,
  "notedID": 10112,
  "notedTemplate": -1,
  "team": 0,
  "weight": 20,
  "shiftClickDropIndex": -2,
  "boughtId": -1,
  "boughtTemplateId": -1,
  "placeholderId": 15402,
  "placeholderTemplateId": -1
}