{
  "id": 10129,
  "name": "Barb-tail harpoon",
  "resizeX": 128,
  "resizeY": 128,
  "resizeZ": 128,
  "xan2d": 1952,
  "yan2d": 672,
  "zan2d": 0,
  "cost": 36,
  "tradeable": true,
  "stackable": false,
  "inventoryModel": 19396,
  "wearPos1": 3,
  "wearPos2": 0,
  "wearPos3": 0,
  "members": true,
  "zoom2d": 950,
  "xOffset2d": -4,
  "yOffset2d": 2,
  "ambient": 0,
  "contrast": 0,
  "options": [
    null,
    null,
    "Take",
    null,
    null
  ],
  "interfaceOptions": [
    null,
    "Wield",
    null,
    null,
    "Drop"
  ],
  "maleModel0": 19843,
  "maleModel1": -1,
  "maleModel2": -1,
  "maleOffset": 0,
  "maleHeadModel": -1,
  "maleHeadModel2": -1,
  "femaleModel0": 19843,
  "femaleModel1": -1,
  "femaleModel2": -1,
  "femaleOffset": 6,
  "femaleHeadModel": -1,
  "femaleHeadModel2": -1,
  "category": 25,
  "notedID": 10130,
  "notedTemplate": -1,
  "team": 0,
  "weight": 1360,
  "shiftClickDropIndex": -2,
  "boughtId": -1,
  "boughtTemplateId": -1,
  "placeholderId": 15411,
  "placeholderTemplateId": -1
}