{
  "id": 1013,
  "name": "Pink skirt",
  "resizeX": 128,
  "resizeY": 128,
  "resizeZ": 128,
  "xan2d": 572,
  "yan2d": 0,
  "zan2d": 0,
  "cost": 2,
  "tradeable": true,
  "stackable": false,
  "inventoryModel": 2521,
  "wearPos1": 7,
  "wearPos2": 0,
  "wearPos3": 0,
  "members": false,
  "colorFind": [
    25238
  ],
  "colorReplace": [
    -2608
  ],
  "zoom2d": 1940,
  "xOffset2d": 0,
  "yOffset2d": 1,
  "ambient": 0,
  "contrast": 0,
  "options": [
    null,
    null,
    "Take",
    null,
    null
  ],
  "interfaceOptions": [
    null,
    "Wear",
    null,
    null,
    "Drop"
  ],
  "maleModel0": 265,
  "maleModel1": -1,
  "maleModel2": -1,
  "maleOffset": 0,
  "maleHeadModel": -1,
  "maleHeadModel2": -1,
  "femaleModel0": 428,
  "femaleModel1": -1,
  "femaleModel2": -1,
  "femaleOffset": 0,
  "femaleHeadModel": -1,
  "femaleHeadModel2": -1,
  "category": 0,
  "notedID": 1014,
  "notedTemplate": -1,
  "team": 0,
  "weight": 907,
  "shiftClickDropIndex": -2,
  "boughtId": -1,
  "boughtTemplateId": -1,
  "placeholderId": 14374,
  "placeholderTemplateId": -1
}