{
  "id": 10132,
  "name": "Strung rabbit foot",
  "resizeX": 128,
  "resizeY": 128,
  "resizeZ": 128,
  "xan2d": 443,
  "yan2d": 69,
  "zan2d": 0,
  "cost": 30,
  "tradeable": true,
  "stackable": false,
  "inventoryModel": 19436,
  "wearPos1": 2,
  "wearPos2": 0,
  "wearPos3": 0,
  "members": true,
  "zoom2d": 1114,
  "xOffset2d": -6,
  "yOffset2d": 5,
  "ambient": 0,
  "contrast": 0,
  "options": [
    null,
    null,
    "Take",
    null,
    null
  ],
  "interfaceOptions": [
    null,
    "Wear",
    null,
    null,
    "Drop"
  ],
  "maleModel0": 19828,
  "maleModel1": -1,
  "maleModel2": -1,
  "maleOffset": 0,
  "maleHeadModel": -1,
  "maleHeadModel2": -1,
  "femaleModel0": 19868,
  "femaleModel1": -1,
  "femaleModel2": -1,
  "femaleOffset": 0,
  "femaleHeadModel": -1,
  "femaleHeadModel2": -1,
  "category": 0,
  "notedID": 10133,
  "notedTemplate": -1,
  "team": 0,
  "weight": 30,
  "shiftClickDropIndex": -2,
  "boughtId": -1,
  "boughtTemplateId": -1,
  "placeholderId": 15382,
  "placeholderTemplateId": -1
}