{
  "id": 10146,
  "name": "Orange salamander",
  "resizeX": 128,
  "resizeY": 128,
  "resizeZ": 128,
  "xan2d": 296,
  "yan2d": 0,
  "zan2d": 0,
  "cost": 100,
  "tradeable": true,
  "stackable": false,
  "inventoryModel": 19981,
  "wearPos1": 3,
  "wearPos2": 5,
  "wearPos3": 0,
  "members": true,
  "zoom2d": 1370,
  "xOffset2d": 5,
  "yOffset2d": 29,
  "ambient": 0,
  "contrast": 0,
  "options": [
    null,
    null,
    "Take",
    null,
    null
  ],
  "interfaceOptions": [
    null,
    "Wield",
    null,
    null,
    "Release"
  ],
  "maleModel0": 19849,
  "maleModel1": -1,
  "maleModel2": -1,
  "maleOffset": 0,
  "maleHeadModel": -1,
  "maleHeadModel2": -1,
  "femaleModel0": 19849,
  "femaleModel1": -1,
  "femaleModel2": -1,
  "femaleOffset": 6,
  "femaleHeadModel": -1,
  "femaleHeadModel2": -1,
  "category": 586,
  "notedID": 10160,
  "notedTemplate": -1,
  "team": 0,
  "weight": 4000,
  "shiftClickDropIndex": 4,
  "boughtId": -1,
  "boughtTemplateId": -1,
  "placeholderId": 15366,
  "placeholderTemplateId": -1
}