{
  "id": 10145,
  "name": "Harralander tar",
  "resizeX": 128,
  "resizeY": 128,
  "resizeZ": 128,
  "xan2d": 224,
  "yan2d": 148,
  "zan2d": 0,
  "cost": 1,
  "tradeable": true,
  "stackable": true,
  "inventoryModel": 2499,
  "wearPos1": 13,
  "wearPos2": 0,
  "wearPos3": 0,
  "members": true,
  "colorFind": [
    16
  ],
  "colorReplace": [
    28
  ],
  "zoom2d": 710,
  "xOffset2d": 1,
  "yOffset2d": -22,
  "ambient": 0,
  "contrast": 0,
  "options": [
    null,
    null,
    "Take",
    null,
    null
  ],
  "interfaceOptions": [
    null,
    "Wield",
    null,
    null,
    "Drop"
  ],
  "maleModel0": -1,
  "maleModel1": -1,
  "maleModel2": -1,
  "maleOffset": 0,
  "maleHeadModel": -1,
  "maleHeadModel2": -1,
  "femaleModel0": -1,
  "femaleModel1": -1,
  "femaleModel2": -1,
  "femaleOffset": 0,
  "femaleHeadModel": -1,
  "femaleHeadModel2": -1,
  "category": 1911,
  "notedID": -1,
  "notedTemplate": -1,
  "team": 0,
  "weight": 0,
  "shiftClickDropIndex": -2,
  "boughtId": -1,
  "boughtTemplateId": -1,
  "placeholderId": 15373,
  "placeholderTemplateId": -1
}