{
  "id": 10140,
  "name": "Burnt rainbow fish",
  "resizeX": 128,
  "resizeY": 128,
  "resizeZ": 128,
  "xan2d": 556,
  "yan2d": 2020,
  "zan2d": 0,
  "cost": 1,
  "tradeable": false,
  "stackable": false,
  "inventoryModel": 9818,
  "wearPos1": 0,
  "wearPos2": 0,
  "wearPos3": 0,
  "members": true,
  "colorFind": [
    -31951,
    -23616,
    15320
  ],
  "colorReplace": [
    -32704,
    -22642,
    10270
  ],
  "zoom2d": 1250,
  "xOffset2d": 1,
  "yOffset2d": 0,
  "ambient": 30,
  "contrast": 20,
  "options": [
    null,
    null,
    "Take",
    null,
    null
  ],
  "interfaceOptions": [
    null,
    null,
    null,
    null,
    "Drop"
  ],
  "maleModel0": -1,
  "maleModel1": -1,
  "maleModel2": -1,
  "maleOffset": 0,
  "maleHeadModel": -1,
  "maleHeadModel2": -1,
  "femaleModel0": -1,
  "femaleModel1": -1,
  "femaleModel2": -1,
  "femaleOffset": 0,
  "femaleHeadModel": -1,
  "femaleHeadModel2": -1,
  "category": 116,
  "notedID": 10141,
  "notedTemplate": -1,
  "team": 0,
  "weight": 350,
  "shiftClickDropIndex": -2,
  "boughtId": -1,
  "boughtTemplateId": -1,
  "placeholderId": -1,
  "placeholderTemplateId": -1
}