{
  "id": 10158,
  "name": "Kebbit bolts",
  "resizeX": 128,
  "resizeY": 128,
  "resizeZ": 128,
  "xan2d": 1788,
  "yan2d": 308,
  "zan2d": 0,
  "cost": 18,
  "tradeable": true,
  "stackable": true,
  "inventoryModel": 19412,
  "wearPos1": 13,
  "wearPos2": 0,
  "wearPos3": 0,
  "members": true,
  "colorFind": [
    94,
    111,
    127
  ],
  "colorReplace": [
    9804,
    9812,
    9445
  ],
  "zoom2d": 790,
  "xOffset2d": 0,
  "yOffset2d": 0,
  "ambient": 0,
  "contrast": 0,
  "options": [
    null,
    null,
    "Take",
    null,
    null
  ],
  "interfaceOptions": [
    null,
    "Wield",
    null,
    null,
    "Drop"
  ],
  "maleModel0": -1,
  "maleModel1": -1,
  "maleModel2": -1,
  "maleOffset": 0,
  "maleHeadModel": -1,
  "maleHeadModel2": -1,
  "femaleModel0": -1,
  "femaleModel1": -1,
  "femaleModel2": -1,
  "femaleOffset": 0,
  "femaleHeadModel": -1,
  "femaleHeadModel2": -1,
  "category": 587,
  "notedID": -1,
  "notedTemplate": -1,
  "team": 0,
  "weight": 0,
  "shiftClickDropIndex": -2,
  "boughtId": -1,
  "boughtTemplateId": -1,
  "placeholderId": 15417,
  "placeholderTemplateId": -1,
  "params": {
    "23": 20
  }
}