{
  "id": 10154,
  "name": "null",
  "resizeX": 128,
  "resizeY": 128,
  "resizeZ": 128,
  "xan2d": 0,
  "yan2d": 0,
  "zan2d": 0,
  "cost": 1,
  "tradeable": false,
  "stackable": false,
  "inventoryModel": 19971,
  "wearPos1": 3,
  "wearPos2": 5,
  "wearPos3": 0,
  "members": false,
  "colorFind": [
    5008,
    5532,
    5537,
    5413,
    5417,
    5656
  ],
  "colorReplace": [
    7609,
    7611,
    7613,
    7616,
    7748,
    7609
  ],
  "zoom2d": 2000,
  "xOffset2d": 0,
  "yOffset2d": 0,
  "ambient": 0,
  "contrast": 0,
  "options": [
    null,
    null,
    "Take",
    null,
    null
  ],
  "interfaceOptions": [
    null,
    null,
    null,
    null,
    "Drop"
  ],
  "maleModel0": 19848,
  "maleModel1": -1,
  "maleModel2": -1,
  "maleOffset": 0,
  "maleHeadModel": -1,
  "maleHeadModel2": -1,
  "femaleModel0": 19848,
  "femaleModel1": -1,
  "femaleModel2": -1,
  "femaleOffset": 6,
  "femaleHeadModel": -1,
  "femaleHeadModel2": -1,
  "category": 0,
  "notedID": -1,
  "notedTemplate": -1,
  "team": 0,
  "weight": 0,
  "shiftClickDropIndex": -2,
  "boughtId": -1,
  "boughtTemplateId": -1,
  "placeholderId": -1,
  "placeholderTemplateId": -1
}