{
  "id": 10150,
  "name": "Noose wand",
  "resizeX": 128,
  "resizeY": 128,
  "resizeZ": 128,
  "xan2d": 277,
  "yan2d": 567,
  "zan2d": 1660,
  "cost": 4,
  "tradeable": true,
  "stackable": false,
  "inventoryModel": 19971,
  "wearPos1": 3,
  "wearPos2": 5,
  "wearPos3": 0,
  "members": true,
  "zoom2d": 2274,
  "xOffset2d": 4,
  "yOffset2d": 37,
  "ambient": 0,
  "contrast": 0,
  "options": [
    null,
    null,
    "Take",
    null,
    null
  ],
  "interfaceOptions": [
    null,
    "Wield",
    null,
    null,
    "Drop"
  ],
  "maleModel0": 19956,
  "maleModel1": -1,
  "maleModel2": -1,
  "maleOffset": 0,
  "maleHeadModel": -1,
  "maleHeadModel2": -1,
  "femaleModel0": 19956,
  "femaleModel1": -1,
  "femaleModel2": -1,
  "femaleOffset": 6,
  "femaleHeadModel": -1,
  "femaleHeadModel2": -1,
  "category": 36,
  "notedID": 10151,
  "notedTemplate": -1,
  "team": 0,
  "weight": 1814,
  "shiftClickDropIndex": -2,
  "boughtId": -1,
  "boughtTemplateId": -1,
  "placeholderId": 15415,
  "placeholderTemplateId": -1
}