{
  "id": 10167,
  "name": "Eagle feather",
  "resizeX": 128,
  "resizeY": 128,
  "resizeZ": 128,
  "xan2d": 428,
  "yan2d": 252,
  "zan2d": 0,
  "cost": 1,
  "tradeable": false,
  "stackable": true,
  "inventoryModel": 19414,
  "wearPos1": 0,
  "wearPos2": 0,
  "wearPos3": 0,
  "members": true,
  "zoom2d": 1270,
  "xOffset2d": 9,
  "yOffset2d": 0,
  "ambient": 0,
  "contrast": 0,
  "countCo": [
    2,
    3,
    4,
    0,
    0,
    0,
    0,
    0,
    0,
    0
  ],
  "countObj": [
    10168,
    10169,
    10170,
    0,
    0,
    0,
    0,
    0,
    0,
    0
  ],
  "options": [
    null,
    null,
    "Take",
    null,
    null
  ],
  "interfaceOptions": [
    null,
    null,
    null,
    null,
    "Drop"
  ],
  "maleModel0": -1,
  "maleModel1": -1,
  "maleModel2": -1,
  "maleOffset": 0,
  "maleHeadModel": -1,
  "maleHeadModel2": -1,
  "femaleModel0": -1,
  "femaleModel1": -1,
  "femaleModel2": -1,
  "femaleOffset": 0,
  "femaleHeadModel": -1,
  "femaleHeadModel2": -1,
  "category": 0,
  "notedID": -1,
  "notedTemplate": -1,
  "team": 0,
  "weight": 0,
  "shiftClickDropIndex": -2,
  "boughtId": -1,
  "boughtTemplateId": -1,
  "placeholderId": 17996,
  "placeholderTemplateId": -1
}