{
  "id": 10176,
  "name": "Silver feather",
  "resizeX": 128,
  "resizeY": 128,
  "resizeZ": 128,
  "xan2d": 192,
  "yan2d": 1901,
  "zan2d": 0,
  "cost": 1,
  "tradeable": false,
  "stackable": false,
  "inventoryModel": 20085,
  "wearPos1": 0,
  "wearPos2": 0,
  "wearPos3": 0,
  "members": true,
  "colorFind": [
    127,
    -32537
  ],
  "colorReplace": [
    -22423,
    -22415
  ],
  "zoom2d": 595,
  "xOffset2d": -1,
  "yOffset2d": -12,
  "ambient": 0,
  "contrast": 0,
  "options": [
    null,
    null,
    "Take",
    null,
    null
  ],
  "interfaceOptions": [
    null,
    null,
    null,
    null,
    "Destroy"
  ],
  "maleModel0": -1,
  "maleModel1": -1,
  "maleModel2": -1,
  "maleOffset": 0,
  "maleHeadModel": -1,
  "maleHeadModel2": -1,
  "femaleModel0": -1,
  "femaleModel1": -1,
  "femaleModel2": -1,
  "femaleOffset": 0,
  "femaleHeadModel": -1,
  "femaleHeadModel2": -1,
  "category": 0,
  "notedID": -1,
  "notedTemplate": -1,
  "team": 0,
  "weight": 1,
  "shiftClickDropIndex": -2,
  "boughtId": -1,
  "boughtTemplateId": -1,
  "placeholderId": 18002,
  "placeholderTemplateId": -1
}