{
  "id": 10171,
  "name": "Eagle cape",
  "resizeX": 128,
  "resizeY": 128,
  "resizeZ": 128,
  "xan2d": 264,
  "yan2d": 1948,
  "zan2d": 0,
  "cost": 1,
  "tradeable": false,
  "stackable": false,
  "inventoryModel": 19413,
  "wearPos1": 1,
  "wearPos2": 0,
  "wearPos3": 0,
  "members": true,
  "zoom2d": 1530,
  "xOffset2d": 2,
  "yOffset2d": 76,
  "ambient": 0,
  "contrast": 0,
  "options": [
    null,
    null,
    "Take",
    null,
    null
  ],
  "interfaceOptions": [
    null,
    "Wear",
    null,
    null,
    "Drop"
  ],
  "maleModel0": 19859,
  "maleModel1": -1,
  "maleModel2": -1,
  "maleOffset": 0,
  "maleHeadModel": -1,
  "maleHeadModel2": -1,
  "femaleModel0": 19983,
  "femaleModel1": -1,
  "femaleModel2": -1,
  "femaleOffset": 0,
  "femaleHeadModel": -1,
  "femaleHeadModel2": -1,
  "category": 0,
  "notedID": -1,
  "notedTemplate": -1,
  "team": 0,
  "weight": 226,
  "shiftClickDropIndex": -2,
  "boughtId": -1,
  "boughtTemplateId": -1,
  "placeholderId": 17997,
  "placeholderTemplateId": -1
}