{
  "id": 10178,
  "name": "Odd bird seed",
  "resizeX": 128,
  "resizeY": 128,
  "resizeZ": 128,
  "xan2d": 264,
  "yan2d": 1892,
  "zan2d": 0,
  "cost": 1,
  "tradeable": false,
  "stackable": true,
  "inventoryModel": 20084,
  "wearPos1": 0,
  "wearPos2": 0,
  "wearPos3": 0,
  "members": true,
  "colorFind": [
    82
  ],
  "colorReplace": [
    7741
  ],
  "zoom2d": 1210,
  "xOffset2d": -6,
  "yOffset2d": 0,
  "ambient": 0,
  "contrast": 0,
  "options": [
    null,
    null,
    "Take",
    null,
    null
  ],
  "interfaceOptions": [
    null,
    null,
    null,
    null,
    "Drop"
  ],
  "maleModel0": -1,
  "maleModel1": -1,
  "maleModel2": -1,
  "maleOffset": 0,
  "maleHeadModel": -1,
  "maleHeadModel2": -1,
  "femaleModel0": -1,
  "femaleModel1": -1,
  "femaleModel2": -1,
  "femaleOffset": 0,
  "femaleHeadModel": -1,
  "femaleHeadModel2": -1,
  "category": 0,
  "notedID": -1,
  "notedTemplate": -1,
  "team": 0,
  "weight": 0,
  "shiftClickDropIndex": -2,
  "boughtId": -1,
  "boughtTemplateId": -1,
  "placeholderId": 18004,
  "placeholderTemplateId": -1
}