{
  "id": 10179,
  "name": "Feathered journal",
  "resizeX": 128,
  "resizeY": 128,
  "resizeZ": 128,
  "xan2d": 276,
  "yan2d": 124,
  "zan2d": 0,
  "cost": 1,
  "tradeable": false,
  "stackable": false,
  "inventoryModel": 20087,
  "wearPos1": 0,
  "wearPos2": 0,
  "wearPos3": 0,
  "members": true,
  "zoom2d": 950,
  "xOffset2d": 0,
  "yOffset2d": 26,
  "ambient": 0,
  "contrast": 0,
  "options": [
    null,
    null,
    "Take",
    null,
    null
  ],
  "interfaceOptions": [
    "Read",
    null,
    null,
    null,
    "Drop"
  ],
  "maleModel0": -1,
  "maleModel1": -1,
  "maleModel2": -1,
  "maleOffset": 0,
  "maleHeadModel": -1,
  "maleHeadModel2": -1,
  "femaleModel0": -1,
  "femaleModel1": -1,
  "femaleModel2": -1,
  "femaleOffset": 0,
  "femaleHeadModel": -1,
  "femaleHeadModel2": -1,
  "category": 0,
  "notedID": -1,
  "notedTemplate": -1,
  "team": 0,
  "weight": 10,
  "shiftClickDropIndex": -2,
  "boughtId": -1,
  "boughtTemplateId": -1,
  "placeholderId": 18005,
  "placeholderTemplateId": -1
}