{
  "id": 10230,
  "name": "Clue scroll (easy)",
  "resizeX": 128,
  "resizeY": 128,
  "resizeZ": 128,
  "xan2d": 360,
  "yan2d": 672,
  "zan2d": 0,
  "cost": 20,
  "tradeable": false,
  "stackable": false,
  "inventoryModel": 37202,
  "wearPos1": 0,
  "wearPos2": 0,
  "wearPos3": 0,
  "members": true,
  "zoom2d": 1010,
  "xOffset2d": 1,
  "yOffset2d": 0,
  "ambient": 0,
  "contrast": 0,
  "options": [
    null,
    null,
    "Take",
    null,
    null
  ],
  "interfaceOptions": [
    "Read",
    "Check steps",
    null,
    null,
    "Drop"
  ],
  "maleModel0": -1,
  "maleModel1": -1,
  "maleModel2": -1,
  "maleOffset": 0,
  "maleHeadModel": -1,
  "maleHeadModel2": -1,
  "femaleModel0": -1,
  "femaleModel1": -1,
  "femaleModel2": -1,
  "femaleOffset": 0,
  "femaleHeadModel": -1,
  "femaleHeadModel2": -1,
  "category": 46,
  "notedID": -1,
  "notedTemplate": -1,
  "team": 0,
  "weight": 20,
  "shiftClickDropIndex": -2,
  "boughtId": -1,
  "boughtTemplateId": -1,
  "placeholderId": -1,
  "placeholderTemplateId": -1,
  "params": {
    "347": 1,
    "623": 2116
  }
}