{
  "id": 10294,
  "name": "Rune helm (h5)",
  "resizeX": 128,
  "resizeY": 128,
  "resizeZ": 128,
  "xan2d": 75,
  "yan2d": 1901,
  "zan2d": 0,
  "cost": 35200,
  "tradeable": true,
  "stackable": false,
  "inventoryModel": 11378,
  "wearPos1": 0,
  "wearPos2": 8,
  "wearPos3": 0,
  "members": false,
  "colorFind": [
    61,
    57,
    935,
    11187
  ],
  "colorReplace": [
    -29403,
    7054,
    -10329,
    6067
  ],
  "zoom2d": 768,
  "xOffset2d": 1,
  "yOffset2d": 0,
  "ambient": 0,
  "contrast": 0,
  "options": [
    null,
    null,
    "Take",
    null,
    null
  ],
  "interfaceOptions": [
    null,
    "Wear",
    null,
    null,
    "Drop"
  ],
  "maleModel0": 11336,
  "maleModel1": -1,
  "maleModel2": -1,
  "maleOffset": 0,
  "maleHeadModel": 20116,
  "maleHeadModel2": -1,
  "femaleModel0": 20362,
  "femaleModel1": -1,
  "femaleModel2": -1,
  "femaleOffset": 0,
  "femaleHeadModel": 20357,
  "femaleHeadModel2": -1,
  "category": 2,
  "notedID": 10295,
  "notedTemplate": -1,
  "team": 0,
  "weight": 2721,
  "shiftClickDropIndex": -2,
  "boughtId": -1,
  "boughtTemplateId": -1,
  "placeholderId": 16059,
  "placeholderTemplateId": -1,
  "params": {
    "258": 2
  }
}