{
  "id": 10318,
  "name": "Bob\u0027s blue shirt",
  "resizeX": 128,
  "resizeY": 128,
  "resizeZ": 128,
  "xan2d": 553,
  "yan2d": 0,
  "zan2d": 0,
  "cost": 3,
  "tradeable": true,
  "stackable": false,
  "inventoryModel": 20228,
  "wearPos1": 4,
  "wearPos2": 6,
  "wearPos3": 0,
  "members": true,
  "colorFind": [
    3546,
    66,
    115,
    278
  ],
  "colorReplace": [
    -26079,
    -26294,
    -26513,
    -25836
  ],
  "zoom2d": 1296,
  "xOffset2d": 0,
  "yOffset2d": 7,
  "ambient": 0,
  "contrast": 0,
  "options": [
    null,
    null,
    "Take",
    null,
    null
  ],
  "interfaceOptions": [
    null,
    "Wear",
    null,
    null,
    "Drop"
  ],
  "maleModel0": 20161,
  "maleModel1": 20125,
  "maleModel2": -1,
  "maleOffset": 0,
  "maleHeadModel": -1,
  "maleHeadModel2": -1,
  "femaleModel0": 20210,
  "femaleModel1": 20176,
  "femaleModel2": -1,
  "femaleOffset": 0,
  "femaleHeadModel": -1,
  "femaleHeadModel2": -1,
  "category": 0,
  "notedID": 10319,
  "notedTemplate": -1,
  "team": 0,
  "weight": 1000,
  "shiftClickDropIndex": -2,
  "boughtId": -1,
  "boughtTemplateId": -1,
  "placeholderId": 16071,
  "placeholderTemplateId": -1,
  "params": {
    "258": 15
  }
}