{
  "id": 10329,
  "name": "Purple logs",
  "resizeX": 128,
  "resizeY": 128,
  "resizeZ": 128,
  "xan2d": 120,
  "yan2d": 1852,
  "zan2d": 0,
  "cost": 1,
  "tradeable": false,
  "stackable": false,
  "inventoryModel": 7760,
  "wearPos1": 0,
  "wearPos2": 0,
  "wearPos3": 0,
  "members": true,
  "colorFind": [
    5559,
    5665,
    5784
  ],
  "colorReplace": [
    -12871,
    -15808,
    -15689
  ],
  "zoom2d": 1180,
  "xOffset2d": 0,
  "yOffset2d": -7,
  "ambient": 0,
  "contrast": 0,
  "options": [
    null,
    null,
    "Take",
    "Light",
    null
  ],
  "interfaceOptions": [
    null,
    null,
    null,
    null,
    "Drop"
  ],
  "maleModel0": -1,
  "maleModel1": -1,
  "maleModel2": -1,
  "maleOffset": 0,
  "maleHeadModel": -1,
  "maleHeadModel2": -1,
  "femaleModel0": -1,
  "femaleModel1": -1,
  "femaleModel2": -1,
  "femaleOffset": 0,
  "femaleHeadModel": -1,
  "femaleHeadModel2": -1,
  "category": 22,
  "notedID": -1,
  "notedTemplate": -1,
  "team": 0,
  "weight": 3,
  "shiftClickDropIndex": -2,
  "boughtId": -1,
  "boughtTemplateId": -1,
  "placeholderId": 16078,
  "placeholderTemplateId": -1
}