{
  "id": 10336,
  "name": "3rd age vambraces",
  "resizeX": 128,
  "resizeY": 128,
  "resizeZ": 128,
  "xan2d": 196,
  "yan2d": 1784,
  "zan2d": 0,
  "cost": 50500,
  "tradeable": true,
  "stackable": false,
  "inventoryModel": 20251,
  "wearPos1": 9,
  "wearPos2": 0,
  "wearPos3": 0,
  "members": true,
  "zoom2d": 740,
  "xOffset2d": 7,
  "yOffset2d": -33,
  "ambient": 0,
  "contrast": 20,
  "options": [
    null,
    null,
    "Take",
    null,
    null
  ],
  "interfaceOptions": [
    null,
    "Wear",
    null,
    null,
    "Drop"
  ],
  "maleModel0": 20130,
  "maleModel1": -1,
  "maleModel2": -1,
  "maleOffset": 0,
  "maleHeadModel": -1,
  "maleHeadModel2": -1,
  "femaleModel0": 20182,
  "femaleModel1": -1,
  "femaleModel2": -1,
  "femaleOffset": 0,
  "femaleHeadModel": -1,
  "femaleHeadModel2": -1,
  "category": 16,
  "notedID": 10337,
  "notedTemplate": -1,
  "team": 0,
  "weight": 1000,
  "shiftClickDropIndex": -2,
  "boughtId": -1,
  "boughtTemplateId": -1,
  "placeholderId": 16082,
  "placeholderTemplateId": -1,
  "params": {
    "434": 4,
    "435": 1,
    "1564": 9,
    "436": 65,
    "437": 45
  }
}