{
  "id": 10338,
  "name": "3rd age robe top",
  "resizeX": 128,
  "resizeY": 128,
  "resizeZ": 128,
  "xan2d": 553,
  "yan2d": 0,
  "zan2d": 0,
  "cost": 50800,
  "tradeable": true,
  "stackable": false,
  "inventoryModel": 20245,
  "wearPos1": 4,
  "wearPos2": 6,
  "wearPos3": 0,
  "members": true,
  "zoom2d": 2143,
  "xOffset2d": 1,
  "yOffset2d": 1,
  "ambient": 0,
  "contrast": 20,
  "options": [
    null,
    null,
    "Take",
    null,
    null
  ],
  "interfaceOptions": [
    null,
    "Wear",
    null,
    null,
    "Drop"
  ],
  "maleModel0": 20160,
  "maleModel1": 20124,
  "maleModel2": -1,
  "maleOffset": 0,
  "maleHeadModel": -1,
  "maleHeadModel2": -1,
  "femaleModel0": 20207,
  "femaleModel1": 20173,
  "femaleModel2": -1,
  "femaleOffset": 0,
  "femaleHeadModel": -1,
  "femaleHeadModel2": -1,
  "category": 7,
  "notedID": 10339,
  "notedTemplate": -1,
  "team": 0,
  "weight": 2700,
  "shiftClickDropIndex": -2,
  "boughtId": -1,
  "boughtTemplateId": -1,
  "placeholderId": 16083,
  "placeholderTemplateId": -1,
  "params": {
    "434": 6,
    "435": 1,
    "1564": 4,
    "436": 65,
    "437": 30
  }
}