{
  "id": 10352,
  "name": "3rd age kiteshield",
  "resizeX": 128,
  "resizeY": 128,
  "resizeZ": 128,
  "xan2d": 364,
  "yan2d": 56,
  "zan2d": 0,
  "cost": 180000,
  "tradeable": true,
  "stackable": false,
  "inventoryModel": 20222,
  "wearPos1": 5,
  "wearPos2": 0,
  "wearPos3": 0,
  "members": true,
  "zoom2d": 2030,
  "xOffset2d": 3,
  "yOffset2d": 27,
  "ambient": 0,
  "contrast": 0,
  "options": [
    null,
    null,
    "Take",
    null,
    null
  ],
  "interfaceOptions": [
    null,
    "Wield",
    null,
    null,
    "Drop"
  ],
  "maleModel0": 20167,
  "maleModel1": -1,
  "maleModel2": -1,
  "maleOffset": 0,
  "maleHeadModel": -1,
  "maleHeadModel2": -1,
  "femaleModel0": 37258,
  "femaleModel1": -1,
  "femaleModel2": -1,
  "femaleOffset": 0,
  "femaleHeadModel": -1,
  "femaleHeadModel2": -1,
  "category": 18,
  "notedID": 10353,
  "notedTemplate": -1,
  "team": 0,
  "weight": 2721,
  "shiftClickDropIndex": -2,
  "boughtId": -1,
  "boughtTemplateId": -1,
  "placeholderId": 16090,
  "placeholderTemplateId": -1,
  "params": {
    "1564": 5,
    "436": 65,
    "434": 1
  }
}