{
  "id": 1035,
  "name": "Zamorak monk top",
  "resizeX": 128,
  "resizeY": 128,
  "resizeZ": 128,
  "xan2d": 536,
  "yan2d": 0,
  "zan2d": 0,
  "cost": 40,
  "tradeable": true,
  "stackable": false,
  "inventoryModel": 2786,
  "wearPos1": 4,
  "wearPos2": 6,
  "wearPos3": 0,
  "members": false,
  "colorFind": [
    8741
  ],
  "colorReplace": [
    937
  ],
  "zoom2d": 1370,
  "xOffset2d": 0,
  "yOffset2d": 7,
  "ambient": 0,
  "contrast": 0,
  "options": [
    null,
    null,
    "Take",
    null,
    null
  ],
  "interfaceOptions": [
    null,
    "Wear",
    null,
    null,
    "Drop"
  ],
  "maleModel0": 170,
  "maleModel1": 292,
  "maleModel2": -1,
  "maleOffset": 0,
  "maleHeadModel": -1,
  "maleHeadModel2": -1,
  "femaleModel0": 348,
  "femaleModel1": 456,
  "femaleModel2": -1,
  "femaleOffset": 0,
  "femaleHeadModel": -1,
  "femaleHeadModel2": -1,
  "category": 0,
  "notedID": 1036,
  "notedTemplate": -1,
  "team": 0,
  "weight": 907,
  "shiftClickDropIndex": -2,
  "boughtId": -1,
  "boughtTemplateId": -1,
  "placeholderId": 14385,
  "placeholderTemplateId": -1,
  "params": {
    "41": 1
  }
}