{
  "id": 10364,
  "name": "Strength amulet (t)",
  "resizeX": 128,
  "resizeY": 128,
  "resizeZ": 128,
  "xan2d": 292,
  "yan2d": 74,
  "zan2d": 0,
  "cost": 2025,
  "tradeable": true,
  "stackable": false,
  "inventoryModel": 20226,
  "wearPos1": 2,
  "wearPos2": 0,
  "wearPos3": 0,
  "members": false,
  "colorFind": [
    5916,
    4882
  ],
  "colorReplace": [
    127,
    127
  ],
  "zoom2d": 465,
  "xOffset2d": 5,
  "yOffset2d": 100,
  "ambient": 0,
  "contrast": 0,
  "options": [
    null,
    null,
    "Take",
    null,
    null
  ],
  "interfaceOptions": [
    null,
    "Wear",
    null,
    null,
    "Drop"
  ],
  "maleModel0": 20149,
  "maleModel1": -1,
  "maleModel2": -1,
  "maleOffset": 0,
  "maleHeadModel": -1,
  "maleHeadModel2": -1,
  "femaleModel0": 20205,
  "femaleModel1": -1,
  "femaleModel2": -1,
  "femaleOffset": 0,
  "femaleHeadModel": -1,
  "femaleHeadModel2": -1,
  "category": 0,
  "notedID": 10365,
  "notedTemplate": -1,
  "team": 0,
  "weight": 10,
  "shiftClickDropIndex": -2,
  "boughtId": -1,
  "boughtTemplateId": -1,
  "placeholderId": 16092,
  "placeholderTemplateId": -1
}