{
  "id": 10366,
  "name": "Amulet of magic (t)",
  "resizeX": 128,
  "resizeY": 128,
  "resizeZ": 128,
  "xan2d": 284,
  "yan2d": 90,
  "zan2d": 111,
  "cost": 900,
  "tradeable": true,
  "stackable": false,
  "inventoryModel": 20225,
  "wearPos1": 2,
  "wearPos2": 0,
  "wearPos3": 0,
  "members": false,
  "colorFind": [
    5916,
    4882
  ],
  "colorReplace": [
    127,
    127
  ],
  "zoom2d": 400,
  "xOffset2d": 4,
  "yOffset2d": 100,
  "ambient": 0,
  "contrast": 0,
  "options": [
    null,
    null,
    "Take",
    null,
    null
  ],
  "interfaceOptions": [
    null,
    "Wear",
    null,
    null,
    "Drop"
  ],
  "maleModel0": 20148,
  "maleModel1": -1,
  "maleModel2": -1,
  "maleOffset": 0,
  "maleHeadModel": -1,
  "maleHeadModel2": -1,
  "femaleModel0": 20204,
  "femaleModel1": -1,
  "femaleModel2": -1,
  "femaleOffset": 0,
  "femaleHeadModel": -1,
  "femaleHeadModel2": -1,
  "category": 0,
  "notedID": 10367,
  "notedTemplate": -1,
  "team": 0,
  "weight": 10,
  "shiftClickDropIndex": -2,
  "boughtId": -1,
  "boughtTemplateId": -1,
  "placeholderId": 16093,
  "placeholderTemplateId": -1
}