{
  "id": 10386,
  "name": "Saradomin d\u0027hide body",
  "resizeX": 128,
  "resizeY": 128,
  "resizeZ": 128,
  "xan2d": 452,
  "yan2d": 0,
  "zan2d": 0,
  "cost": 13000,
  "tradeable": true,
  "stackable": false,
  "inventoryModel": 20224,
  "wearPos1": 4,
  "wearPos2": 6,
  "wearPos3": 0,
  "members": true,
  "colorFind": [
    22168,
    8070,
    24082,
    22156,
    920,
    912
  ],
  "colorReplace": [
    -21864,
    -24771,
    -24046,
    -21876,
    -25788,
    -27983
  ],
  "zoom2d": 1180,
  "xOffset2d": -1,
  "yOffset2d": -1,
  "ambient": 0,
  "contrast": 0,
  "options": [
    null,
    null,
    "Take",
    null,
    null
  ],
  "interfaceOptions": [
    null,
    "Wear",
    null,
    null,
    "Drop"
  ],
  "maleModel0": 20156,
  "maleModel1": 20121,
  "maleModel2": -1,
  "maleOffset": 0,
  "maleHeadModel": -1,
  "maleHeadModel2": -1,
  "femaleModel0": 20212,
  "femaleModel1": 20177,
  "femaleModel2": -1,
  "femaleOffset": 0,
  "femaleHeadModel": -1,
  "femaleHeadModel2": -1,
  "category": 7,
  "notedID": 10387,
  "notedTemplate": -1,
  "team": 0,
  "weight": 6000,
  "shiftClickDropIndex": -2,
  "boughtId": -1,
  "boughtTemplateId": -1,
  "placeholderId": 16103,
  "placeholderTemplateId": -1,
  "params": {
    "40": 1
  }
}