{
  "id": 10380,
  "name": "Guthix chaps",
  "resizeX": 128,
  "resizeY": 128,
  "resizeZ": 128,
  "xan2d": 444,
  "yan2d": 0,
  "zan2d": 0,
  "cost": 6000,
  "tradeable": true,
  "stackable": false,
  "inventoryModel": 20230,
  "wearPos1": 7,
  "wearPos2": 0,
  "wearPos3": 0,
  "members": true,
  "colorFind": [
    920,
    912,
    8070
  ],
  "colorReplace": [
    27210,
    24014,
    19788
  ],
  "zoom2d": 1827,
  "xOffset2d": 0,
  "yOffset2d": -1,
  "ambient": 0,
  "contrast": 0,
  "options": [
    null,
    null,
    "Take",
    null,
    null
  ],
  "interfaceOptions": [
    null,
    "Wear",
    null,
    null,
    "Drop"
  ],
  "maleModel0": 20139,
  "maleModel1": -1,
  "maleModel2": -1,
  "maleOffset": 0,
  "maleHeadModel": -1,
  "maleHeadModel2": -1,
  "femaleModel0": 20194,
  "femaleModel1": -1,
  "femaleModel2": -1,
  "femaleOffset": 0,
  "femaleHeadModel": -1,
  "femaleHeadModel2": -1,
  "category": 8,
  "notedID": 10381,
  "notedTemplate": -1,
  "team": 0,
  "weight": 5000,
  "shiftClickDropIndex": -2,
  "boughtId": -1,
  "boughtTemplateId": -1,
  "placeholderId": 16100,
  "placeholderTemplateId": -1,
  "params": {
    "42": 1
  }
}