{
  "id": 10404,
  "name": "Red elegant shirt",
  "resizeX": 128,
  "resizeY": 128,
  "resizeZ": 128,
  "xan2d": 452,
  "yan2d": 0,
  "zan2d": 0,
  "cost": 2000,
  "tradeable": true,
  "stackable": false,
  "inventoryModel": 20235,
  "wearPos1": 4,
  "wearPos2": 6,
  "wearPos3": 0,
  "members": true,
  "colorFind": [
    105,
    64,
    47,
    35,
    26,
    -10364
  ],
  "colorReplace": [
    109,
    171,
    293,
    -1631,
    -1512,
    -1140
  ],
  "zoom2d": 1373,
  "xOffset2d": -1,
  "yOffset2d": 7,
  "ambient": 0,
  "contrast": 0,
  "options": [
    null,
    null,
    "Take",
    null,
    null
  ],
  "interfaceOptions": [
    null,
    "Wear",
    null,
    null,
    "Drop"
  ],
  "maleModel0": 20158,
  "maleModel1": 20122,
  "maleModel2": -1,
  "maleOffset": 0,
  "maleHeadModel": -1,
  "maleHeadModel2": -1,
  "femaleModel0": 20214,
  "femaleModel1": 20178,
  "femaleModel2": -1,
  "femaleOffset": 0,
  "femaleHeadModel": -1,
  "femaleHeadModel2": -1,
  "category": 0,
  "notedID": 10405,
  "notedTemplate": -1,
  "team": 0,
  "weight": 1000,
  "shiftClickDropIndex": -2,
  "boughtId": -1,
  "boughtTemplateId": -1,
  "placeholderId": 16112,
  "placeholderTemplateId": -1
}