{
  "id": 1042,
  "name": "Blue partyhat",
  "resizeX": 128,
  "resizeY": 128,
  "resizeZ": 128,
  "xan2d": 76,
  "yan2d": 1852,
  "zan2d": 0,
  "cost": 1,
  "tradeable": true,
  "stackable": false,
  "inventoryModel": 2635,
  "wearPos1": 0,
  "wearPos2": 0,
  "wearPos3": 0,
  "members": false,
  "colorFind": [
    926
  ],
  "colorReplace": [
    -21568
  ],
  "zoom2d": 440,
  "xOffset2d": 1,
  "yOffset2d": 1,
  "ambient": 0,
  "contrast": 0,
  "options": [
    null,
    null,
    "Take",
    null,
    null
  ],
  "interfaceOptions": [
    null,
    "Wear",
    null,
    null,
    "Drop"
  ],
  "maleModel0": 187,
  "maleModel1": -1,
  "maleModel2": -1,
  "maleOffset": 0,
  "maleHeadModel": 29,
  "maleHeadModel2": -1,
  "femaleModel0": 363,
  "femaleModel1": -1,
  "femaleModel2": -1,
  "femaleOffset": 0,
  "femaleHeadModel": 87,
  "femaleHeadModel2": -1,
  "category": 0,
  "notedID": 1043,
  "notedTemplate": -1,
  "team": 0,
  "weight": 56,
  "shiftClickDropIndex": -2,
  "boughtId": -1,
  "boughtTemplateId": -1,
  "placeholderId": 14389,
  "placeholderTemplateId": -1
}