{
  "id": 10438,
  "name": "Purple elegant skirt",
  "resizeX": 128,
  "resizeY": 128,
  "resizeZ": 128,
  "xan2d": 444,
  "yan2d": 0,
  "zan2d": 0,
  "cost": 2000,
  "tradeable": true,
  "stackable": false,
  "inventoryModel": 20236,
  "wearPos1": 7,
  "wearPos2": 0,
  "wearPos3": 0,
  "members": true,
  "colorFind": [
    105,
    64,
    47,
    26,
    -10364
  ],
  "colorReplace": [
    -20175,
    -16190,
    -20297,
    -15848,
    -14452
  ],
  "zoom2d": 1187,
  "xOffset2d": 0,
  "yOffset2d": -1,
  "ambient": 0,
  "contrast": 0,
  "options": [
    null,
    null,
    "Take",
    null,
    null
  ],
  "interfaceOptions": [
    null,
    "Wear",
    null,
    null,
    "Drop"
  ],
  "maleModel0": 20141,
  "maleModel1": -1,
  "maleModel2": -1,
  "maleOffset": 0,
  "maleHeadModel": -1,
  "maleHeadModel2": -1,
  "femaleModel0": 20196,
  "femaleModel1": -1,
  "femaleModel2": -1,
  "femaleOffset": 0,
  "femaleHeadModel": -1,
  "femaleHeadModel2": -1,
  "category": 0,
  "notedID": 10439,
  "notedTemplate": -1,
  "team": 0,
  "weight": 1000,
  "shiftClickDropIndex": -2,
  "boughtId": -1,
  "boughtTemplateId": -1,
  "placeholderId": 16129,
  "placeholderTemplateId": -1
}