{
  "id": 10442,
  "name": "Guthix crozier",
  "resizeX": 128,
  "resizeY": 128,
  "resizeZ": 128,
  "xan2d": 650,
  "yan2d": 0,
  "zan2d": 0,
  "cost": 5000,
  "tradeable": true,
  "stackable": false,
  "inventoryModel": 20241,
  "wearPos1": 3,
  "wearPos2": 0,
  "wearPos3": 0,
  "members": true,
  "zoom2d": 2216,
  "xOffset2d": 0,
  "yOffset2d": 1,
  "ambient": 0,
  "contrast": 0,
  "options": [
    null,
    null,
    "Take",
    null,
    null
  ],
  "interfaceOptions": [
    null,
    "Wield",
    null,
    null,
    "Drop"
  ],
  "maleModel0": 20169,
  "maleModel1": -1,
  "maleModel2": -1,
  "maleOffset": 0,
  "maleHeadModel": -1,
  "maleHeadModel2": -1,
  "femaleModel0": 20169,
  "femaleModel1": -1,
  "femaleModel2": -1,
  "femaleOffset": 6,
  "femaleHeadModel": -1,
  "femaleHeadModel2": -1,
  "category": 1,
  "notedID": 10443,
  "notedTemplate": -1,
  "team": 0,
  "weight": 2000,
  "shiftClickDropIndex": -2,
  "boughtId": -1,
  "boughtTemplateId": -1,
  "placeholderId": 16131,
  "placeholderTemplateId": -1,
  "params": {
    "258": 5,
    "42": 1
  }
}