[{"id":41857,"name":"Crates","type":10,"category":0,"actions":[],"coordinates":[[4724,-39998],[4764,-40014]],"size":[1,1,521],"rotations":[0,0],"colors":[7122329,6396809,8434380,6990537]},{"id":41853,"name":"Ladder","type":10,"category":0,"actions":["Climb-up"],"coordinates":[[4724,-40006]],"size":[1,1,521],"rotations":[0],"colors":[7122329,6396809,8434380,6990537]},{"id":41855,"name":"Boxes","type":10,"category":0,"actions":[],"coordinates":[[4724,-40010],[4764,-39998]],"size":[1,1,521],"rotations":[0,0],"colors":[7122329,6396809,8434380,6990537]},{"id":21360,"name":"Table","type":10,"category":169,"actions":[],"coordinates":[[4726,-40014],[4746,-39998]],"size":[1,2,521],"rotations":[1,3],"colors":[7122329,6396809,8434380,6990537]},{"id":41856,"name":"Crate","type":11,"category":0,"actions":[],"coordinates":[[4728,-39998],[4760,-40014]],"size":[1,1,521],"rotations":[0,0],"colors":[7122329,6396809,8434380,6990537]},{"id":7182,"name":"Chair","type":10,"category":0,"actions":[],"coordinates":[[4732,-39998],[4756,-39998]],"size":[1,1,521],"rotations":[0,0],"colors":[7122329,6396809,8434380,6990537]},{"id":9519,"name":"Barrel","type":10,"category":0,"actions":[],"coordinates":[[4732,-40014]],"size":[1,1,521],"rotations":[0],"colors":[7122329,6396809,8434380,6990537]},{"id":5246,"name":"Bed","type":10,"category":0,"actions":[],"coordinates":[[4740,-40000]],"size":[1,2,521],"rotations":[2],"colors":[7122329,6396809,8434380,6990537]},{"id":41858,"name":"Bookcase","type":10,"category":0,"actions":[],"coordinates":[[4740,-40014]],"size":[1,1,521],"rotations":[0],"colors":[7122329,6396809,8434380,6990537]},{"id":27543,"name":"Pots","type":10,"category":0,"actions":[],"coordinates":[[4748,-40030]],"size":[1,1,521],"rotations":[0],"colors":[7122329,6396809,8434380,6990537]},{"id":16641,"name":"Cooking range","type":10,"category":0,"actions":["Cook"],"coordinates":[[4750,-40038]],"size":[1,2,521],"rotations":[1],"colors":[7122329,6396809,8434380,6990537]},{"id":41861,"name":"Gate","type":0,"category":0,"actions":["Open"],"coordinates":[[4752,-40022]],"size":[1,1,521],"rotations":[0],"colors":[7122329,6396809,8434380,6990537]},{"id":15685,"name":"Cooking shelves","type":10,"category":0,"actions":[],"coordinates":[[4756,-40038]],"size":[1,1,521],"rotations":[0],"colors":[7122329,6396809,8434380,6990537]},{"id":41866,"name":"Bed","type":10,"category":0,"actions":[],"coordinates":[[4764,-40006]],"size":[1,3,521],"rotations":[0],"colors":[7122329,6396809,8434380,6990537]},{"id":34940,"name":"Sacks","type":10,"category":220,"actions":[],"coordinates":[[4764,-40030]],"size":[1,1,521],"rotations":[0],"colors":[7122329,6396809,8434380,6990537]},{"id":27707,"name":"Sink","type":10,"category":175,"actions":[],"coordinates":[[4764,-40036]],"size":[2,1,521],"rotations":[1],"colors":[7122329,6396809,8434380,6990537]}]