[{"id":31792,"name":"Roots","type":10,"category":0,"actions":[],"coordinates":[[904,10366]],"size":[3,3,521],"rotations":[0],"colors":[7122329,6396809,8434380,6990537]},{"id":20855,"name":"Skeleton","type":10,"category":0,"actions":["Search"],"coordinates":[[908,10358]],"size":[1,1,521],"rotations":[0],"colors":[7122329,6396809,8434380,6990537]},{"id":20853,"name":"Cave","type":10,"category":0,"actions":["Exit"],"coordinates":[[920,10314]],"size":[3,1,521],"rotations":[0],"colors":[7122329,6396809,8434380,6990537]}]