[{"id":58547,"name":"Mangrove","type":10,"category":0,"actions":[],"coordinates":[[794,39472],[818,39460],[842,39480],[842,39448],[930,39444],[962,39432]],"size":[2,2,521],"rotations":[0,0,0,0,0,0],"colors":[7122329,6396809,8434380,6990537]},{"id":58544,"name":"Mangrove","type":11,"category":0,"actions":[],"coordinates":[[802,39460],[814,39472],[850,39476],[850,39456],[854,39444],[882,39472],[890,39452],[926,39428],[950,39424]],"size":[2,2,521],"rotations":[0,0,0,0,0,0,0,0,0],"colors":[7122329,6396809,8434380,6990537]},{"id":51790,"name":"Rockslide","type":11,"category":0,"actions":[],"coordinates":[[806,39472],[870,39488],[946,39476]],"size":[2,2,521],"rotations":[0,0,0],"colors":[7122329,6396809,8434380,6990537]},{"id":11914,"name":"Bush","type":10,"category":0,"actions":[],"coordinates":[[804,39454],[872,39510],[932,39478],[972,39446]],"size":[1,1,521],"rotations":[0,0,0,0],"colors":[7122329,6396809,8434380,6990537]},{"id":58546,"name":"Mangrove","type":11,"category":0,"actions":[],"coordinates":[[810,39480],[830,39472],[854,39488],[874,39456],[890,39468],[922,39448]],"size":[2,2,521],"rotations":[0,0,0,0,0,0],"colors":[7122329,6396809,8434380,6990537]},{"id":51792,"name":"Rockslide","type":10,"category":0,"actions":[],"coordinates":[[810,39452],[862,39544],[942,39468],[970,39484],[978,39456]],"size":[2,2,521],"rotations":[0,0,0,0,0],"colors":[7122329,6396809,8434380,6990537]},{"id":60192,"name":"Rockslide","type":11,"category":0,"actions":[],"coordinates":[[842,39460],[918,39432]],"size":[2,2,521],"rotations":[0,0],"colors":[7122329,6396809,8434380,6990537]},{"id":51791,"name":"Rockslide","type":11,"category":0,"actions":[],"coordinates":[[846,39500]],"size":[2,2,521],"rotations":[0],"colors":[7122329,6396809,8434380,6990537]},{"id":44143,"name":"Bush","type":10,"category":0,"actions":[],"coordinates":[[848,39462],[872,39434],[884,39478],[940,39450]],"size":[1,1,521],"rotations":[0,0,0,0],"colors":[7122329,6396809,8434380,6990537]},{"id":58545,"name":"Mangrove","type":11,"category":0,"actions":[],"coordinates":[[854,39468],[866,39436],[938,39440]],"size":[2,2,521],"rotations":[0,0,0],"colors":[7122329,6396809,8434380,6990537]},{"id":51793,"name":"Rockslide","type":11,"category":0,"actions":[],"coordinates":[[862,39484]],"size":[2,2,521],"rotations":[0],"colors":[7122329,6396809,8434380,6990537]},{"id":11911,"name":"Bush","type":10,"category":0,"actions":[],"coordinates":[[866,39496]],"size":[2,2,521],"rotations":[0],"colors":[7122329,6396809,8434380,6990537]},{"id":60194,"name":"Rockslide","type":11,"category":0,"actions":[],"coordinates":[[934,39452]],"size":[2,2,521],"rotations":[0],"colors":[7122329,6396809,8434380,6990537]},{"id":60195,"name":"Rockslide","type":10,"category":0,"actions":[],"coordinates":[[938,39428]],"size":[2,2,521],"rotations":[0],"colors":[7122329,6396809,8434380,6990537]},{"id":44144,"name":"Bush","type":10,"category":0,"actions":[],"coordinates":[[948,39450]],"size":[1,1,521],"rotations":[0],"colors":[7122329,6396809,8434380,6990537]},{"id":59834,"name":"Mooring point","type":11,"category":0,"actions":["Board","Board-previous","Board-friend"],"coordinates":[[968,39502]],"size":[1,1,521],"rotations":[0],"colors":[7122329,6396809,8434380,6990537]},{"id":59820,"name":"Buoy","type":11,"category":2339,"actions":["Dock"],"coordinates":[[994,39484]],"size":[2,2,521],"rotations":[0],"colors":[7122329,6396809,8434380,6990537]}]