[{"id":58547,"name":"Mangrove","type":10,"category":0,"actions":[],"coordinates":[[4634,-9908],[4658,-9920],[4682,-9900],[4682,-9932],[4770,-9936],[4802,-9948]],"size":[2,2,521],"rotations":[0,0,0,0,0,0],"colors":[7122329,6396809,8434380,6990537]},{"id":58544,"name":"Mangrove","type":11,"category":0,"actions":[],"coordinates":[[4642,-9920],[4654,-9908],[4690,-9904],[4690,-9924],[4694,-9936],[4722,-9908],[4730,-9928],[4766,-9952],[4790,-9956]],"size":[2,2,521],"rotations":[0,0,0,0,0,0,0,0,0],"colors":[7122329,6396809,8434380,6990537]},{"id":51790,"name":"Rockslide","type":11,"category":0,"actions":[],"coordinates":[[4646,-9908],[4710,-9892],[4786,-9904]],"size":[2,2,521],"rotations":[0,0,0],"colors":[7122329,6396809,8434380,6990537]},{"id":11914,"name":"Bush","type":10,"category":0,"actions":[],"coordinates":[[4644,-9926],[4712,-9870],[4772,-9902],[4812,-9934]],"size":[1,1,521],"rotations":[0,0,0,0],"colors":[7122329,6396809,8434380,6990537]},{"id":58546,"name":"Mangrove","type":11,"category":0,"actions":[],"coordinates":[[4650,-9900],[4670,-9908],[4694,-9892],[4714,-9924],[4730,-9912],[4762,-9932]],"size":[2,2,521],"rotations":[0,0,0,0,0,0],"colors":[7122329,6396809,8434380,6990537]},{"id":51792,"name":"Rockslide","type":10,"category":0,"actions":[],"coordinates":[[4650,-9928],[4702,-9836],[4782,-9912],[4810,-9896],[4818,-9924]],"size":[2,2,521],"rotations":[0,0,0,0,0],"colors":[7122329,6396809,8434380,6990537]},{"id":60192,"name":"Rockslide","type":11,"category":0,"actions":[],"coordinates":[[4682,-9920],[4758,-9948]],"size":[2,2,521],"rotations":[0,0],"colors":[7122329,6396809,8434380,6990537]},{"id":51791,"name":"Rockslide","type":11,"category":0,"actions":[],"coordinates":[[4686,-9880]],"size":[2,2,521],"rotations":[0],"colors":[7122329,6396809,8434380,6990537]},{"id":44143,"name":"Bush","type":10,"category":0,"actions":[],"coordinates":[[4688,-9918],[4712,-9946],[4724,-9902],[4780,-9930]],"size":[1,1,521],"rotations":[0,0,0,0],"colors":[7122329,6396809,8434380,6990537]},{"id":58545,"name":"Mangrove","type":11,"category":0,"actions":[],"coordinates":[[4694,-9912],[4706,-9944],[4778,-9940]],"size":[2,2,521],"rotations":[0,0,0],"colors":[7122329,6396809,8434380,6990537]},{"id":51793,"name":"Rockslide","type":11,"category":0,"actions":[],"coordinates":[[4702,-9896]],"size":[2,2,521],"rotations":[0],"colors":[7122329,6396809,8434380,6990537]},{"id":11911,"name":"Bush","type":10,"category":0,"actions":[],"coordinates":[[4706,-9884]],"size":[2,2,521],"rotations":[0],"colors":[7122329,6396809,8434380,6990537]},{"id":60194,"name":"Rockslide","type":11,"category":0,"actions":[],"coordinates":[[4774,-9928]],"size":[2,2,521],"rotations":[0],"colors":[7122329,6396809,8434380,6990537]},{"id":60195,"name":"Rockslide","type":10,"category":0,"actions":[],"coordinates":[[4778,-9952]],"size":[2,2,521],"rotations":[0],"colors":[7122329,6396809,8434380,6990537]},{"id":44144,"name":"Bush","type":10,"category":0,"actions":[],"coordinates":[[4788,-9930]],"size":[1,1,521],"rotations":[0],"colors":[7122329,6396809,8434380,6990537]},{"id":59834,"name":"Mooring point","type":11,"category":0,"actions":["Board","Board-previous","Board-friend"],"coordinates":[[4808,-9878]],"size":[1,1,521],"rotations":[0],"colors":[7122329,6396809,8434380,6990537]},{"id":59820,"name":"Buoy","type":11,"category":2339,"actions":["Dock"],"coordinates":[[4834,-9896]],"size":[2,2,521],"rotations":[0],"colors":[7122329,6396809,8434380,6990537]}]