[{"id":1279,"name":"Tree","type":10,"category":189,"actions":["Chop down"],"coordinates":[[1002,35464]],"size":[2,2,521],"rotations":[0],"colors":[7122329,6396809,8434380,6990537]},{"id":10820,"name":"Oak tree","type":10,"category":279,"actions":["Chop down"],"coordinates":[[1008,35478],[1016,35422],[1024,35458]],"size":[3,3,521],"rotations":[0,0,0],"colors":[7122329,6396809,8434380,6990537]},{"id":1325,"name":"Roots","type":10,"category":0,"actions":[],"coordinates":[[1012,35490],[1020,35482]],"size":[1,1,521],"rotations":[0,0],"colors":[7122329,6396809,8434380,6990537]},{"id":1278,"name":"Tree","type":10,"category":189,"actions":["Chop down"],"coordinates":[[1014,35348]],"size":[2,2,521],"rotations":[0],"colors":[7122329,6396809,8434380,6990537]},{"id":1323,"name":"Roots","type":10,"category":0,"actions":[],"coordinates":[[1016,35482],[1016,35474],[1020,35486],[1020,35470]],"size":[1,1,521],"rotations":[0,0,0,0],"colors":[7122329,6396809,8434380,6990537]},{"id":1286,"name":"Dead tree","type":10,"category":189,"actions":["Chop down"],"coordinates":[[1016,35466]],"size":[1,1,521],"rotations":[0],"colors":[7122329,6396809,8434380,6990537]},{"id":1392,"name":"Plant","type":10,"category":0,"actions":[],"coordinates":[[1018,35336],[1022,35368]],"size":[2,2,521],"rotations":[0,0],"colors":[7122329,6396809,8434380,6990537]},{"id":1324,"name":"Roots","type":10,"category":0,"actions":[],"coordinates":[[1020,35478],[1020,35474]],"size":[1,1,521],"rotations":[0,0],"colors":[7122329,6396809,8434380,6990537]}]