[{"id":27761,"name":"Broken rowboat","type":10,"category":0,"actions":[],"coordinates":[[4794,-13550]],"size":[4,5,521],"rotations":[2],"colors":[7122329,6396809,8434380,6990537]},{"id":11363,"name":"Clay rocks","type":10,"category":201,"actions":["Mine"],"coordinates":[[4828,-13578]],"size":[1,1,521],"rotations":[0],"colors":[7122329,6396809,8434380,6990537]},{"id":11362,"name":"Clay rocks","type":10,"category":201,"actions":["Mine"],"coordinates":[[4832,-13582]],"size":[1,1,521],"rotations":[0],"colors":[7122329,6396809,8434380,6990537]},{"id":11372,"name":"Mithril rocks","type":10,"category":252,"actions":["Mine"],"coordinates":[[4836,-13570],[4860,-13582]],"size":[1,1,521],"rotations":[0,0],"colors":[7122329,6396809,8434380,6990537]},{"id":11374,"name":"Adamantite rocks","type":10,"category":197,"actions":["Mine"],"coordinates":[[4840,-13586],[4852,-13570]],"size":[1,1,521],"rotations":[0,0],"colors":[7122329,6396809,8434380,6990537]},{"id":11373,"name":"Mithril rocks","type":10,"category":252,"actions":["Mine"],"coordinates":[[4844,-13566],[4852,-13594],[4856,-13578]],"size":[1,1,521],"rotations":[0,0,0],"colors":[7122329,6396809,8434380,6990537]},{"id":11375,"name":"Adamantite rocks","type":10,"category":197,"actions":["Mine"],"coordinates":[[4844,-13590],[4848,-13578]],"size":[1,1,521],"rotations":[0,0],"colors":[7122329,6396809,8434380,6990537]},{"id":10822,"name":"Yew tree","type":10,"category":288,"actions":["Chop down"],"coordinates":[[4852,-13734]],"size":[3,3,521],"rotations":[0],"colors":[7122329,6396809,8434380,6990537]},{"id":20851,"name":"Flour","type":22,"category":0,"actions":[],"coordinates":[[4852,-13546]],"size":[1,1,521],"rotations":[0],"colors":[7122329,6396809,8434380,6990537]},{"id":10820,"name":"Oak tree","type":10,"category":279,"actions":["Chop down"],"coordinates":[[4856,-13714],[4864,-13658]],"size":[3,3,521],"rotations":[0,0],"colors":[7122329,6396809,8434380,6990537]}]