[{"id":14674,"name":"Skeleton","type":10,"category":0,"actions":[],"coordinates":[[1092,45462],[1096,45462],[1100,45462],[1104,45462],[1136,45462],[1140,45462],[1148,45462]],"size":[1,1,521],"rotations":[0,0,0,0,0,0,0],"colors":[7122329,6396809,8434380,6990537]},{"id":14675,"name":"Skeleton","type":10,"category":0,"actions":[],"coordinates":[[1108,45464],[1112,45464],[1128,45464],[1132,45464]],"size":[2,1,521],"rotations":[1,3,3,1],"colors":[7122329,6396809,8434380,6990537]},{"id":21773,"name":"Soul Devourer","type":10,"category":0,"actions":[],"coordinates":[[1120,45394]],"size":[5,5,521],"rotations":[0],"colors":[7122329,6396809,8434380,6990537]},{"id":21772,"name":"Portcullis","type":10,"category":0,"actions":["Exit"],"coordinates":[[1120,45530]],"size":[3,1,521],"rotations":[0],"colors":[7122329,6396809,8434380,6990537]},{"id":14645,"name":"Skeleton","type":10,"category":0,"actions":[],"coordinates":[[1144,45462]],"size":[1,1,521],"rotations":[0],"colors":[7122329,6396809,8434380,6990537]},{"id":23101,"name":"Soul boat","type":10,"category":0,"actions":[],"coordinates":[[1156,45358]],"size":[3,3,521],"rotations":[0],"colors":[7122329,6396809,8434380,6990537]}]