[{"id":302,"name":"Eggs","type":10,"category":0,"actions":[],"coordinates":[[4920,-36882],[4936,-36878]],"size":[1,1,521],"rotations":[0,0],"colors":[7122329,6396809,8434380,6990537]},{"id":698,"name":"Big egg","type":10,"category":0,"actions":[],"coordinates":[[4928,-36878],[4932,-36886],[4940,-36874],[4944,-36882]],"size":[1,1,521],"rotations":[0,0,0,0],"colors":[7122329,6396809,8434380,6990537]},{"id":1171,"name":"Fungus","type":10,"category":0,"actions":[],"coordinates":[[4968,-37042],[4988,-37054],[4996,-36962]],"size":[1,1,521],"rotations":[0,0,0],"colors":[7122329,6396809,8434380,6990537]},{"id":57529,"name":"Tree root","type":10,"category":0,"actions":[],"coordinates":[[4976,-36902],[5000,-36942]],"size":[1,1,521],"rotations":[0,0],"colors":[7122329,6396809,8434380,6990537]},{"id":57592,"name":"Cave","type":10,"category":0,"actions":["Enter"],"coordinates":[[4980,-37064]],"size":[2,3,521],"rotations":[3],"colors":[7122329,6396809,8434380,6990537]},{"id":56905,"name":"Ledge","type":0,"category":0,"actions":[],"coordinates":[[4976,-37066],[4980,-37066],[4984,-37066]],"size":[1,1,521],"rotations":[0,0,0],"colors":[7122329,6396809,8434380,6990537]},{"id":54940,"name":"Fern","type":10,"category":0,"actions":[],"coordinates":[[4984,-36910],[5016,-36990]],"size":[1,1,521],"rotations":[0,0],"colors":[7122329,6396809,8434380,6990537]},{"id":21741,"name":"Fungus","type":10,"category":0,"actions":[],"coordinates":[[4986,-37012]],"size":[2,2,521],"rotations":[0],"colors":[7122329,6396809,8434380,6990537]},{"id":34857,"name":"Dragon egg","type":10,"category":0,"actions":[],"coordinates":[[5028,-36870],[5032,-36886],[5040,-36866],[5044,-36882],[5048,-36874]],"size":[1,1,521],"rotations":[0,0,0,0,0],"colors":[7122329,6396809,8434380,6990537]},{"id":56931,"name":"Eggs","type":10,"category":0,"actions":[],"coordinates":[[5036,-36878]],"size":[1,1,521],"rotations":[0],"colors":[7122329,6396809,8434380,6990537]}]