[{"id":42072,"name":"Barrel","type":10,"category":0,"actions":[],"coordinates":[[1052,37242]],"size":[1,1,521],"rotations":[0],"colors":[7122329,6396809,8434380,6990537]},{"id":42066,"name":"Crate","type":10,"category":0,"actions":[],"coordinates":[[1052,37238],[1064,37230],[1068,37230]],"size":[1,1,521],"rotations":[0,0,0],"colors":[7122329,6396809,8434380,6990537]},{"id":42068,"name":"Crates","type":11,"category":0,"actions":[],"coordinates":[[1056,37226]],"size":[1,1,521],"rotations":[0],"colors":[7122329,6396809,8434380,6990537]},{"id":46708,"name":"Wall","type":3,"category":0,"actions":["Push-against"],"coordinates":[[1068,37238],[1068,37226],[1076,37238],[1076,37226],[1084,37238],[1084,37226]],"size":[1,1,521],"rotations":[0,0,0,0,0,0],"colors":[7122329,6396809,8434380,6990537]},{"id":27759,"name":"Rowboat","type":10,"category":0,"actions":[],"coordinates":[[1076,37240],[1086,37226]],"size":[2,3,521],"rotations":[1,2],"colors":[7122329,6396809,8434380,6990537]},{"id":42377,"name":"Pine tree","type":10,"category":2306,"actions":[],"coordinates":[[1126,37336],[1138,37348],[1142,37356],[1142,37332],[1154,37296],[1166,37304],[1206,37312],[1214,37360],[1238,37352],[1242,37360]],"size":[2,2,521],"rotations":[0,0,0,0,0,0,0,0,0,0],"colors":[7122329,6396809,8434380,6990537]},{"id":10820,"name":"Oak tree","type":10,"category":279,"actions":["Chop down"],"coordinates":[[1160,37138],[1236,37150]],"size":[3,3,521],"rotations":[0,0],"colors":[7122329,6396809,8434380,6990537]},{"id":1282,"name":"Dead tree","type":10,"category":189,"actions":["Chop down"],"coordinates":[[1174,37128],[1190,37132],[1230,37124],[1242,37128],[1258,37148]],"size":[2,2,521],"rotations":[0,0,0,0,0],"colors":[7122329,6396809,8434380,6990537]},{"id":55130,"name":"Rockslide","type":10,"category":0,"actions":[],"coordinates":[[1182,37148],[1190,37152],[1190,37136],[1198,37144],[1218,37160],[1226,37168],[1226,37152],[1234,37156],[1266,37148],[1274,37152]],"size":[2,2,521],"rotations":[0,0,0,0,0,0,0,0,0,0],"colors":[7122329,6396809,8434380,6990537]},{"id":42402,"name":"Plant","type":10,"category":0,"actions":[],"coordinates":[[1182,37124],[1218,37148]],"size":[2,2,521],"rotations":[0,0],"colors":[7122329,6396809,8434380,6990537]},{"id":55128,"name":"Rockslide","type":10,"category":0,"actions":[],"coordinates":[[1190,37144],[1226,37160]],"size":[2,2,521],"rotations":[0,0],"colors":[7122329,6396809,8434380,6990537]},{"id":1289,"name":"Dead tree","type":10,"category":189,"actions":["Chop down"],"coordinates":[[1196,37138],[1248,37146]],"size":[1,1,521],"rotations":[0,0],"colors":[7122329,6396809,8434380,6990537]},{"id":42403,"name":"Plant","type":10,"category":0,"actions":[],"coordinates":[[1198,37128],[1222,37124]],"size":[2,2,521],"rotations":[0,0],"colors":[7122329,6396809,8434380,6990537]},{"id":10829,"name":"Willow tree","type":10,"category":286,"actions":["Chop down"],"coordinates":[[1206,37224]],"size":[2,2,521],"rotations":[0],"colors":[7122329,6396809,8434380,6990537]},{"id":55122,"name":"Pine tree","type":10,"category":0,"actions":[],"coordinates":[[1210,37136],[1266,37136],[1274,37128]],"size":[2,2,521],"rotations":[0,0,0],"colors":[7122329,6396809,8434380,6990537]},{"id":10831,"name":"Willow tree","type":10,"category":286,"actions":["Chop down"],"coordinates":[[1214,37232]],"size":[2,2,521],"rotations":[0],"colors":[7122329,6396809,8434380,6990537]},{"id":1338,"name":"Hollow log","type":11,"category":0,"actions":[],"coordinates":[[1216,37126]],"size":[1,1,521],"rotations":[0],"colors":[7122329,6396809,8434380,6990537]},{"id":7466,"name":"Apple Tree","type":10,"category":0,"actions":[],"coordinates":[[1222,37256],[1226,37248]],"size":[2,2,521],"rotations":[0,0],"colors":[7122329,6396809,8434380,6990537]},{"id":51772,"name":"Oak tree","type":10,"category":279,"actions":["Chop down"],"coordinates":[[1270,37284]],"size":[4,4,521],"rotations":[0],"colors":[7122329,6396809,8434380,6990537]}]