[{"id":1325,"name":"Roots","type":10,"category":0,"actions":[],"coordinates":[[5136,-38754],[5236,-38766],[5340,-38818]],"size":[1,1,521],"rotations":[0,0,0],"colors":[7122329,6396809,8434380,6990537]},{"id":666,"name":"Corpse","type":10,"category":0,"actions":[],"coordinates":[[5136,-38780]],"size":[2,1,521],"rotations":[3],"colors":[7122329,6396809,8434380,6990537]},{"id":10785,"name":"Rock","type":10,"category":0,"actions":[],"coordinates":[[5144,-38750],[5208,-38722],[5276,-38730],[5312,-38770]],"size":[1,1,521],"rotations":[0,0,0,0],"colors":[7122329,6396809,8434380,6990537]},{"id":14020,"name":"Bones","type":10,"category":0,"actions":[],"coordinates":[[5144,-38798]],"size":[1,1,521],"rotations":[0],"colors":[7122329,6396809,8434380,6990537]},{"id":11425,"name":"Mossy rock","type":10,"category":0,"actions":[],"coordinates":[[5164,-38798],[5236,-38838],[5248,-38742],[5260,-38786],[5284,-38730],[5288,-38822]],"size":[1,1,521],"rotations":[0,0,0,0,0,0],"colors":[7122329,6396809,8434380,6990537]},{"id":1366,"name":"Roots","type":10,"category":0,"actions":[],"coordinates":[[5168,-38798],[5200,-38782],[5212,-38722],[5280,-38794],[5320,-38794]],"size":[1,1,521],"rotations":[0,0,0,0,0],"colors":[7122329,6396809,8434380,6990537]},{"id":1324,"name":"Roots","type":10,"category":0,"actions":[],"coordinates":[[5172,-38750]],"size":[1,1,521],"rotations":[0],"colors":[7122329,6396809,8434380,6990537]},{"id":10783,"name":"Rock","type":10,"category":0,"actions":[],"coordinates":[[5176,-38750],[5264,-38762],[5320,-38842]],"size":[1,1,521],"rotations":[0,0,0],"colors":[7122329,6396809,8434380,6990537]},{"id":667,"name":"Corpse","type":10,"category":0,"actions":[],"coordinates":[[5184,-38772]],"size":[2,1,521],"rotations":[3],"colors":[7122329,6396809,8434380,6990537]},{"id":30384,"name":"Crevice","type":0,"category":0,"actions":["Squeeze-through"],"coordinates":[[5184,-38786],[5280,-38814]],"size":[1,1,521],"rotations":[0,0],"colors":[7122329,6396809,8434380,6990537]},{"id":30385,"name":"Crevice","type":0,"category":0,"actions":["Squeeze-through"],"coordinates":[[5192,-38786],[5288,-38814]],"size":[1,1,521],"rotations":[0,0],"colors":[7122329,6396809,8434380,6990537]},{"id":1364,"name":"Roots","type":10,"category":0,"actions":[],"coordinates":[[5196,-38810]],"size":[3,3,521],"rotations":[0],"colors":[7122329,6396809,8434380,6990537]},{"id":29978,"name":"Fallen soldier","type":10,"category":0,"actions":[],"coordinates":[[5198,-38824]],"size":[2,2,521],"rotations":[0],"colors":[7122329,6396809,8434380,6990537]},{"id":20781,"name":"Skeleton","type":10,"category":0,"actions":[],"coordinates":[[5200,-38736]],"size":[2,1,521],"rotations":[3],"colors":[7122329,6396809,8434380,6990537]},{"id":1367,"name":"Roots","type":10,"category":0,"actions":[],"coordinates":[[5200,-38758],[5272,-38830],[5280,-38730],[5324,-38842]],"size":[1,1,521],"rotations":[0,0,0,0],"colors":[7122329,6396809,8434380,6990537]},{"id":10782,"name":"Rock","type":10,"category":0,"actions":[],"coordinates":[[5204,-38766],[5292,-38778],[5312,-38794]],"size":[1,1,521],"rotations":[0,0,0],"colors":[7122329,6396809,8434380,6990537]},{"id":29984,"name":"Lizardman corpse","type":10,"category":0,"actions":[],"coordinates":[[5210,-38782],[5264,-38740]],"size":[1,2,521],"rotations":[1,0],"colors":[7122329,6396809,8434380,6990537]},{"id":1368,"name":"Roots","type":10,"category":0,"actions":[],"coordinates":[[5212,-38842],[5248,-38790],[5312,-38766]],"size":[1,1,521],"rotations":[0,0,0],"colors":[7122329,6396809,8434380,6990537]},{"id":30382,"name":"Crevice","type":0,"category":0,"actions":["Squeeze-through"],"coordinates":[[5220,-38766],[5272,-38778]],"size":[1,1,521],"rotations":[0,0],"colors":[7122329,6396809,8434380,6990537]},{"id":30383,"name":"Crevice","type":0,"category":0,"actions":["Squeeze-through"],"coordinates":[[5220,-38774],[5272,-38786]],"size":[1,1,521],"rotations":[0,0],"colors":[7122329,6396809,8434380,6990537]},{"id":11424,"name":"Mossy rock","type":10,"category":0,"actions":[],"coordinates":[[5222,-38800],[5254,-38816]],"size":[2,2,521],"rotations":[0,0],"colors":[7122329,6396809,8434380,6990537]},{"id":30381,"name":"Crevice","type":0,"category":0,"actions":["Squeeze-through"],"coordinates":[[5220,-38846]],"size":[1,1,521],"rotations":[0],"colors":[7122329,6396809,8434380,6990537]},{"id":29897,"name":"Fallen soldier","type":10,"category":0,"actions":[],"coordinates":[[5230,-38812]],"size":[2,2,521],"rotations":[0],"colors":[7122329,6396809,8434380,6990537]},{"id":12245,"name":"Skeleton","type":10,"category":0,"actions":[],"coordinates":[[5238,-38722]],"size":[2,1,521],"rotations":[0],"colors":[7122329,6396809,8434380,6990537]},{"id":29977,"name":"Fallen soldier","type":10,"category":0,"actions":[],"coordinates":[[5238,-38788],[5246,-38832]],"size":[2,2,521],"rotations":[0,0],"colors":[7122329,6396809,8434380,6990537]},{"id":10784,"name":"Rock","type":10,"category":0,"actions":[],"coordinates":[[5240,-38766],[5340,-38822]],"size":[1,1,521],"rotations":[0,0],"colors":[7122329,6396809,8434380,6990537]},{"id":12246,"name":"Skeleton","type":10,"category":0,"actions":[],"coordinates":[[5248,-38746]],"size":[1,1,521],"rotations":[0],"colors":[7122329,6396809,8434380,6990537]},{"id":665,"name":"Corpse","type":10,"category":0,"actions":[],"coordinates":[[5256,-38838],[5288,-38778]],"size":[1,1,521],"rotations":[0,0],"colors":[7122329,6396809,8434380,6990537]},{"id":29983,"name":"Lizardman corpse","type":10,"category":0,"actions":[],"coordinates":[[5268,-38818]],"size":[1,1,521],"rotations":[0],"colors":[7122329,6396809,8434380,6990537]},{"id":664,"name":"Corpse","type":10,"category":0,"actions":[],"coordinates":[[5300,-38842]],"size":[1,1,521],"rotations":[0],"colors":[7122329,6396809,8434380,6990537]},{"id":14019,"name":"Bones","type":10,"category":0,"actions":[],"coordinates":[[5312,-38746]],"size":[1,1,521],"rotations":[0],"colors":[7122329,6396809,8434380,6990537]}]