[{"id":46333,"name":"Rope","type":10,"category":0,"actions":["Climb-up"],"coordinates":[[1338,10296]],"size":[2,2,521],"rotations":[0],"colors":[7122329,6396809,8434380,6990537]},{"id":46344,"name":"Huge Mushroom","type":10,"category":0,"actions":[],"coordinates":[[1352,10414],[1364,10366],[1428,10382]],"size":[1,1,521],"rotations":[0,0,0],"colors":[7122329,6396809,8434380,6990537]},{"id":46415,"name":"Pillar","type":11,"category":0,"actions":[],"coordinates":[[1356,10438],[1356,10370],[1424,10438],[1424,10370]],"size":[1,1,521],"rotations":[0,0,0,0],"colors":[7122329,6396809,8434380,6990537]},{"id":46337,"name":"Rubble","type":10,"category":0,"actions":[],"coordinates":[[1368,10366],[1376,10366],[1412,10366]],"size":[1,1,521],"rotations":[0,0,0],"colors":[7122329,6396809,8434380,6990537]},{"id":46352,"name":"Stone table","type":10,"category":154,"actions":[],"coordinates":[[1368,10356]],"size":[1,2,521],"rotations":[0],"colors":[7122329,6396809,8434380,6990537]},{"id":46342,"name":"Vase","type":10,"category":0,"actions":[],"coordinates":[[1368,10342],[1380,10338],[1408,10338],[1412,10342]],"size":[1,1,521],"rotations":[0,0,0,0],"colors":[7122329,6396809,8434380,6990537]},{"id":46349,"name":"Stone table","type":10,"category":154,"actions":[],"coordinates":[[1374,10338]],"size":[1,2,521],"rotations":[1],"colors":[7122329,6396809,8434380,6990537]},{"id":46339,"name":"Stone chest","type":10,"category":0,"actions":[],"coordinates":[[1376,10358],[1412,10350]],"size":[1,1,521],"rotations":[0,0],"colors":[7122329,6396809,8434380,6990537]},{"id":46361,"name":"Stone table","type":10,"category":155,"actions":[],"coordinates":[[1380,10358]],"size":[1,1,521],"rotations":[0],"colors":[7122329,6396809,8434380,6990537]},{"id":46356,"name":"Stone table","type":10,"category":157,"actions":[],"coordinates":[[1390,10404],[1402,10340]],"size":[2,2,521],"rotations":[0,0],"colors":[7122329,6396809,8434380,6990537]},{"id":46346,"name":"Huge Mushroom","type":10,"category":0,"actions":[],"coordinates":[[1388,10398],[1396,10442],[1432,10410]],"size":[1,1,521],"rotations":[0,0,0],"colors":[7122329,6396809,8434380,6990537]},{"id":46341,"name":"Stone chest","type":10,"category":0,"actions":[],"coordinates":[[1400,10358]],"size":[1,1,521],"rotations":[0],"colors":[7122329,6396809,8434380,6990537]},{"id":46378,"name":"Stone table","type":10,"category":154,"actions":["Search"],"coordinates":[[1406,10358]],"size":[1,2,521],"rotations":[1],"colors":[7122329,6396809,8434380,6990537]}]