[{"id":46415,"name":"Pillar","type":11,"category":0,"actions":[],"coordinates":[[5196,-38502],[5196,-38526],[5280,-38502],[5280,-38526]],"size":[1,1,521],"rotations":[0,0,0,0],"colors":[7122329,6396809,8434380,6990537]},{"id":46352,"name":"Stone table","type":10,"category":154,"actions":[],"coordinates":[[5208,-38484]],"size":[1,2,521],"rotations":[0],"colors":[7122329,6396809,8434380,6990537]},{"id":46342,"name":"Vase","type":10,"category":0,"actions":[],"coordinates":[[5208,-38490],[5216,-38478],[5220,-38478],[5264,-38478],[5268,-38490]],"size":[1,1,521],"rotations":[0,0,0,0,0],"colors":[7122329,6396809,8434380,6990537]},{"id":46337,"name":"Rubble","type":10,"category":0,"actions":[],"coordinates":[[5208,-38498],[5260,-38498]],"size":[1,1,521],"rotations":[0,0],"colors":[7122329,6396809,8434380,6990537]},{"id":46339,"name":"Stone chest","type":10,"category":0,"actions":[],"coordinates":[[5212,-38490],[5268,-38482]],"size":[1,1,521],"rotations":[0,0],"colors":[7122329,6396809,8434380,6990537]},{"id":46341,"name":"Stone chest","type":10,"category":0,"actions":[],"coordinates":[[5220,-38490]],"size":[1,1,521],"rotations":[0],"colors":[7122329,6396809,8434380,6990537]},{"id":46376,"name":"Stone table","type":10,"category":154,"actions":["Search"],"coordinates":[[5226,-38490]],"size":[1,2,521],"rotations":[1],"colors":[7122329,6396809,8434380,6990537]},{"id":46327,"name":"Rope","type":10,"category":0,"actions":["Climb-up"],"coordinates":[[5238,-38420]],"size":[2,2,521],"rotations":[0],"colors":[7122329,6396809,8434380,6990537]},{"id":46358,"name":"Stone table","type":10,"category":154,"actions":[],"coordinates":[[5250,-38488]],"size":[2,2,521],"rotations":[0],"colors":[7122329,6396809,8434380,6990537]},{"id":46361,"name":"Stone table","type":10,"category":155,"actions":[],"coordinates":[[5260,-38478]],"size":[1,1,521],"rotations":[0],"colors":[7122329,6396809,8434380,6990537]},{"id":46351,"name":"Stone table","type":10,"category":154,"actions":[],"coordinates":[[5262,-38490]],"size":[1,2,521],"rotations":[1],"colors":[7122329,6396809,8434380,6990537]}]