[{"id":34656,"name":"Chemical waste pipe","type":10,"category":0,"actions":[],"coordinates":[[5144,9698],[5196,9490],[5204,9498]],"size":[1,1,523],"rotations":[0,0,0],"colors":[7122329,6396809,8434380,6990537]},{"id":34544,"name":"Rocks","type":10,"category":0,"actions":["Climb"],"coordinates":[[5208,9608],[5246,9570],[5284,9608]],"size":[2,1,523],"rotations":[3,0,1],"colors":[7122329,6396809,8434380,6990537]},{"id":34584,"name":"Stone chest","type":11,"category":0,"actions":["Search"],"coordinates":[[5222,9512]],"size":[2,2,523],"rotations":[0],"colors":[7122329,6396809,8434380,6990537]},{"id":34514,"name":"Cave exit","type":10,"category":0,"actions":["Exit"],"coordinates":[[5246,9686]],"size":[2,3,523],"rotations":[0],"colors":[7122329,6396809,8434380,6990537]},{"id":34655,"name":"Mysterious pipe","type":10,"category":0,"actions":["Enter"],"coordinates":[[5264,9574]],"size":[1,1,523],"rotations":[0],"colors":[7122329,6396809,8434380,6990537]},{"id":34530,"name":"Steps","type":10,"category":0,"actions":["Climb"],"coordinates":[[5324,9608]],"size":[2,3,523],"rotations":[3],"colors":[7122329,6396809,8434380,6990537]}]