[{"id":14674,"name":"Skeleton","type":10,"category":0,"actions":[],"coordinates":[[5188,-4174],[5192,-4174],[5196,-4174],[5200,-4174],[5232,-4174],[5236,-4174],[5244,-4174]],"size":[1,1,521],"rotations":[0,0,0,0,0,0,0],"colors":[7122329,6396809,8434380,6990537]},{"id":14675,"name":"Skeleton","type":10,"category":0,"actions":[],"coordinates":[[5204,-4172],[5208,-4172],[5224,-4172],[5228,-4172]],"size":[2,1,521],"rotations":[1,3,3,1],"colors":[7122329,6396809,8434380,6990537]},{"id":21773,"name":"Soul Devourer","type":10,"category":0,"actions":[],"coordinates":[[5216,-4242]],"size":[5,5,521],"rotations":[0],"colors":[7122329,6396809,8434380,6990537]},{"id":21772,"name":"Portcullis","type":10,"category":0,"actions":["Exit"],"coordinates":[[5216,-4106]],"size":[3,1,521],"rotations":[0],"colors":[7122329,6396809,8434380,6990537]},{"id":14645,"name":"Skeleton","type":10,"category":0,"actions":[],"coordinates":[[5240,-4174]],"size":[1,1,521],"rotations":[0],"colors":[7122329,6396809,8434380,6990537]},{"id":23101,"name":"Soul boat","type":10,"category":0,"actions":[],"coordinates":[[5252,-4278]],"size":[3,3,521],"rotations":[0],"colors":[7122329,6396809,8434380,6990537]}]