[{"id":59815,"name":"Buoy","type":11,"category":2339,"actions":["Dock"],"coordinates":[[8218,39976]],"size":[2,2,523],"rotations":[0],"colors":[7122329,6396809,8434380,6990537]},{"id":59834,"name":"Mooring point","type":10,"category":0,"actions":["Board","Board-previous","Board-friend"],"coordinates":[[8228,40010]],"size":[1,1,523],"rotations":[0],"colors":[7122329,6396809,8434380,6990537]},{"id":44069,"name":"Cactus","type":10,"category":0,"actions":[],"coordinates":[[8244,39994]],"size":[1,1,523],"rotations":[0],"colors":[7122329,6396809,8434380,6990537]},{"id":51792,"name":"Rockslide","type":10,"category":0,"actions":[],"coordinates":[[8246,39988],[8262,40024],[8278,40012]],"size":[2,2,523],"rotations":[0,0,0],"colors":[7122329,6396809,8434380,6990537]},{"id":44071,"name":"Cactus","type":10,"category":0,"actions":[],"coordinates":[[8252,40022]],"size":[1,1,523],"rotations":[0],"colors":[7122329,6396809,8434380,6990537]},{"id":51793,"name":"Rockslide","type":10,"category":0,"actions":[],"coordinates":[[8254,39984],[8254,39976],[8258,40020],[8274,40016],[8274,40008],[8286,39992]],"size":[2,2,523],"rotations":[0,0,0,0,0,0],"colors":[7122329,6396809,8434380,6990537]},{"id":1314,"name":"Plant","type":11,"category":0,"actions":[],"coordinates":[[8258,40002],[8268,40028],[8278,39990]],"size":[3,2,523],"rotations":[1,2,3],"colors":[7122329,6396809,8434380,6990537]},{"id":58541,"name":"Palm","type":10,"category":0,"actions":[],"coordinates":[[8260,39994],[8268,39986]],"size":[1,1,523],"rotations":[0,0],"colors":[7122329,6396809,8434380,6990537]},{"id":44070,"name":"Cactus","type":11,"category":0,"actions":[],"coordinates":[[8260,39990]],"size":[1,1,523],"rotations":[0],"colors":[7122329,6396809,8434380,6990537]},{"id":1405,"name":"Cactus","type":10,"category":0,"actions":[],"coordinates":[[8266,40008]],"size":[2,2,523],"rotations":[0],"colors":[7122329,6396809,8434380,6990537]},{"id":59313,"name":"Crab monument","type":10,"category":2317,"actions":["Chart"],"coordinates":[[8266,39996]],"size":[2,2,523],"rotations":[0],"colors":[7122329,6396809,8434380,6990537]},{"id":44081,"name":"Cactus","type":10,"category":0,"actions":[],"coordinates":[[8264,39974]],"size":[1,1,523],"rotations":[0],"colors":[7122329,6396809,8434380,6990537]},{"id":58543,"name":"Palm","type":10,"category":0,"actions":[],"coordinates":[[8268,40030],[8320,40070]],"size":[1,1,523],"rotations":[0,0],"colors":[7122329,6396809,8434380,6990537]},{"id":44074,"name":"Cactus","type":10,"category":0,"actions":[],"coordinates":[[8268,39974]],"size":[1,1,523],"rotations":[0],"colors":[7122329,6396809,8434380,6990537]},{"id":17237,"name":"Torch","type":10,"category":0,"actions":[],"coordinates":[[8272,40002],[8272,39990]],"size":[1,1,523],"rotations":[0,0],"colors":[7122329,6396809,8434380,6990537]},{"id":44068,"name":"Cactus","type":10,"category":0,"actions":[],"coordinates":[[8284,40026]],"size":[1,1,523],"rotations":[0],"colors":[7122329,6396809,8434380,6990537]},{"id":4348,"name":"Shell","type":22,"category":0,"actions":[],"coordinates":[[8284,40006]],"size":[1,1,523],"rotations":[0],"colors":[7122329,6396809,8434380,6990537]},{"id":44030,"name":"Kharidian cactus (Dry)","type":10,"category":0,"actions":[],"coordinates":[[8284,39978]],"size":[1,1,523],"rotations":[0],"colors":[7122329,6396809,8434380,6990537]},{"id":28946,"name":"Inconspicuous rocks (elite)","type":10,"category":0,"actions":["Build"],"coordinates":[[8288,39998]],"size":[1,1,523],"rotations":[0],"colors":[7122329,6396809,8434380,6990537]},{"id":58542,"name":"Palm","type":10,"category":0,"actions":[],"coordinates":[[8288,39982],[8312,40082]],"size":[1,1,523],"rotations":[0,0],"colors":[7122329,6396809,8434380,6990537]},{"id":44079,"name":"Cactus","type":10,"category":0,"actions":[],"coordinates":[[8292,39998]],"size":[1,1,523],"rotations":[0],"colors":[7122329,6396809,8434380,6990537]},{"id":1123,"name":"Bush","type":10,"category":0,"actions":[],"coordinates":[[8306,40076]],"size":[2,2,523],"rotations":[0],"colors":[7122329,6396809,8434380,6990537]},{"id":58520,"name":"Cactus","type":10,"category":0,"actions":[],"coordinates":[[8314,40076]],"size":[2,2,523],"rotations":[0],"colors":[7122329,6396809,8434380,6990537]}]