[{"id":59815,"name":"Buoy","type":11,"category":2339,"actions":["Dock"],"coordinates":[[8218,-9404]],"size":[2,2,521],"rotations":[0],"colors":[7122329,6396809,8434380,6990537]},{"id":59834,"name":"Mooring point","type":10,"category":0,"actions":["Board","Board-previous","Board-friend"],"coordinates":[[8228,-9370]],"size":[1,1,521],"rotations":[0],"colors":[7122329,6396809,8434380,6990537]},{"id":44069,"name":"Cactus","type":10,"category":0,"actions":[],"coordinates":[[8244,-9386]],"size":[1,1,521],"rotations":[0],"colors":[7122329,6396809,8434380,6990537]},{"id":51792,"name":"Rockslide","type":10,"category":0,"actions":[],"coordinates":[[8246,-9392],[8262,-9356],[8278,-9368]],"size":[2,2,521],"rotations":[0,0,0],"colors":[7122329,6396809,8434380,6990537]},{"id":44071,"name":"Cactus","type":10,"category":0,"actions":[],"coordinates":[[8252,-9358]],"size":[1,1,521],"rotations":[0],"colors":[7122329,6396809,8434380,6990537]},{"id":51793,"name":"Rockslide","type":10,"category":0,"actions":[],"coordinates":[[8254,-9396],[8254,-9404],[8258,-9360],[8274,-9364],[8274,-9372],[8286,-9388]],"size":[2,2,521],"rotations":[0,0,0,0,0,0],"colors":[7122329,6396809,8434380,6990537]},{"id":1314,"name":"Plant","type":11,"category":0,"actions":[],"coordinates":[[8258,-9378],[8268,-9352],[8278,-9390]],"size":[3,2,521],"rotations":[1,2,3],"colors":[7122329,6396809,8434380,6990537]},{"id":58541,"name":"Palm","type":10,"category":0,"actions":[],"coordinates":[[8260,-9386],[8268,-9394]],"size":[1,1,521],"rotations":[0,0],"colors":[7122329,6396809,8434380,6990537]},{"id":44070,"name":"Cactus","type":11,"category":0,"actions":[],"coordinates":[[8260,-9390]],"size":[1,1,521],"rotations":[0],"colors":[7122329,6396809,8434380,6990537]},{"id":1405,"name":"Cactus","type":10,"category":0,"actions":[],"coordinates":[[8266,-9372]],"size":[2,2,521],"rotations":[0],"colors":[7122329,6396809,8434380,6990537]},{"id":59313,"name":"Crab monument","type":10,"category":2317,"actions":["Chart"],"coordinates":[[8266,-9384]],"size":[2,2,521],"rotations":[0],"colors":[7122329,6396809,8434380,6990537]},{"id":44081,"name":"Cactus","type":10,"category":0,"actions":[],"coordinates":[[8264,-9406]],"size":[1,1,521],"rotations":[0],"colors":[7122329,6396809,8434380,6990537]},{"id":58543,"name":"Palm","type":10,"category":0,"actions":[],"coordinates":[[8268,-9350],[8320,-9310]],"size":[1,1,521],"rotations":[0,0],"colors":[7122329,6396809,8434380,6990537]},{"id":44074,"name":"Cactus","type":10,"category":0,"actions":[],"coordinates":[[8268,-9406]],"size":[1,1,521],"rotations":[0],"colors":[7122329,6396809,8434380,6990537]},{"id":17237,"name":"Torch","type":10,"category":0,"actions":[],"coordinates":[[8272,-9378],[8272,-9390]],"size":[1,1,521],"rotations":[0,0],"colors":[7122329,6396809,8434380,6990537]},{"id":44068,"name":"Cactus","type":10,"category":0,"actions":[],"coordinates":[[8284,-9354]],"size":[1,1,521],"rotations":[0],"colors":[7122329,6396809,8434380,6990537]},{"id":4348,"name":"Shell","type":22,"category":0,"actions":[],"coordinates":[[8284,-9374]],"size":[1,1,521],"rotations":[0],"colors":[7122329,6396809,8434380,6990537]},{"id":44030,"name":"Kharidian cactus (Dry)","type":10,"category":0,"actions":[],"coordinates":[[8284,-9402]],"size":[1,1,521],"rotations":[0],"colors":[7122329,6396809,8434380,6990537]},{"id":28946,"name":"Inconspicuous rocks (elite)","type":10,"category":0,"actions":["Build"],"coordinates":[[8288,-9382]],"size":[1,1,521],"rotations":[0],"colors":[7122329,6396809,8434380,6990537]},{"id":58542,"name":"Palm","type":10,"category":0,"actions":[],"coordinates":[[8288,-9398],[8312,-9298]],"size":[1,1,521],"rotations":[0,0],"colors":[7122329,6396809,8434380,6990537]},{"id":44079,"name":"Cactus","type":10,"category":0,"actions":[],"coordinates":[[8292,-9382]],"size":[1,1,521],"rotations":[0],"colors":[7122329,6396809,8434380,6990537]},{"id":1123,"name":"Bush","type":10,"category":0,"actions":[],"coordinates":[[8306,-9304]],"size":[2,2,521],"rotations":[0],"colors":[7122329,6396809,8434380,6990537]},{"id":58520,"name":"Cactus","type":10,"category":0,"actions":[],"coordinates":[[8314,-9304]],"size":[2,2,521],"rotations":[0],"colors":[7122329,6396809,8434380,6990537]}]