[{"id":1282,"name":"Dead tree","type":10,"category":189,"actions":["Chop down"],"coordinates":[[8230,-13672],[8230,-13708],[8246,-13668],[8246,-13744],[8254,-13716],[8254,-13752],[8334,-13600],[8354,-13684],[8362,-13644],[8374,-13604],[8378,-13712],[8394,-13660]],"size":[2,2,521],"rotations":[0,0,0,0,0,0,0,0,0,0,0,0],"colors":[7122329,6396809,8434380,6990537]},{"id":14473,"name":"Cage","type":11,"category":0,"actions":[],"coordinates":[[8232,-13678]],"size":[1,1,521],"rotations":[0],"colors":[7122329,6396809,8434380,6990537]},{"id":34935,"name":"Dead tree","type":10,"category":0,"actions":[],"coordinates":[[8232,-13694],[8236,-13710],[8244,-13738],[8248,-13750],[8252,-13722],[8256,-13710],[8256,-13758],[8328,-13606],[8336,-13654],[8360,-13686],[8368,-13638],[8372,-13714],[8384,-13618],[8384,-13710],[8388,-13662],[8400,-13666],[8408,-13694]],"size":[1,1,521],"rotations":[0,0,0,0,0,0,0,0,0,0,0,0,0,0,0,0,0],"colors":[7122329,6396809,8434380,6990537]},{"id":8954,"name":"Flag","type":11,"category":0,"actions":[],"coordinates":[[8236,-13670],[8248,-13754],[8276,-13698],[8328,-13602],[8356,-13690],[8384,-13622],[8412,-13670]],"size":[1,1,521],"rotations":[0,0,0,0,0,0,0],"colors":[7122329,6396809,8434380,6990537]},{"id":58656,"name":"Anvil space","type":10,"category":0,"actions":["Build","Inspect"],"coordinates":[[8236,-13682]],"size":[1,1,521],"rotations":[0],"colors":[7122329,6396809,8434380,6990537]},{"id":58660,"name":"Furnace space","type":10,"category":0,"actions":["Build","Inspect"],"coordinates":[[8252,-13686]],"size":[3,3,521],"rotations":[0],"colors":[7122329,6396809,8434380,6990537]},{"id":39681,"name":"Bush","type":10,"category":0,"actions":[],"coordinates":[[8280,-13700],[8294,-13682],[8364,-13696],[8378,-13670],[8394,-13670]],"size":[1,2,521],"rotations":[2,1,2,1,1],"colors":[7122329,6396809,8434380,6990537]},{"id":11775,"name":"Door","type":0,"category":167,"actions":["Open"],"coordinates":[[8284,-13694],[8372,-13690],[8400,-13690]],"size":[1,1,521],"rotations":[0,0,0],"colors":[7122329,6396809,8434380,6990537]},{"id":14739,"name":"Crate","type":11,"category":0,"actions":[],"coordinates":[[8288,-13702],[8368,-13670],[8376,-13674]],"size":[1,1,521],"rotations":[0,0,0],"colors":[7122329,6396809,8434380,6990537]},{"id":14735,"name":"Staircase","type":10,"category":0,"actions":["Climb-up"],"coordinates":[[8294,-13692]],"size":[2,2,521],"rotations":[0],"colors":[7122329,6396809,8434380,6990537]},{"id":14763,"name":"Table","type":10,"category":169,"actions":[],"coordinates":[[8300,-13690],[8404,-13674]],"size":[1,1,521],"rotations":[0,0],"colors":[7122329,6396809,8434380,6990537]},{"id":60093,"name":"Ladder","type":10,"category":0,"actions":["Climb-down"],"coordinates":[[8300,-13702]],"size":[1,1,521],"rotations":[0],"colors":[7122329,6396809,8434380,6990537]},{"id":14742,"name":"Crates","type":10,"category":0,"actions":[],"coordinates":[[8304,-13694],[8372,-13674]],"size":[1,1,521],"rotations":[0,0],"colors":[7122329,6396809,8434380,6990537]},{"id":59824,"name":"Buoy","type":10,"category":2339,"actions":["Dock"],"coordinates":[[8310,-13740]],"size":[2,2,521],"rotations":[0],"colors":[7122329,6396809,8434380,6990537]},{"id":39680,"name":"Bush","type":10,"category":0,"actions":[],"coordinates":[[8318,-13602],[8366,-13626]],"size":[1,2,521],"rotations":[1,3],"colors":[7122329,6396809,8434380,6990537]},{"id":59834,"name":"Mooring point","type":11,"category":0,"actions":["Board","Board-previous","Board-friend"],"coordinates":[[8320,-13710]],"size":[1,1,521],"rotations":[0],"colors":[7122329,6396809,8434380,6990537]},{"id":58658,"name":"Rowboat space","type":10,"category":0,"actions":["Build","Inspect"],"coordinates":[[8342,-13714]],"size":[2,3,521],"rotations":[0],"colors":[7122329,6396809,8434380,6990537]},{"id":60473,"name":"Pirate shipwreck","type":10,"category":2348,"actions":[],"coordinates":[[8354,-13576],[8394,-13568],[8438,-13628]],"size":[2,2,521],"rotations":[0,0,0],"colors":[7122329,6396809,8434380,6990537]},{"id":14764,"name":"Stool","type":10,"category":0,"actions":[],"coordinates":[[8368,-13694],[8404,-13678]],"size":[1,1,521],"rotations":[0,0],"colors":[7122329,6396809,8434380,6990537]},{"id":11794,"name":"Ladder","type":10,"category":664,"actions":["Climb-up"],"coordinates":[[8368,-13706],[8404,-13706]],"size":[1,1,521],"rotations":[0,0],"colors":[7122329,6396809,8434380,6990537]},{"id":59993,"name":"Lockbox","type":10,"category":0,"actions":["Open"],"coordinates":[[8372,-13622]],"size":[1,1,521],"rotations":[0],"colors":[7122329,6396809,8434380,6990537]},{"id":60057,"name":"Sacks","type":10,"category":0,"actions":[],"coordinates":[[8376,-13686]],"size":[1,1,521],"rotations":[0],"colors":[7122329,6396809,8434380,6990537]},{"id":1521,"name":"Large door","type":0,"category":0,"actions":["Open"],"coordinates":[[8384,-13674]],"size":[1,1,521],"rotations":[0],"colors":[7122329,6396809,8434380,6990537]},{"id":14762,"name":"Table","type":10,"category":169,"actions":[],"coordinates":[[8386,-13706]],"size":[1,2,521],"rotations":[3],"colors":[7122329,6396809,8434380,6990537]},{"id":1524,"name":"Large door","type":0,"category":0,"actions":["Open"],"coordinates":[[8388,-13674]],"size":[1,1,521],"rotations":[0],"colors":[7122329,6396809,8434380,6990537]},{"id":58662,"name":"Bank chest space","type":10,"category":0,"actions":["Build","Inspect"],"coordinates":[[8388,-13698]],"size":[1,1,521],"rotations":[0],"colors":[7122329,6396809,8434380,6990537]},{"id":14740,"name":"Barrel","type":10,"category":0,"actions":[],"coordinates":[[8392,-13682],[8396,-13674],[8396,-13694]],"size":[1,1,521],"rotations":[0,0,0],"colors":[7122329,6396809,8434380,6990537]},{"id":14479,"name":"Stocks","type":10,"category":0,"actions":[],"coordinates":[[8392,-13710]],"size":[1,1,521],"rotations":[0],"colors":[7122329,6396809,8434380,6990537]}]