[{"id":58981,"name":"Lost supplies","type":10,"category":0,"actions":[],"coordinates":[[4440,36278],[4472,36218],[4496,36322],[4524,36266],[4544,36194],[4552,36098],[4588,36350]],"size":[1,1,521],"rotations":[0,0,0,0,0,0,0],"colors":[7122329,6396809,8434380,6990537]},{"id":58958,"name":"Portal of Hefin","type":10,"category":0,"actions":[],"coordinates":[[4576,36142]],"size":[1,1,521],"rotations":[0],"colors":[7122329,6396809,8434380,6990537]},{"id":58977,"name":"Portal of Trahaearn","type":10,"category":0,"actions":[],"coordinates":[[4580,36266]],"size":[1,1,521],"rotations":[0],"colors":[7122329,6396809,8434380,6990537]},{"id":58956,"name":"Crystal of Hefin","type":10,"category":0,"actions":[],"coordinates":[[4584,36146]],"size":[1,1,521],"rotations":[0],"colors":[7122329,6396809,8434380,6990537]},{"id":58975,"name":"Crystal of Trahaearn","type":10,"category":0,"actions":[],"coordinates":[[4588,36270]],"size":[1,1,521],"rotations":[0],"colors":[7122329,6396809,8434380,6990537]}]