[{"id":16701,"name":"Light","type":10,"category":0,"actions":[],"coordinates":[[4420,34794],[4424,34770],[4428,34782],[4444,34770],[4456,34802],[4464,34770],[4468,34742],[4484,34770],[4496,34758],[4500,34802],[4512,34746],[4516,34766],[4532,34802],[4532,34762],[4532,34754],[4540,34814],[4540,34786],[4548,34766],[4552,34786],[4556,34802],[4564,34798],[4568,34782],[4576,34766],[4588,34782]],"size":[1,1,521],"rotations":[0,0,0,0,0,0,0,0,0,0,0,0,0,0,0,0,0,0,0,0,0,0,0,0],"colors":[7122329,6396809,8434380,6990537]},{"id":16706,"name":"Bench","type":10,"category":0,"actions":[],"coordinates":[[4424,34794],[4428,34790],[4456,34774],[4460,34774],[4480,34790],[4484,34790],[4536,34798]],"size":[1,1,521],"rotations":[0,0,0,0,0,0,0],"colors":[7122329,6396809,8434380,6990537]},{"id":16719,"name":"Bed","type":10,"category":0,"actions":[],"coordinates":[[4442,34754]],"size":[1,2,521],"rotations":[3],"colors":[7122329,6396809,8434380,6990537]},{"id":16827,"name":"Table","type":10,"category":0,"actions":[],"coordinates":[[4440,34750]],"size":[1,1,521],"rotations":[0],"colors":[7122329,6396809,8434380,6990537]},{"id":16744,"name":"Chair","type":11,"category":0,"actions":[],"coordinates":[[4440,34746],[4520,34806],[4520,34798],[4520,34794]],"size":[1,1,521],"rotations":[0,0,0,0],"colors":[7122329,6396809,8434380,6990537]},{"id":16720,"name":"Bed","type":10,"category":0,"actions":[],"coordinates":[[4442,34742]],"size":[1,2,521],"rotations":[3],"colors":[7122329,6396809,8434380,6990537]},{"id":16810,"name":"Ceremonial Brazier","type":10,"category":0,"actions":[],"coordinates":[[4450,34784]],"size":[2,2,521],"rotations":[0],"colors":[7122329,6396809,8434380,6990537]},{"id":16704,"name":"Sink","type":10,"category":0,"actions":[],"coordinates":[[4460,34742]],"size":[1,1,521],"rotations":[0],"colors":[7122329,6396809,8434380,6990537]},{"id":16778,"name":"Door","type":0,"category":0,"actions":["Open"],"coordinates":[[4464,34750],[4492,34750],[4544,34794]],"size":[1,1,521],"rotations":[0,0,0],"colors":[7122329,6396809,8434380,6990537]},{"id":16734,"name":"Stairs","type":10,"category":0,"actions":["Climb-up"],"coordinates":[[4472,34788],[4516,34756],[4552,34804],[4578,34810]],"size":[1,2,521],"rotations":[0,2,0,3],"colors":[7122329,6396809,8434380,6990537]},{"id":40358,"name":"Lectern","type":10,"category":0,"actions":["Study"],"coordinates":[[4472,34770]],"size":[1,1,521],"rotations":[0],"colors":[7122329,6396809,8434380,6990537]},{"id":16639,"name":"Windswept Tree","type":10,"category":0,"actions":[],"coordinates":[[4482,34648],[4574,34648]],"size":[2,2,521],"rotations":[0,0],"colors":[7122329,6396809,8434380,6990537]},{"id":16729,"name":"Flowers","type":10,"category":0,"actions":[],"coordinates":[[4484,34754],[4496,34734]],"size":[1,1,521],"rotations":[0,0],"colors":[7122329,6396809,8434380,6990537]},{"id":16730,"name":"Flowers","type":10,"category":0,"actions":[],"coordinates":[[4484,34746],[4500,34746],[4524,34810],[4556,34794]],"size":[1,1,521],"rotations":[0,0,0,0],"colors":[7122329,6396809,8434380,6990537]},{"id":16776,"name":"Door","type":0,"category":0,"actions":["Open"],"coordinates":[[4488,34778],[4512,34790],[4524,34766],[4576,34786]],"size":[1,1,521],"rotations":[0,0,0,0],"colors":[7122329,6396809,8434380,6990537]},{"id":16731,"name":"Flowers","type":10,"category":0,"actions":[],"coordinates":[[4488,34758],[4488,34734],[4500,34810],[4532,34794],[4592,34806]],"size":[1,1,521],"rotations":[0,0,0,0,0],"colors":[7122329,6396809,8434380,6990537]},{"id":16735,"name":"Ladder","type":10,"category":0,"actions":["Climb-up"],"coordinates":[[4488,34742],[4520,34814]],"size":[1,1,521],"rotations":[0,0],"colors":[7122329,6396809,8434380,6990537]},{"id":59350,"name":"Dead magical plant","type":10,"category":2317,"actions":["Chart"],"coordinates":[[4492,34618]],"size":[1,1,521],"rotations":[0],"colors":[7122329,6396809,8434380,6990537]},{"id":16692,"name":"Hat rack","type":10,"category":0,"actions":[],"coordinates":[[4504,34814],[4588,34790]],"size":[1,1,521],"rotations":[0,0],"colors":[7122329,6396809,8434380,6990537]},{"id":16703,"name":"Cooker","type":10,"category":1021,"actions":[],"coordinates":[[4504,34802]],"size":[1,1,521],"rotations":[0],"colors":[7122329,6396809,8434380,6990537]},{"id":16705,"name":"Sink","type":10,"category":175,"actions":[],"coordinates":[[4504,34796],[4522,34742]],"size":[1,2,521],"rotations":[0,1],"colors":[7122329,6396809,8434380,6990537]},{"id":16737,"name":"Table","type":10,"category":0,"actions":[],"coordinates":[[4512,34804]],"size":[1,2,521],"rotations":[2],"colors":[7122329,6396809,8434380,6990537]},{"id":16743,"name":"Chair","type":10,"category":0,"actions":[],"coordinates":[[4520,34802],[4528,34762],[4548,34810],[4588,34802],[4588,34798]],"size":[1,1,521],"rotations":[0,0,0,0,0],"colors":[7122329,6396809,8434380,6990537]},{"id":16742,"name":"Table","type":11,"category":0,"actions":[],"coordinates":[[4528,34758]],"size":[1,1,521],"rotations":[0],"colors":[7122329,6396809,8434380,6990537]},{"id":16702,"name":"Cooker","type":10,"category":687,"actions":["Cook"],"coordinates":[[4528,34746]],"size":[1,1,521],"rotations":[0],"colors":[7122329,6396809,8434380,6990537]},{"id":12280,"name":"Large Table","type":10,"category":156,"actions":[],"coordinates":[[4546,34806]],"size":[2,1,521],"rotations":[0],"colors":[7122329,6396809,8434380,6990537]},{"id":16738,"name":"Table","type":10,"category":0,"actions":[],"coordinates":[[4548,34760]],"size":[1,2,521],"rotations":[0],"colors":[7122329,6396809,8434380,6990537]},{"id":16700,"name":"Bank booth","type":10,"category":0,"actions":["Bank","Collect"],"coordinates":[[4548,34750],[4552,34750],[4556,34750]],"size":[1,1,521],"rotations":[0,0,0],"colors":[7122329,6396809,8434380,6990537]},{"id":16974,"name":"Table","type":10,"category":169,"actions":[],"coordinates":[[4564,34762]],"size":[1,1,521],"rotations":[0],"colors":[7122329,6396809,8434380,6990537]},{"id":16693,"name":"Clothes rack","type":10,"category":0,"actions":[],"coordinates":[[4568,34812],[4586,34810]],"size":[1,2,521],"rotations":[0,1],"colors":[7122329,6396809,8434380,6990537]},{"id":16714,"name":"Bags for sale","type":10,"category":0,"actions":[],"coordinates":[[4568,34806],[4568,34798]],"size":[1,1,521],"rotations":[0,0],"colors":[7122329,6396809,8434380,6990537]},{"id":16715,"name":"Bags for sale","type":10,"category":0,"actions":[],"coordinates":[[4568,34802]],"size":[1,1,521],"rotations":[0],"colors":[7122329,6396809,8434380,6990537]},{"id":16691,"name":"Hat rack","type":11,"category":0,"actions":[],"coordinates":[[4568,34794],[4588,34814]],"size":[1,1,521],"rotations":[0,0],"colors":[7122329,6396809,8434380,6990537]},{"id":10529,"name":"Bank Deposit Box","type":10,"category":276,"actions":["Deposit"],"coordinates":[[4568,34762]],"size":[1,1,521],"rotations":[0],"colors":[7122329,6396809,8434380,6990537]},{"id":16740,"name":"Table","type":10,"category":0,"actions":[],"coordinates":[[4578,34798]],"size":[1,2,521],"rotations":[1],"colors":[7122329,6396809,8434380,6990537]},{"id":26797,"name":"Poll booth","type":10,"category":761,"actions":["Use"],"coordinates":[[4576,34758]],"size":[1,1,521],"rotations":[0],"colors":[7122329,6396809,8434380,6990537]},{"id":16745,"name":"Stool","type":10,"category":0,"actions":[],"coordinates":[[4580,34802]],"size":[1,1,521],"rotations":[0],"colors":[7122329,6396809,8434380,6990537]},{"id":16708,"name":"Tall mirror","type":10,"category":0,"actions":["Admire"],"coordinates":[[4588,34806]],"size":[1,1,521],"rotations":[0],"colors":[7122329,6396809,8434380,6990537]},{"id":16689,"name":"Tanning Barrel","type":10,"category":0,"actions":[],"coordinates":[[4588,34794]],"size":[1,1,521],"rotations":[0],"colors":[7122329,6396809,8434380,6990537]}]