[{"id":13873,"name":"Signpost","type":11,"category":0,"actions":["Read"],"coordinates":[[4372,30258]],"size":[1,1,521],"rotations":[0],"colors":[7122329,6396809,8434380,6990537]},{"id":13842,"name":"Ripples","type":10,"category":0,"actions":[],"coordinates":[[4410,30290]],"size":[4,5,521],"rotations":[0],"colors":[7122329,6396809,8434380,6990537]},{"id":13840,"name":"Spiny bush","type":10,"category":0,"actions":[],"coordinates":[[4410,30420]],"size":[2,2,521],"rotations":[0],"colors":[7122329,6396809,8434380,6990537]},{"id":13850,"name":"Swamp tree","type":10,"category":0,"actions":[],"coordinates":[[4488,30382],[4500,30378]],"size":[3,3,521],"rotations":[0,0],"colors":[7122329,6396809,8434380,6990537]},{"id":1365,"name":"Dead tree","type":10,"category":189,"actions":["Chop down"],"coordinates":[[4484,30286],[4488,30278],[4492,30290]],"size":[1,1,521],"rotations":[0,0,0],"colors":[7122329,6396809,8434380,6990537]},{"id":13843,"name":"Swamp tree","type":10,"category":0,"actions":[],"coordinates":[[4492,30370],[4540,30374]],"size":[3,3,521],"rotations":[0,0],"colors":[7122329,6396809,8434380,6990537]},{"id":13844,"name":"Swamp tree","type":10,"category":0,"actions":[],"coordinates":[[4492,30370],[4540,30374]],"size":[3,3,521],"rotations":[0,0],"colors":[7122329,6396809,8434380,6990537]},{"id":1364,"name":"Roots","type":10,"category":0,"actions":[],"coordinates":[[4500,30418],[4512,30294]],"size":[3,3,521],"rotations":[0,0],"colors":[7122329,6396809,8434380,6990537]},{"id":1367,"name":"Roots","type":10,"category":0,"actions":[],"coordinates":[[4496,30290],[4508,30410],[4520,30250]],"size":[1,1,521],"rotations":[0,0,0],"colors":[7122329,6396809,8434380,6990537]},{"id":5331,"name":"Plant","type":10,"category":0,"actions":[],"coordinates":[[4502,30400]],"size":[2,2,521],"rotations":[0],"colors":[7122329,6396809,8434380,6990537]},{"id":13845,"name":"Swamp tree branch","type":10,"category":0,"actions":[],"coordinates":[[4500,30372],[4532,30372]],"size":[1,2,521],"rotations":[0,2],"colors":[7122329,6396809,8434380,6990537]},{"id":1368,"name":"Roots","type":10,"category":0,"actions":[],"coordinates":[[4500,30294]],"size":[1,1,521],"rotations":[0],"colors":[7122329,6396809,8434380,6990537]},{"id":5334,"name":"Plant","type":10,"category":0,"actions":[],"coordinates":[[4504,30406],[4512,30386],[4536,30402]],"size":[1,1,521],"rotations":[0,0,0],"colors":[7122329,6396809,8434380,6990537]},{"id":5332,"name":"Plant","type":10,"category":0,"actions":[],"coordinates":[[4508,30402]],"size":[1,1,521],"rotations":[0],"colors":[7122329,6396809,8434380,6990537]},{"id":1366,"name":"Roots","type":10,"category":0,"actions":[],"coordinates":[[4512,30406],[4524,30290],[4528,30246]],"size":[1,1,521],"rotations":[0,0,0],"colors":[7122329,6396809,8434380,6990537]},{"id":13847,"name":"Swamp tree","type":10,"category":0,"actions":["Cut-vine"],"coordinates":[[4544,30386]],"size":[3,3,521],"rotations":[0],"colors":[7122329,6396809,8434380,6990537]}]