[{"id":49244,"name":"Broken Boat","type":10,"category":0,"actions":[],"coordinates":[[8202,-24348],[8222,-24308],[8262,-24524],[8270,-24456],[8434,-24472]],"size":[2,2,521],"rotations":[0,0,0,0,0],"colors":[7122329,6396809,8434380,6990537]},{"id":49332,"name":"Crate","type":11,"category":0,"actions":[],"coordinates":[[8226,-24320]],"size":[2,2,521],"rotations":[0],"colors":[7122329,6396809,8434380,6990537]},{"id":49355,"name":"Brain matter","type":10,"category":0,"actions":[],"coordinates":[[8244,-24438],[8256,-24426],[8284,-24394],[8364,-24478],[8396,-24482],[8400,-24446],[8416,-24474]],"size":[1,1,521],"rotations":[0,0,0,0,0,0,0],"colors":[7122329,6396809,8434380,6990537]},{"id":49356,"name":"Brain matter","type":11,"category":0,"actions":[],"coordinates":[[8248,-24434],[8260,-24426],[8280,-24410],[8292,-24482],[8324,-24482],[8328,-24394],[8348,-24394],[8360,-24482],[8376,-24430],[8388,-24458],[8420,-24474]],"size":[1,1,521],"rotations":[0,0,0,0,0,0,0,0,0,0,0],"colors":[7122329,6396809,8434380,6990537]},{"id":49246,"name":"Broken Boat","type":10,"category":0,"actions":[],"coordinates":[[8256,-24346],[8328,-24382],[8392,-24434],[8416,-24434]],"size":[3,3,521],"rotations":[0,0,0,0],"colors":[7122329,6396809,8434380,6990537]},{"id":49354,"name":"Brain matter","type":11,"category":0,"actions":[],"coordinates":[[8260,-24418],[8300,-24386],[8364,-24482]],"size":[1,1,521],"rotations":[0,0,0],"colors":[7122329,6396809,8434380,6990537]},{"id":49213,"name":"Rowboat","type":10,"category":0,"actions":["Travel"],"coordinates":[[8264,-24436]],"size":[2,3,521],"rotations":[3],"colors":[7122329,6396809,8434380,6990537]},{"id":49388,"name":"Vent","type":10,"category":0,"actions":[],"coordinates":[[8270,-24408],[8338,-24396],[8378,-24492]],"size":[2,2,521],"rotations":[0,0,0],"colors":[7122329,6396809,8434380,6990537]},{"id":47593,"name":"Handholds","type":10,"category":0,"actions":["Climb"],"coordinates":[[8280,-24422]],"size":[1,1,521],"rotations":[0],"colors":[7122329,6396809,8434380,6990537]},{"id":49245,"name":"Broken Boat","type":10,"category":0,"actions":[],"coordinates":[[8320,-24492],[8386,-24414]],"size":[2,3,521],"rotations":[3,0],"colors":[7122329,6396809,8434380,6990537]},{"id":47594,"name":"Handholds","type":10,"category":0,"actions":["Climb"],"coordinates":[[8364,-24470]],"size":[1,1,521],"rotations":[0],"colors":[7122329,6396809,8434380,6990537]},{"id":49211,"name":"Stepping Stone","type":22,"category":0,"actions":[],"coordinates":[[8384,-24478]],"size":[1,1,521],"rotations":[0],"colors":[7122329,6396809,8434380,6990537]},{"id":49220,"name":"Debris","type":11,"category":0,"actions":[],"coordinates":[[8396,-24446]],"size":[1,1,521],"rotations":[0],"colors":[7122329,6396809,8434380,6990537]},{"id":49217,"name":"Rowboat","type":11,"category":0,"actions":[],"coordinates":[[8404,-24486]],"size":[3,3,521],"rotations":[0],"colors":[7122329,6396809,8434380,6990537]}]