[{"id":49244,"name":"Broken Boat","type":10,"category":0,"actions":[],"coordinates":[[4362,25032],[4382,25072],[4422,24856],[4430,24924],[4594,24908]],"size":[2,2,521],"rotations":[0,0,0,0,0],"colors":[7122329,6396809,8434380,6990537]},{"id":49332,"name":"Crate","type":11,"category":0,"actions":[],"coordinates":[[4386,25060]],"size":[2,2,521],"rotations":[0],"colors":[7122329,6396809,8434380,6990537]},{"id":49355,"name":"Brain matter","type":10,"category":0,"actions":[],"coordinates":[[4404,24942],[4416,24954],[4444,24986],[4524,24902],[4556,24898],[4560,24934],[4576,24906]],"size":[1,1,521],"rotations":[0,0,0,0,0,0,0],"colors":[7122329,6396809,8434380,6990537]},{"id":49356,"name":"Brain matter","type":11,"category":0,"actions":[],"coordinates":[[4408,24946],[4420,24954],[4440,24970],[4452,24898],[4484,24898],[4488,24986],[4508,24986],[4520,24898],[4536,24950],[4548,24922],[4580,24906]],"size":[1,1,521],"rotations":[0,0,0,0,0,0,0,0,0,0,0],"colors":[7122329,6396809,8434380,6990537]},{"id":49246,"name":"Broken Boat","type":10,"category":0,"actions":[],"coordinates":[[4416,25034],[4488,24998],[4552,24946],[4576,24946]],"size":[3,3,521],"rotations":[0,0,0,0],"colors":[7122329,6396809,8434380,6990537]},{"id":49354,"name":"Brain matter","type":11,"category":0,"actions":[],"coordinates":[[4420,24962],[4460,24994],[4524,24898]],"size":[1,1,521],"rotations":[0,0,0],"colors":[7122329,6396809,8434380,6990537]},{"id":49213,"name":"Rowboat","type":10,"category":0,"actions":["Travel"],"coordinates":[[4424,24944]],"size":[2,3,521],"rotations":[3],"colors":[7122329,6396809,8434380,6990537]},{"id":49388,"name":"Vent","type":10,"category":0,"actions":[],"coordinates":[[4430,24972],[4498,24984],[4538,24888]],"size":[2,2,521],"rotations":[0,0,0],"colors":[7122329,6396809,8434380,6990537]},{"id":47593,"name":"Handholds","type":10,"category":0,"actions":["Climb"],"coordinates":[[4440,24958]],"size":[1,1,521],"rotations":[0],"colors":[7122329,6396809,8434380,6990537]},{"id":49245,"name":"Broken Boat","type":10,"category":0,"actions":[],"coordinates":[[4480,24888],[4546,24966]],"size":[2,3,521],"rotations":[3,0],"colors":[7122329,6396809,8434380,6990537]},{"id":47594,"name":"Handholds","type":10,"category":0,"actions":["Climb"],"coordinates":[[4524,24910]],"size":[1,1,521],"rotations":[0],"colors":[7122329,6396809,8434380,6990537]},{"id":49211,"name":"Stepping Stone","type":22,"category":0,"actions":[],"coordinates":[[4544,24902]],"size":[1,1,521],"rotations":[0],"colors":[7122329,6396809,8434380,6990537]},{"id":49220,"name":"Debris","type":11,"category":0,"actions":[],"coordinates":[[4556,24934]],"size":[1,1,521],"rotations":[0],"colors":[7122329,6396809,8434380,6990537]},{"id":49217,"name":"Rowboat","type":11,"category":0,"actions":[],"coordinates":[[4564,24894]],"size":[3,3,521],"rotations":[0],"colors":[7122329,6396809,8434380,6990537]}]