[{"id":14673,"name":"Skeleton","type":10,"category":0,"actions":[],"coordinates":[[8476,-36178]],"size":[1,1,521],"rotations":[0],"colors":[7122329,6396809,8434380,6990537]},{"id":11374,"name":"Adamantite rocks","type":10,"category":197,"actions":["Mine"],"coordinates":[[8540,-36178]],"size":[1,1,521],"rotations":[0],"colors":[7122329,6396809,8434380,6990537]},{"id":14603,"name":"Skeleton","type":10,"category":0,"actions":[],"coordinates":[[8544,-36142]],"size":[1,1,521],"rotations":[0],"colors":[7122329,6396809,8434380,6990537]},{"id":11375,"name":"Adamantite rocks","type":10,"category":197,"actions":["Mine"],"coordinates":[[8544,-36182]],"size":[1,1,521],"rotations":[0],"colors":[7122329,6396809,8434380,6990537]},{"id":40739,"name":"Chest","type":10,"category":0,"actions":["Picklock"],"coordinates":[[8556,-36146]],"size":[1,1,521],"rotations":[0],"colors":[7122329,6396809,8434380,6990537]},{"id":14604,"name":"Skeleton","type":10,"category":0,"actions":[],"coordinates":[[8592,-36112],[8646,-36142]],"size":[2,1,521],"rotations":[1,0],"colors":[7122329,6396809,8434380,6990537]},{"id":736,"name":"Animal skull","type":11,"category":0,"actions":[],"coordinates":[[8600,-36274],[8632,-36306]],"size":[1,1,521],"rotations":[0,0],"colors":[7122329,6396809,8434380,6990537]},{"id":11376,"name":"Runite rocks","type":10,"category":202,"actions":["Mine"],"coordinates":[[8608,-36154]],"size":[1,1,521],"rotations":[0],"colors":[7122329,6396809,8434380,6990537]},{"id":14573,"name":"Skeleton","type":10,"category":0,"actions":[],"coordinates":[[8656,-36282]],"size":[1,1,521],"rotations":[0],"colors":[7122329,6396809,8434380,6990537]},{"id":17237,"name":"Torch","type":10,"category":0,"actions":[],"coordinates":[[8668,-36174],[8668,-36190]],"size":[1,1,521],"rotations":[0,0],"colors":[7122329,6396809,8434380,6990537]},{"id":40737,"name":"Opening","type":10,"category":0,"actions":["Exit"],"coordinates":[[8674,-36182]],"size":[3,2,521],"rotations":[1],"colors":[7122329,6396809,8434380,6990537]}]