[{"id":59905,"name":"Figurehead","type":10,"category":0,"actions":[],"coordinates":[[4704,37926]],"size":[1,1,521],"rotations":[0],"colors":[7122329,6396809,8434380,6990537]},{"id":9534,"name":"Crate","type":10,"category":209,"actions":["Search"],"coordinates":[[4724,37946],[4792,37918],[4792,37914],[4804,37914],[4812,37914]],"size":[1,1,521],"rotations":[0,0,0,0,0],"colors":[7122329,6396809,8434380,6990537]},{"id":271,"name":"Anchor","type":10,"category":0,"actions":[],"coordinates":[[4728,37946]],"size":[1,1,521],"rotations":[0],"colors":[7122329,6396809,8434380,6990537]},{"id":17408,"name":"Gangplank","type":10,"category":0,"actions":["Cross"],"coordinates":[[4728,37938]],"size":[1,1,521],"rotations":[0],"colors":[7122329,6396809,8434380,6990537]},{"id":59832,"name":"Gangplank","type":22,"category":0,"actions":["Board","Board-previous","Board-friend"],"coordinates":[[4736,37950]],"size":[1,1,521],"rotations":[0],"colors":[7122329,6396809,8434380,6990537]},{"id":60306,"name":"Notice board","type":10,"category":2344,"actions":["Inspect"],"coordinates":[[4748,37938]],"size":[3,1,521],"rotations":[0],"colors":[7122329,6396809,8434380,6990537]},{"id":59794,"name":"Buoy","type":10,"category":2339,"actions":["Dock"],"coordinates":[[4758,37960]],"size":[2,2,521],"rotations":[0],"colors":[7122329,6396809,8434380,6990537]},{"id":60313,"name":"Crate","type":10,"category":0,"actions":[],"coordinates":[[4756,37938]],"size":[1,1,521],"rotations":[0],"colors":[7122329,6396809,8434380,6990537]},{"id":3879,"name":"Tree","type":10,"category":189,"actions":["Chop down"],"coordinates":[[4764,37898],[4772,37970],[4776,37914],[4780,37982],[4780,37894],[4784,37930],[4788,37994],[4792,37906],[4796,37966],[4804,37954],[4808,37994],[4808,37894],[4812,38014],[4812,37966],[4816,37906],[4820,37950],[4820,37922],[4824,37990],[4828,38006],[4832,37898],[4840,37970],[4848,37894],[4852,37942],[4852,37906]],"size":[3,3,521],"rotations":[0,0,0,0,0,0,0,0,0,0,0,0,0,0,0,0,0,0,0,0,0,0,0,0],"colors":[7122329,6396809,8434380,6990537]},{"id":60319,"name":"Barrel of liquid","type":11,"category":0,"actions":[],"coordinates":[[4764,37946]],"size":[1,1,521],"rotations":[0],"colors":[7122329,6396809,8434380,6990537]},{"id":60320,"name":"Ledger table","type":10,"category":2345,"actions":["Take-cargo","Take-last-cargo"],"coordinates":[[4764,37938]],"size":[1,1,521],"rotations":[0],"colors":[7122329,6396809,8434380,6990537]},{"id":60315,"name":"Crate","type":10,"category":0,"actions":[],"coordinates":[[4768,37938]],"size":[1,1,521],"rotations":[0],"colors":[7122329,6396809,8434380,6990537]},{"id":3888,"name":"Tree","type":10,"category":0,"actions":[],"coordinates":[[4776,38098],[4796,37894],[4808,37910],[4816,38078],[4844,37954],[4860,37942],[4860,37922]],"size":[1,1,521],"rotations":[0,0,0,0,0,0,0],"colors":[7122329,6396809,8434380,6990537]},{"id":3992,"name":"Standard","type":10,"category":0,"actions":[],"coordinates":[[4776,37950],[4776,37934]],"size":[1,1,521],"rotations":[0,0],"colors":[7122329,6396809,8434380,6990537]},{"id":6709,"name":"Rock","type":10,"category":0,"actions":[],"coordinates":[[4782,38136]],"size":[2,2,521],"rotations":[0],"colors":[7122329,6396809,8434380,6990537]},{"id":3886,"name":"Tree","type":10,"category":0,"actions":[],"coordinates":[[4780,38002],[4804,37990],[4812,38042],[4824,37978],[4836,37922],[4836,37890],[4840,37902],[4840,37894],[4844,38070],[4844,37918],[4860,37914],[4860,37902]],"size":[1,1,521],"rotations":[0,0,0,0,0,0,0,0,0,0,0,0],"colors":[7122329,6396809,8434380,6990537]},{"id":3887,"name":"Tree","type":10,"category":0,"actions":[],"coordinates":[[4788,38014],[4828,37910],[4840,37942]],"size":[3,3,521],"rotations":[0,0,0],"colors":[7122329,6396809,8434380,6990537]},{"id":307,"name":"Cart","type":10,"category":0,"actions":[],"coordinates":[[4788,37948]],"size":[2,3,521],"rotations":[3],"colors":[7122329,6396809,8434380,6990537]},{"id":10663,"name":"Stepping stone","type":22,"category":0,"actions":["Cross"],"coordinates":[[4788,38142]],"size":[1,1,521],"rotations":[0],"colors":[7122329,6396809,8434380,6990537]},{"id":9535,"name":"Crates","type":11,"category":2307,"actions":["Search"],"coordinates":[[4788,37922],[4788,37918],[4800,37910],[4808,37918],[4812,37926]],"size":[1,1,521],"rotations":[0,0,0,0,0],"colors":[7122329,6396809,8434380,6990537]},{"id":6708,"name":"Small rock","type":10,"category":0,"actions":[],"coordinates":[[4792,38138]],"size":[1,1,521],"rotations":[0],"colors":[7122329,6396809,8434380,6990537]},{"id":3890,"name":"Tree","type":10,"category":0,"actions":[],"coordinates":[[4792,38110],[4816,38134],[4828,38102],[4832,38126]],"size":[1,1,521],"rotations":[0,0,0,0],"colors":[7122329,6396809,8434380,6990537]},{"id":9519,"name":"Barrel","type":10,"category":0,"actions":[],"coordinates":[[4792,37934],[4796,37918],[4800,37918],[4800,37914]],"size":[1,1,521],"rotations":[0,0,0,0],"colors":[7122329,6396809,8434380,6990537]},{"id":60463,"name":"Salvaging station","type":10,"category":2346,"actions":["Sort-salvage"],"coordinates":[[4792,37926]],"size":[3,1,521],"rotations":[3],"colors":[7122329,6396809,8434380,6990537]},{"id":3889,"name":"Tree","type":10,"category":0,"actions":[],"coordinates":[[4800,38058],[4804,38086],[4828,38062]],"size":[3,3,521],"rotations":[0,0,0],"colors":[7122329,6396809,8434380,6990537]},{"id":3891,"name":"Tree","type":10,"category":0,"actions":[],"coordinates":[[4816,38110]],"size":[3,3,521],"rotations":[0],"colors":[7122329,6396809,8434380,6990537]},{"id":3882,"name":"Tree","type":10,"category":189,"actions":["Chop down"],"coordinates":[[4840,37910]],"size":[3,3,521],"rotations":[0],"colors":[7122329,6396809,8434380,6990537]},{"id":3881,"name":"Tree","type":10,"category":189,"actions":["Chop down"],"coordinates":[[4852,37918]],"size":[3,3,521],"rotations":[0],"colors":[7122329,6396809,8434380,6990537]},{"id":3967,"name":"Tree","type":11,"category":0,"actions":[],"coordinates":[[4852,38018],[4860,38058]],"size":[1,1,521],"rotations":[0,0],"colors":[7122329,6396809,8434380,6990537]},{"id":3973,"name":"Corpse","type":11,"category":0,"actions":[],"coordinates":[[4856,38002]],"size":[1,1,521],"rotations":[0],"colors":[7122329,6396809,8434380,6990537]},{"id":3883,"name":"Tree","type":10,"category":189,"actions":["Chop down"],"coordinates":[[4858,37892]],"size":[2,2,521],"rotations":[0],"colors":[7122329,6396809,8434380,6990537]}]