[{"id":29496,"name":"Fairy ring","type":10,"category":0,"actions":["Zanaris","Configure","Last-destination (AIP)"],"coordinates":[[4760,38150]],"size":[1,1,521],"rotations":[0],"colors":[7122329,6396809,8434380,6990537]},{"id":6708,"name":"Small rock","type":10,"category":0,"actions":[],"coordinates":[[4780,38146]],"size":[1,1,521],"rotations":[0],"colors":[7122329,6396809,8434380,6990537]},{"id":6707,"name":"Rock","type":10,"category":0,"actions":[],"coordinates":[[4790,38148]],"size":[2,2,521],"rotations":[0],"colors":[7122329,6396809,8434380,6990537]},{"id":3890,"name":"Tree","type":10,"category":0,"actions":[],"coordinates":[[4852,38174]],"size":[1,1,521],"rotations":[0],"colors":[7122329,6396809,8434380,6990537]}]