[{"id":59905,"name":"Figurehead","type":10,"category":0,"actions":[],"coordinates":[[8544,-11454]],"size":[1,1,521],"rotations":[0],"colors":[7122329,6396809,8434380,6990537]},{"id":9534,"name":"Crate","type":10,"category":209,"actions":["Search"],"coordinates":[[8564,-11434],[8632,-11462],[8632,-11466],[8644,-11466],[8652,-11466]],"size":[1,1,521],"rotations":[0,0,0,0,0],"colors":[7122329,6396809,8434380,6990537]},{"id":271,"name":"Anchor","type":10,"category":0,"actions":[],"coordinates":[[8568,-11434]],"size":[1,1,521],"rotations":[0],"colors":[7122329,6396809,8434380,6990537]},{"id":17408,"name":"Gangplank","type":10,"category":0,"actions":["Cross"],"coordinates":[[8568,-11442]],"size":[1,1,521],"rotations":[0],"colors":[7122329,6396809,8434380,6990537]},{"id":59832,"name":"Gangplank","type":22,"category":0,"actions":["Board","Board-previous","Board-friend"],"coordinates":[[8576,-11430]],"size":[1,1,521],"rotations":[0],"colors":[7122329,6396809,8434380,6990537]},{"id":60306,"name":"Notice board","type":10,"category":2344,"actions":["Inspect"],"coordinates":[[8588,-11442]],"size":[3,1,521],"rotations":[0],"colors":[7122329,6396809,8434380,6990537]},{"id":59794,"name":"Buoy","type":10,"category":2339,"actions":["Dock"],"coordinates":[[8598,-11420]],"size":[2,2,521],"rotations":[0],"colors":[7122329,6396809,8434380,6990537]},{"id":60313,"name":"Crate","type":10,"category":0,"actions":[],"coordinates":[[8596,-11442]],"size":[1,1,521],"rotations":[0],"colors":[7122329,6396809,8434380,6990537]},{"id":3879,"name":"Tree","type":10,"category":189,"actions":["Chop down"],"coordinates":[[8604,-11482],[8612,-11410],[8616,-11466],[8620,-11398],[8620,-11486],[8624,-11450],[8628,-11386],[8632,-11474],[8636,-11414],[8644,-11426],[8648,-11386],[8648,-11486],[8652,-11366],[8652,-11414],[8656,-11474],[8660,-11430],[8660,-11458],[8664,-11390],[8668,-11374],[8672,-11482],[8680,-11410],[8688,-11486],[8692,-11438],[8692,-11474]],"size":[3,3,521],"rotations":[0,0,0,0,0,0,0,0,0,0,0,0,0,0,0,0,0,0,0,0,0,0,0,0],"colors":[7122329,6396809,8434380,6990537]},{"id":60319,"name":"Barrel of liquid","type":11,"category":0,"actions":[],"coordinates":[[8604,-11434]],"size":[1,1,521],"rotations":[0],"colors":[7122329,6396809,8434380,6990537]},{"id":60320,"name":"Ledger table","type":10,"category":2345,"actions":["Take-cargo","Take-last-cargo"],"coordinates":[[8604,-11442]],"size":[1,1,521],"rotations":[0],"colors":[7122329,6396809,8434380,6990537]},{"id":60315,"name":"Crate","type":10,"category":0,"actions":[],"coordinates":[[8608,-11442]],"size":[1,1,521],"rotations":[0],"colors":[7122329,6396809,8434380,6990537]},{"id":3888,"name":"Tree","type":10,"category":0,"actions":[],"coordinates":[[8616,-11282],[8636,-11486],[8648,-11470],[8656,-11302],[8684,-11426],[8700,-11438],[8700,-11458]],"size":[1,1,521],"rotations":[0,0,0,0,0,0,0],"colors":[7122329,6396809,8434380,6990537]},{"id":3992,"name":"Standard","type":10,"category":0,"actions":[],"coordinates":[[8616,-11430],[8616,-11446]],"size":[1,1,521],"rotations":[0,0],"colors":[7122329,6396809,8434380,6990537]},{"id":6709,"name":"Rock","type":10,"category":0,"actions":[],"coordinates":[[8622,-11244]],"size":[2,2,521],"rotations":[0],"colors":[7122329,6396809,8434380,6990537]},{"id":3886,"name":"Tree","type":10,"category":0,"actions":[],"coordinates":[[8620,-11378],[8644,-11390],[8652,-11338],[8664,-11402],[8676,-11458],[8676,-11490],[8680,-11478],[8680,-11486],[8684,-11310],[8684,-11462],[8700,-11466],[8700,-11478]],"size":[1,1,521],"rotations":[0,0,0,0,0,0,0,0,0,0,0,0],"colors":[7122329,6396809,8434380,6990537]},{"id":3887,"name":"Tree","type":10,"category":0,"actions":[],"coordinates":[[8628,-11366],[8668,-11470],[8680,-11438]],"size":[3,3,521],"rotations":[0,0,0],"colors":[7122329,6396809,8434380,6990537]},{"id":307,"name":"Cart","type":10,"category":0,"actions":[],"coordinates":[[8628,-11432]],"size":[2,3,521],"rotations":[3],"colors":[7122329,6396809,8434380,6990537]},{"id":10663,"name":"Stepping stone","type":22,"category":0,"actions":["Cross"],"coordinates":[[8628,-11238]],"size":[1,1,521],"rotations":[0],"colors":[7122329,6396809,8434380,6990537]},{"id":9535,"name":"Crates","type":11,"category":2307,"actions":["Search"],"coordinates":[[8628,-11458],[8628,-11462],[8640,-11470],[8648,-11462],[8652,-11454]],"size":[1,1,521],"rotations":[0,0,0,0,0],"colors":[7122329,6396809,8434380,6990537]},{"id":6708,"name":"Small rock","type":10,"category":0,"actions":[],"coordinates":[[8632,-11242]],"size":[1,1,521],"rotations":[0],"colors":[7122329,6396809,8434380,6990537]},{"id":3890,"name":"Tree","type":10,"category":0,"actions":[],"coordinates":[[8632,-11270],[8656,-11246],[8668,-11278],[8672,-11254]],"size":[1,1,521],"rotations":[0,0,0,0],"colors":[7122329,6396809,8434380,6990537]},{"id":9519,"name":"Barrel","type":10,"category":0,"actions":[],"coordinates":[[8632,-11446],[8636,-11462],[8640,-11462],[8640,-11466]],"size":[1,1,521],"rotations":[0,0,0,0],"colors":[7122329,6396809,8434380,6990537]},{"id":60463,"name":"Salvaging station","type":10,"category":2346,"actions":["Sort-salvage"],"coordinates":[[8632,-11454]],"size":[3,1,521],"rotations":[3],"colors":[7122329,6396809,8434380,6990537]},{"id":3889,"name":"Tree","type":10,"category":0,"actions":[],"coordinates":[[8640,-11322],[8644,-11294],[8668,-11318]],"size":[3,3,521],"rotations":[0,0,0],"colors":[7122329,6396809,8434380,6990537]},{"id":3891,"name":"Tree","type":10,"category":0,"actions":[],"coordinates":[[8656,-11270]],"size":[3,3,521],"rotations":[0],"colors":[7122329,6396809,8434380,6990537]},{"id":3882,"name":"Tree","type":10,"category":189,"actions":["Chop down"],"coordinates":[[8680,-11470]],"size":[3,3,521],"rotations":[0],"colors":[7122329,6396809,8434380,6990537]},{"id":3881,"name":"Tree","type":10,"category":189,"actions":["Chop down"],"coordinates":[[8692,-11462]],"size":[3,3,521],"rotations":[0],"colors":[7122329,6396809,8434380,6990537]},{"id":3967,"name":"Tree","type":11,"category":0,"actions":[],"coordinates":[[8692,-11362],[8700,-11322]],"size":[1,1,521],"rotations":[0,0],"colors":[7122329,6396809,8434380,6990537]},{"id":3973,"name":"Corpse","type":11,"category":0,"actions":[],"coordinates":[[8696,-11378]],"size":[1,1,521],"rotations":[0],"colors":[7122329,6396809,8434380,6990537]},{"id":3883,"name":"Tree","type":10,"category":189,"actions":["Chop down"],"coordinates":[[8698,-11488]],"size":[2,2,521],"rotations":[0],"colors":[7122329,6396809,8434380,6990537]}]