[{"id":59905,"name":"Figurehead","type":10,"category":0,"actions":[],"coordinates":[[8544,37926]],"size":[1,1,523],"rotations":[0],"colors":[7122329,6396809,8434380,6990537]},{"id":9534,"name":"Crate","type":10,"category":209,"actions":["Search"],"coordinates":[[8564,37946],[8632,37918],[8632,37914],[8644,37914],[8652,37914]],"size":[1,1,523],"rotations":[0,0,0,0,0],"colors":[7122329,6396809,8434380,6990537]},{"id":271,"name":"Anchor","type":10,"category":0,"actions":[],"coordinates":[[8568,37946]],"size":[1,1,523],"rotations":[0],"colors":[7122329,6396809,8434380,6990537]},{"id":17408,"name":"Gangplank","type":10,"category":0,"actions":["Cross"],"coordinates":[[8568,37938]],"size":[1,1,523],"rotations":[0],"colors":[7122329,6396809,8434380,6990537]},{"id":59832,"name":"Gangplank","type":22,"category":2340,"actions":["Board","Board-previous","Board-friend"],"coordinates":[[8576,37950]],"size":[1,1,523],"rotations":[0],"colors":[7122329,6396809,8434380,6990537]},{"id":60306,"name":"Notice board","type":10,"category":2344,"actions":["Inspect"],"coordinates":[[8588,37938]],"size":[3,1,523],"rotations":[0],"colors":[7122329,6396809,8434380,6990537]},{"id":59794,"name":"Buoy","type":10,"category":2339,"actions":["Dock"],"coordinates":[[8598,37960]],"size":[2,2,523],"rotations":[0],"colors":[7122329,6396809,8434380,6990537]},{"id":60313,"name":"Crate","type":10,"category":0,"actions":[],"coordinates":[[8596,37938]],"size":[1,1,523],"rotations":[0],"colors":[7122329,6396809,8434380,6990537]},{"id":3879,"name":"Tree","type":10,"category":189,"actions":["Chop down"],"coordinates":[[8604,37898],[8612,37970],[8616,37914],[8620,37982],[8620,37894],[8624,37930],[8628,37994],[8632,37906],[8636,37966],[8644,37954],[8648,37994],[8648,37894],[8652,38014],[8652,37966],[8656,37906],[8660,37950],[8660,37922],[8664,37990],[8668,38006],[8672,37898],[8680,37970],[8688,37894],[8692,37942],[8692,37906]],"size":[3,3,523],"rotations":[0,0,0,0,0,0,0,0,0,0,0,0,0,0,0,0,0,0,0,0,0,0,0,0],"colors":[7122329,6396809,8434380,6990537]},{"id":60319,"name":"Barrel of liquid","type":11,"category":0,"actions":[],"coordinates":[[8604,37946]],"size":[1,1,523],"rotations":[0],"colors":[7122329,6396809,8434380,6990537]},{"id":60320,"name":"Ledger table","type":10,"category":2345,"actions":["Take-cargo","Take-last-cargo"],"coordinates":[[8604,37938]],"size":[1,1,523],"rotations":[0],"colors":[7122329,6396809,8434380,6990537]},{"id":60315,"name":"Crate","type":10,"category":0,"actions":[],"coordinates":[[8608,37938]],"size":[1,1,523],"rotations":[0],"colors":[7122329,6396809,8434380,6990537]},{"id":3888,"name":"Tree","type":10,"category":0,"actions":[],"coordinates":[[8616,38098],[8636,37894],[8648,37910],[8656,38078],[8684,37954],[8700,37942],[8700,37922]],"size":[1,1,523],"rotations":[0,0,0,0,0,0,0],"colors":[7122329,6396809,8434380,6990537]},{"id":3992,"name":"Standard","type":10,"category":0,"actions":[],"coordinates":[[8616,37950],[8616,37934]],"size":[1,1,523],"rotations":[0,0],"colors":[7122329,6396809,8434380,6990537]},{"id":6709,"name":"Rock","type":10,"category":0,"actions":[],"coordinates":[[8622,38136]],"size":[2,2,523],"rotations":[0],"colors":[7122329,6396809,8434380,6990537]},{"id":3886,"name":"Tree","type":10,"category":0,"actions":[],"coordinates":[[8620,38002],[8644,37990],[8652,38042],[8664,37978],[8676,37922],[8676,37890],[8680,37902],[8680,37894],[8684,38070],[8684,37918],[8700,37914],[8700,37902]],"size":[1,1,523],"rotations":[0,0,0,0,0,0,0,0,0,0,0,0],"colors":[7122329,6396809,8434380,6990537]},{"id":3887,"name":"Tree","type":10,"category":0,"actions":[],"coordinates":[[8628,38014],[8668,37910],[8680,37942]],"size":[3,3,523],"rotations":[0,0,0],"colors":[7122329,6396809,8434380,6990537]},{"id":307,"name":"Cart","type":10,"category":0,"actions":[],"coordinates":[[8628,37948]],"size":[2,3,523],"rotations":[3],"colors":[7122329,6396809,8434380,6990537]},{"id":10663,"name":"Stepping stone","type":22,"category":0,"actions":["Cross"],"coordinates":[[8628,38142]],"size":[1,1,523],"rotations":[0],"colors":[7122329,6396809,8434380,6990537]},{"id":9535,"name":"Crates","type":11,"category":2307,"actions":["Search"],"coordinates":[[8628,37922],[8628,37918],[8640,37910],[8648,37918],[8652,37926]],"size":[1,1,523],"rotations":[0,0,0,0,0],"colors":[7122329,6396809,8434380,6990537]},{"id":6708,"name":"Small rock","type":10,"category":0,"actions":[],"coordinates":[[8632,38138]],"size":[1,1,523],"rotations":[0],"colors":[7122329,6396809,8434380,6990537]},{"id":3890,"name":"Tree","type":10,"category":0,"actions":[],"coordinates":[[8632,38110],[8656,38134],[8668,38102],[8672,38126]],"size":[1,1,523],"rotations":[0,0,0,0],"colors":[7122329,6396809,8434380,6990537]},{"id":9519,"name":"Barrel","type":10,"category":0,"actions":[],"coordinates":[[8632,37934],[8636,37918],[8640,37918],[8640,37914]],"size":[1,1,523],"rotations":[0,0,0,0],"colors":[7122329,6396809,8434380,6990537]},{"id":60463,"name":"Salvaging station","type":10,"category":2346,"actions":["Sort-salvage"],"coordinates":[[8632,37926]],"size":[3,1,523],"rotations":[3],"colors":[7122329,6396809,8434380,6990537]},{"id":3889,"name":"Tree","type":10,"category":0,"actions":[],"coordinates":[[8640,38058],[8644,38086],[8668,38062]],"size":[3,3,523],"rotations":[0,0,0],"colors":[7122329,6396809,8434380,6990537]},{"id":3891,"name":"Tree","type":10,"category":0,"actions":[],"coordinates":[[8656,38110]],"size":[3,3,523],"rotations":[0],"colors":[7122329,6396809,8434380,6990537]},{"id":3882,"name":"Tree","type":10,"category":189,"actions":["Chop down"],"coordinates":[[8680,37910]],"size":[3,3,523],"rotations":[0],"colors":[7122329,6396809,8434380,6990537]},{"id":3881,"name":"Tree","type":10,"category":189,"actions":["Chop down"],"coordinates":[[8692,37918]],"size":[3,3,523],"rotations":[0],"colors":[7122329,6396809,8434380,6990537]},{"id":3967,"name":"Tree","type":11,"category":0,"actions":[],"coordinates":[[8692,38018],[8700,38058]],"size":[1,1,523],"rotations":[0,0],"colors":[7122329,6396809,8434380,6990537]},{"id":3973,"name":"Corpse","type":11,"category":0,"actions":[],"coordinates":[[8696,38002]],"size":[1,1,523],"rotations":[0],"colors":[7122329,6396809,8434380,6990537]},{"id":3883,"name":"Tree","type":10,"category":189,"actions":["Chop down"],"coordinates":[[8698,37892]],"size":[2,2,523],"rotations":[0],"colors":[7122329,6396809,8434380,6990537]}]