[{"id":58981,"name":"Lost supplies","type":10,"category":0,"actions":[],"coordinates":[[4660,36446],[4684,36382],[4688,36586],[4720,36358],[4752,36414],[4768,36462],[4852,36554],[4860,36526]],"size":[1,1,521],"rotations":[0,0,0,0,0,0,0,0],"colors":[7122329,6396809,8434380,6990537]},{"id":58953,"name":"Portal of Crwys","type":10,"category":0,"actions":[],"coordinates":[[4744,36582],[4780,36582]],"size":[1,1,521],"rotations":[0,0],"colors":[7122329,6396809,8434380,6990537]},{"id":58951,"name":"Crystal of Crwys","type":10,"category":0,"actions":[],"coordinates":[[4760,36586]],"size":[1,1,521],"rotations":[0],"colors":[7122329,6396809,8434380,6990537]},{"id":58958,"name":"Portal of Hefin","type":10,"category":0,"actions":[],"coordinates":[[4800,36406],[4836,36406]],"size":[1,1,521],"rotations":[0,0],"colors":[7122329,6396809,8434380,6990537]},{"id":58956,"name":"Crystal of Hefin","type":10,"category":0,"actions":[],"coordinates":[[4816,36410]],"size":[1,1,521],"rotations":[0],"colors":[7122329,6396809,8434380,6990537]}]