[{"id":58981,"name":"Lost supplies","type":10,"category":0,"actions":[],"coordinates":[[8484,37274],[8512,37322],[8516,37242],[8524,37158],[8528,37354],[8528,37294],[8588,37250]],"size":[1,1,523],"rotations":[0,0,0,0,0,0,0],"colors":[7122329,6396809,8434380,6990537]},{"id":60469,"name":"Barracuda shipwreck","type":10,"category":2348,"actions":[],"coordinates":[[8536,37264],[8622,37306]],"size":[3,2,523],"rotations":[2,1],"colors":[7122329,6396809,8434380,6990537]},{"id":59335,"name":"Elven river mine","type":10,"category":2317,"actions":["Chart"],"coordinates":[[8628,37334]],"size":[1,1,523],"rotations":[0],"colors":[7122329,6396809,8434380,6990537]},{"id":59832,"name":"Gangplank","type":22,"category":0,"actions":["Board","Board-previous","Board-friend"],"coordinates":[[8632,37134]],"size":[1,1,523],"rotations":[0],"colors":[7122329,6396809,8434380,6990537]},{"id":58936,"name":"Crystal of Ithell","type":10,"category":0,"actions":[],"coordinates":[[8636,37270]],"size":[1,1,523],"rotations":[0],"colors":[7122329,6396809,8434380,6990537]},{"id":60316,"name":"Crate","type":10,"category":0,"actions":[],"coordinates":[[8648,37126]],"size":[1,1,523],"rotations":[0],"colors":[7122329,6396809,8434380,6990537]},{"id":60308,"name":"Notice board","type":10,"category":2344,"actions":["Inspect"],"coordinates":[[8656,37126]],"size":[3,1,523],"rotations":[0],"colors":[7122329,6396809,8434380,6990537]},{"id":3886,"name":"Tree","type":10,"category":0,"actions":[],"coordinates":[[8660,37342],[8664,37338],[8668,37274],[8672,37278],[8676,37266],[8680,37358],[8684,37282],[8688,37290],[8688,37278],[8692,37322],[8696,37286],[8696,37270]],"size":[1,1,523],"rotations":[0,0,0,0,0,0,0,0,0,0,0,0],"colors":[7122329,6396809,8434380,6990537]},{"id":59798,"name":"Buoy","type":11,"category":2339,"actions":["Dock"],"coordinates":[[8662,37144]],"size":[2,2,523],"rotations":[0],"colors":[7122329,6396809,8434380,6990537]},{"id":50902,"name":"Bank Deposit Box","type":10,"category":276,"actions":["Deposit"],"coordinates":[[8664,37126]],"size":[1,1,523],"rotations":[0],"colors":[7122329,6396809,8434380,6990537]},{"id":36679,"name":"Tree","type":10,"category":189,"actions":["Chop down"],"coordinates":[[8672,37306],[8684,37338],[8684,37270],[8696,37342],[8696,37330],[8696,37278]],"size":[3,3,523],"rotations":[0,0,0,0,0,0],"colors":[7122329,6396809,8434380,6990537]},{"id":36677,"name":"Tree","type":10,"category":189,"actions":["Chop down"],"coordinates":[[8674,37272],[8694,37264]],"size":[2,2,523],"rotations":[0,0],"colors":[7122329,6396809,8434380,6990537]},{"id":36674,"name":"Tree","type":10,"category":189,"actions":["Chop down"],"coordinates":[[8680,37174],[8692,37194],[8692,37146]],"size":[3,3,523],"rotations":[0,0,0],"colors":[7122329,6396809,8434380,6990537]},{"id":36672,"name":"Tree","type":10,"category":189,"actions":["Chop down"],"coordinates":[[8682,37188],[8682,37164],[8690,37208],[8690,37180],[8694,37160],[8698,37172]],"size":[2,2,523],"rotations":[0,0,0,0,0,0],"colors":[7122329,6396809,8434380,6990537]},{"id":60463,"name":"Salvaging station","type":10,"category":2346,"actions":["Sort-salvage"],"coordinates":[[8684,37134]],"size":[3,1,523],"rotations":[2],"colors":[7122329,6396809,8434380,6990537]},{"id":60318,"name":"Barrel of fish","type":10,"category":0,"actions":[],"coordinates":[[8680,37122]],"size":[1,1,523],"rotations":[0],"colors":[7122329,6396809,8434380,6990537]},{"id":11933,"name":"Rockslide","type":10,"category":0,"actions":[],"coordinates":[[8698,37236],[8698,37136],[8702,37200],[8702,37192],[8702,37144]],"size":[2,2,523],"rotations":[0,0,0,0,0],"colors":[7122329,6396809,8434380,6990537]}]