[{"id":16639,"name":"Windswept Tree","type":10,"category":0,"actions":[],"coordinates":[[8454,-14752],[8478,-14688],[8482,-14764],[8658,-14684]],"size":[2,2,521],"rotations":[0,0,0,0],"colors":[7122329,6396809,8434380,6990537]},{"id":16958,"name":"Row boat","type":10,"category":0,"actions":[],"coordinates":[[8484,-14606]],"size":[3,3,521],"rotations":[0],"colors":[7122329,6396809,8434380,6990537]},{"id":16859,"name":"Hanging pirate","type":10,"category":529,"actions":[],"coordinates":[[8512,-14674]],"size":[3,1,521],"rotations":[3],"colors":[7122329,6396809,8434380,6990537]},{"id":6472,"name":"Ice chunks","type":10,"category":0,"actions":[],"coordinates":[[8518,-14692]],"size":[2,2,521],"rotations":[0],"colors":[7122329,6396809,8434380,6990537]},{"id":6474,"name":"Ice chunks","type":10,"category":0,"actions":[],"coordinates":[[8542,-14704]],"size":[2,2,521],"rotations":[0],"colors":[7122329,6396809,8434380,6990537]},{"id":6475,"name":"Ice chunks","type":10,"category":0,"actions":[],"coordinates":[[8542,-14724],[8622,-14716]],"size":[2,2,521],"rotations":[0,0],"colors":[7122329,6396809,8434380,6990537]},{"id":16880,"name":"Cannonballs","type":10,"category":529,"actions":[],"coordinates":[[8544,-14582],[8556,-14610]],"size":[1,1,521],"rotations":[0,0],"colors":[7122329,6396809,8434380,6990537]},{"id":16879,"name":"Cannonballs","type":10,"category":529,"actions":[],"coordinates":[[8544,-14586]],"size":[1,1,521],"rotations":[0],"colors":[7122329,6396809,8434380,6990537]},{"id":16884,"name":"Barrel","type":10,"category":529,"actions":["Take-from"],"coordinates":[[8548,-14586],[8632,-14706]],"size":[1,1,521],"rotations":[0,0],"colors":[7122329,6396809,8434380,6990537]},{"id":16863,"name":"Crate","type":10,"category":529,"actions":[],"coordinates":[[8548,-14600],[8554,-14594],[8562,-14610],[8568,-14604],[8572,-14604]],"size":[2,1,521],"rotations":[1,0,0,1,1],"colors":[7122329,6396809,8434380,6990537]},{"id":16865,"name":"Crate","type":10,"category":529,"actions":[],"coordinates":[[8550,-14606]],"size":[2,1,521],"rotations":[0],"colors":[7122329,6396809,8434380,6990537]},{"id":16872,"name":"Fish bits","type":10,"category":529,"actions":[],"coordinates":[[8548,-14730],[8556,-14718],[8560,-14574]],"size":[1,1,521],"rotations":[0,0,0],"colors":[7122329,6396809,8434380,6990537]},{"id":16901,"name":"Lantern","type":4,"category":529,"actions":[],"coordinates":[[8552,-14566],[8556,-14586],[8556,-14590],[8564,-14586],[8564,-14590],[8568,-14566],[8568,-14726]],"size":[1,1,521],"rotations":[0,0,0,0,0,0,0],"colors":[7122329,6396809,8434380,6990537]},{"id":16862,"name":"Crate","type":10,"category":529,"actions":[],"coordinates":[[8552,-14598],[8560,-14614]],"size":[1,1,521],"rotations":[0,0],"colors":[7122329,6396809,8434380,6990537]},{"id":16876,"name":"Barrel","type":10,"category":529,"actions":[],"coordinates":[[8552,-14718],[8556,-14722],[8564,-14570],[8564,-14574]],"size":[1,1,521],"rotations":[0,0,0,0],"colors":[7122329,6396809,8434380,6990537]},{"id":16877,"name":"Barrel","type":10,"category":529,"actions":[],"coordinates":[[8556,-14570],[8560,-14570],[8560,-14606],[8564,-14578],[8568,-14590],[8572,-14590],[8572,-14598],[8576,-14590]],"size":[1,1,521],"rotations":[0,0,0,0,0,0,0,0],"colors":[7122329,6396809,8434380,6990537]},{"id":16890,"name":"Chest","type":10,"category":529,"actions":[],"coordinates":[[8556,-14614]],"size":[1,1,521],"rotations":[0],"colors":[7122329,6396809,8434380,6990537]},{"id":16946,"name":"Stairs","type":10,"category":529,"actions":["Climb"],"coordinates":[[8564,-14594]],"size":[1,1,521],"rotations":[0],"colors":[7122329,6396809,8434380,6990537]},{"id":16860,"name":"Tar barrel","type":10,"category":529,"actions":["Take-from"],"coordinates":[[8564,-14602]],"size":[1,1,521],"rotations":[0],"colors":[7122329,6396809,8434380,6990537]},{"id":16885,"name":"Barrel","type":10,"category":529,"actions":["Take-from"],"coordinates":[[8564,-14606],[8568,-14586]],"size":[1,1,521],"rotations":[0,0],"colors":[7122329,6396809,8434380,6990537]},{"id":16895,"name":"Chain","type":10,"category":529,"actions":[],"coordinates":[[8564,-14730]],"size":[1,1,521],"rotations":[0],"colors":[7122329,6396809,8434380,6990537]},{"id":16878,"name":"Sack","type":10,"category":529,"actions":[],"coordinates":[[8568,-14570],[8572,-14570],[8572,-14730],[8576,-14570]],"size":[1,1,521],"rotations":[0,0,0,0],"colors":[7122329,6396809,8434380,6990537]},{"id":16871,"name":"Sack pile","type":10,"category":529,"actions":[],"coordinates":[[8568,-14596]],"size":[2,1,521],"rotations":[3],"colors":[7122329,6396809,8434380,6990537]},{"id":16968,"name":"Shelf","type":5,"category":0,"actions":[],"coordinates":[[8568,-14722]],"size":[1,1,521],"rotations":[0],"colors":[7122329,6396809,8434380,6990537]},{"id":14996,"name":"Ladder","type":10,"category":0,"actions":["Climb-down"],"coordinates":[[8568,-14726]],"size":[1,1,521],"rotations":[0],"colors":[7122329,6396809,8434380,6990537]},{"id":16882,"name":"Barrel","type":10,"category":529,"actions":[],"coordinates":[[8574,-14574],[8574,-14578],[8574,-14582],[8574,-14586]],"size":[2,1,521],"rotations":[0,0,0,0],"colors":[7122329,6396809,8434380,6990537]},{"id":6267,"name":"Golden cage","type":10,"category":0,"actions":[],"coordinates":[[8572,-14594]],"size":[1,1,521],"rotations":[0],"colors":[7122329,6396809,8434380,6990537]},{"id":6473,"name":"Ice chunks","type":10,"category":0,"actions":[],"coordinates":[[8582,-14720]],"size":[2,2,521],"rotations":[0],"colors":[7122329,6396809,8434380,6990537]},{"id":16870,"name":"Sack pile","type":10,"category":529,"actions":[],"coordinates":[[8614,-14718]],"size":[2,1,521],"rotations":[0],"colors":[7122329,6396809,8434380,6990537]},{"id":16867,"name":"Sack pile","type":10,"category":529,"actions":[],"coordinates":[[8616,-14722]],"size":[1,1,521],"rotations":[0],"colors":[7122329,6396809,8434380,6990537]}]