[{"id":1394,"name":"Plant","type":10,"category":0,"actions":[],"coordinates":[[4618,30804]],"size":[2,2,521],"rotations":[0],"colors":[7122329,6396809,8434380,6990537]},{"id":10787,"name":"Rock","type":10,"category":0,"actions":[],"coordinates":[[4620,30838],[4628,30846],[4636,30842]],"size":[1,1,521],"rotations":[0,0,0],"colors":[7122329,6396809,8434380,6990537]},{"id":7053,"name":"Seed Stall","type":10,"category":0,"actions":["Steal from"],"coordinates":[[4622,30776],[4638,30760]],"size":[2,2,521],"rotations":[0,0],"colors":[7122329,6396809,8434380,6990537]},{"id":10788,"name":"Rock","type":10,"category":0,"actions":[],"coordinates":[[4630,30828],[4638,30848]],"size":[2,2,521],"rotations":[0,0],"colors":[7122329,6396809,8434380,6990537]},{"id":1561,"name":"Gate","type":0,"category":0,"actions":["Open"],"coordinates":[[4628,30742]],"size":[1,1,521],"rotations":[0],"colors":[7122329,6396809,8434380,6990537]},{"id":1562,"name":"Gate","type":0,"category":0,"actions":["Open"],"coordinates":[[4632,30742]],"size":[1,1,521],"rotations":[0],"colors":[7122329,6396809,8434380,6990537]},{"id":5595,"name":"Toy Stall","type":10,"category":0,"actions":[],"coordinates":[[4638,30788]],"size":[2,2,521],"rotations":[0],"colors":[7122329,6396809,8434380,6990537]},{"id":10833,"name":"Willow tree","type":10,"category":286,"actions":["Chop down"],"coordinates":[[4654,30824]],"size":[2,2,521],"rotations":[0],"colors":[7122329,6396809,8434380,6990537]},{"id":1278,"name":"Tree","type":10,"category":189,"actions":["Chop down"],"coordinates":[[4654,30804],[4666,30800],[4718,30804],[4726,30764],[4746,30848],[4746,30748],[4758,30748],[4766,30820],[4766,30784],[4770,30800],[4774,30832],[4774,30764],[4782,30784]],"size":[2,2,521],"rotations":[0,0,0,0,0,0,0,0,0,0,0,0,0],"colors":[7122329,6396809,8434380,6990537]},{"id":1021,"name":"Shelf","type":5,"category":0,"actions":[],"coordinates":[[4652,30750]],"size":[1,1,521],"rotations":[0],"colors":[7122329,6396809,8434380,6990537]},{"id":908,"name":"Magical symbol","type":5,"category":0,"actions":[],"coordinates":[[4652,30742]],"size":[1,1,521],"rotations":[0],"colors":[7122329,6396809,8434380,6990537]},{"id":5562,"name":"Cloth","type":10,"category":0,"actions":[],"coordinates":[[4652,30742]],"size":[1,1,521],"rotations":[0],"colors":[7122329,6396809,8434380,6990537]},{"id":605,"name":"Table","type":10,"category":155,"actions":[],"coordinates":[[4652,30734],[4660,30730]],"size":[1,1,521],"rotations":[0,0],"colors":[7122329,6396809,8434380,6990537]},{"id":3801,"name":"Chair","type":11,"category":0,"actions":[],"coordinates":[[4652,30730],[4664,30730],[4672,30730],[4696,30766]],"size":[1,1,521],"rotations":[0,0,0,0],"colors":[7122329,6396809,8434380,6990537]},{"id":5615,"name":"Bench","type":10,"category":0,"actions":[],"coordinates":[[4658,30790],[4658,30758],[4700,30748],[4710,30754]],"size":[2,1,521],"rotations":[2,0,1,0],"colors":[7122329,6396809,8434380,6990537]},{"id":5622,"name":"Wardrobe","type":10,"category":0,"actions":["Open"],"coordinates":[[4656,30750],[4668,30730]],"size":[1,1,521],"rotations":[0,0],"colors":[7122329,6396809,8434380,6990537]},{"id":10829,"name":"Willow tree","type":10,"category":286,"actions":["Chop down"],"coordinates":[[4662,30832],[4670,30848]],"size":[2,2,521],"rotations":[0,0],"colors":[7122329,6396809,8434380,6990537]},{"id":5558,"name":"Aggie's Cauldron","type":10,"category":0,"actions":[],"coordinates":[[4660,30742]],"size":[1,1,521],"rotations":[0],"colors":[7122329,6396809,8434380,6990537]},{"id":1020,"name":"Shelf","type":4,"category":0,"actions":[],"coordinates":[[4664,30750]],"size":[1,1,521],"rotations":[0],"colors":[7122329,6396809,8434380,6990537]},{"id":7068,"name":"Old Bookshelf","type":10,"category":205,"actions":["Search"],"coordinates":[[4668,30766]],"size":[1,1,521],"rotations":[0],"colors":[7122329,6396809,8434380,6990537]},{"id":7066,"name":"Old Bookshelf","type":10,"category":205,"actions":["Search"],"coordinates":[[4668,30762]],"size":[1,1,521],"rotations":[0],"colors":[7122329,6396809,8434380,6990537]},{"id":7065,"name":"Old Bookshelf","type":10,"category":205,"actions":["Search"],"coordinates":[[4668,30758]],"size":[1,1,521],"rotations":[0],"colors":[7122329,6396809,8434380,6990537]},{"id":7090,"name":"Globe of Gielinor","type":10,"category":0,"actions":[],"coordinates":[[4668,30754]],"size":[1,1,521],"rotations":[0],"colors":[7122329,6396809,8434380,6990537]},{"id":5561,"name":"Broom","type":10,"category":0,"actions":[],"coordinates":[[4668,30750]],"size":[1,1,521],"rotations":[0],"colors":[7122329,6396809,8434380,6990537]},{"id":10819,"name":"Willow tree","type":11,"category":286,"actions":["Chop down"],"coordinates":[[4674,30836]],"size":[2,2,521],"rotations":[0],"colors":[7122329,6396809,8434380,6990537]},{"id":9150,"name":"Wall","type":2,"category":0,"actions":[],"coordinates":[[4672,30790]],"size":[1,1,521],"rotations":[0],"colors":[7122329,6396809,8434380,6990537]},{"id":1535,"name":"Door","type":0,"category":0,"actions":["Open"],"coordinates":[[4672,30770],[4672,30742],[4688,30754],[4724,30742]],"size":[1,1,521],"rotations":[0,0,0,0],"colors":[7122329,6396809,8434380,6990537]},{"id":5560,"name":"Mirror","type":10,"category":0,"actions":[],"coordinates":[[4672,30750]],"size":[1,1,521],"rotations":[0],"colors":[7122329,6396809,8434380,6990537]},{"id":1019,"name":"Shelf","type":5,"category":0,"actions":[],"coordinates":[[4672,30734]],"size":[1,1,521],"rotations":[0],"colors":[7122329,6396809,8434380,6990537]},{"id":591,"name":"Bank table","type":10,"category":154,"actions":[],"coordinates":[[4676,30808]],"size":[2,1,521],"rotations":[1],"colors":[7122329,6396809,8434380,6990537]},{"id":590,"name":"Bank table","type":10,"category":154,"actions":[],"coordinates":[[4676,30796]],"size":[2,1,521],"rotations":[1],"colors":[7122329,6396809,8434380,6990537]},{"id":968,"name":"Pirate map","type":4,"category":0,"actions":[],"coordinates":[[4676,30770]],"size":[1,1,521],"rotations":[0],"colors":[7122329,6396809,8434380,6990537]},{"id":7058,"name":"Old Bookshelf","type":10,"category":205,"actions":["Search"],"coordinates":[[4676,30762],[4680,30762],[4684,30762],[4688,30762]],"size":[1,1,521],"rotations":[0,0,0,0],"colors":[7122329,6396809,8434380,6990537]},{"id":7077,"name":"Old Bookshelf","type":10,"category":205,"actions":["Search"],"coordinates":[[4676,30754]],"size":[1,1,521],"rotations":[0],"colors":[7122329,6396809,8434380,6990537]},{"id":358,"name":"Crate","type":10,"category":0,"actions":["Search"],"coordinates":[[4676,30750],[4676,30722]],"size":[1,1,521],"rotations":[0,0],"colors":[7122329,6396809,8434380,6990537]},{"id":357,"name":"Crate","type":10,"category":0,"actions":["Search"],"coordinates":[[4676,30746],[4676,30726],[4704,30750],[4704,30746]],"size":[1,1,521],"rotations":[0,0,0,0],"colors":[7122329,6396809,8434380,6990537]},{"id":5559,"name":"Charms","type":4,"category":0,"actions":[],"coordinates":[[4676,30738]],"size":[1,1,521],"rotations":[0],"colors":[7122329,6396809,8434380,6990537]},{"id":362,"name":"Barrel","type":10,"category":0,"actions":[],"coordinates":[[4676,30730],[4680,30750],[4680,30722],[4684,30722],[4704,30742]],"size":[1,1,521],"rotations":[0,0,0,0,0],"colors":[7122329,6396809,8434380,6990537]},{"id":16670,"name":"Staircase","type":10,"category":0,"actions":["Climb-up"],"coordinates":[[4684,30770]],"size":[1,3,521],"rotations":[3],"colors":[7122329,6396809,8434380,6990537]},{"id":7089,"name":"Old Bookshelf","type":10,"category":205,"actions":["Search"],"coordinates":[[4680,30754]],"size":[1,1,521],"rotations":[0],"colors":[7122329,6396809,8434380,6990537]},{"id":307,"name":"Cart","type":10,"category":0,"actions":[],"coordinates":[[4684,30728]],"size":[2,3,521],"rotations":[1],"colors":[7122329,6396809,8434380,6990537]},{"id":10527,"name":"Bank booth","type":10,"category":0,"actions":[],"coordinates":[[4684,30810],[4704,30810],[4704,30806],[4704,30798],[4704,30794]],"size":[1,1,521],"rotations":[0,0,0,0,0],"colors":[7122329,6396809,8434380,6990537]},{"id":10355,"name":"Bank booth","type":10,"category":684,"actions":["Bank","Collect"],"coordinates":[[4684,30806],[4684,30802],[4684,30794]],"size":[1,1,521],"rotations":[0,0,0],"colors":[7122329,6396809,8434380,6990537]},{"id":10528,"name":"Closed bank booth","type":10,"category":0,"actions":[],"coordinates":[[4684,30798]],"size":[1,1,521],"rotations":[0],"colors":[7122329,6396809,8434380,6990537]},{"id":7079,"name":"Old Bookshelf","type":10,"category":205,"actions":["Search"],"coordinates":[[4684,30754]],"size":[1,1,521],"rotations":[0],"colors":[7122329,6396809,8434380,6990537]},{"id":10790,"name":"Boulder","type":10,"category":0,"actions":[],"coordinates":[[4690,30844]],"size":[2,2,521],"rotations":[0],"colors":[7122329,6396809,8434380,6990537]},{"id":961,"name":"Bank notice board","type":4,"category":0,"actions":[],"coordinates":[[4688,30810],[4696,30790]],"size":[1,1,521],"rotations":[0,0],"colors":[7122329,6396809,8434380,6990537]},{"id":1102,"name":"Stool","type":10,"category":0,"actions":[],"coordinates":[[4692,30814],[4696,30814],[4704,30814],[4704,30790],[4708,30790],[4712,30734],[4716,30734]],"size":[1,1,521],"rotations":[0,0,0,0,0,0,0],"colors":[7122329,6396809,8434380,6990537]},{"id":595,"name":"Table","type":10,"category":156,"actions":[],"coordinates":[[4694,30810]],"size":[2,1,521],"rotations":[0],"colors":[7122329,6396809,8434380,6990537]},{"id":7091,"name":"Study Desk","type":10,"category":0,"actions":[],"coordinates":[[4694,30770]],"size":[2,1,521],"rotations":[2],"colors":[7122329,6396809,8434380,6990537]},{"id":7073,"name":"Old Bookshelf","type":10,"category":205,"actions":["Search"],"coordinates":[[4696,30762]],"size":[1,1,521],"rotations":[0],"colors":[7122329,6396809,8434380,6990537]},{"id":7074,"name":"Old Bookshelf","type":10,"category":205,"actions":["Search"],"coordinates":[[4696,30758]],"size":[1,1,521],"rotations":[0],"colors":[7122329,6396809,8434380,6990537]},{"id":356,"name":"Crate","type":10,"category":0,"actions":["Search"],"coordinates":[[4704,30730],[4720,30730]],"size":[1,1,521],"rotations":[0,0],"colors":[7122329,6396809,8434380,6990537]},{"id":967,"name":"Hanging wheel","type":5,"category":0,"actions":[],"coordinates":[[4708,30750]],"size":[1,1,521],"rotations":[0],"colors":[7122329,6396809,8434380,6990537]},{"id":888,"name":"Painting","type":5,"category":0,"actions":[],"coordinates":[[4708,30730]],"size":[1,1,521],"rotations":[0],"colors":[7122329,6396809,8434380,6990537]},{"id":1088,"name":"Chair","type":11,"category":0,"actions":[],"coordinates":[[4708,30730]],"size":[1,1,521],"rotations":[0],"colors":[7122329,6396809,8434380,6990537]},{"id":5625,"name":"Ned's Table","type":10,"category":156,"actions":[],"coordinates":[[4714,30738]],"size":[2,1,521],"rotations":[0],"colors":[7122329,6396809,8434380,6990537]},{"id":1124,"name":"Bush","type":10,"category":0,"actions":[],"coordinates":[[4716,30814]],"size":[1,1,521],"rotations":[0],"colors":[7122329,6396809,8434380,6990537]},{"id":9151,"name":"Hole in the wall","type":10,"category":0,"actions":[],"coordinates":[[4716,30790]],"size":[1,1,521],"rotations":[0],"colors":[7122329,6396809,8434380,6990537]},{"id":1276,"name":"Tree","type":10,"category":189,"actions":["Chop down"],"coordinates":[[4718,30784],[4738,30844],[4762,30796],[4770,30844],[4774,30776],[4778,30748]],"size":[2,2,521],"rotations":[0,0,0,0,0,0],"colors":[7122329,6396809,8434380,6990537]},{"id":1096,"name":"Rocking chair","type":11,"category":0,"actions":[],"coordinates":[[4716,30746]],"size":[1,1,521],"rotations":[0],"colors":[7122329,6396809,8434380,6990537]},{"id":24969,"name":"Fireplace","type":10,"category":152,"actions":[],"coordinates":[[4720,30750]],"size":[1,1,521],"rotations":[0],"colors":[7122329,6396809,8434380,6990537]},{"id":969,"name":"Fishing net","type":5,"category":0,"actions":[],"coordinates":[[4724,30750]],"size":[1,1,521],"rotations":[0],"colors":[7122329,6396809,8434380,6990537]},{"id":604,"name":"Table","type":10,"category":154,"actions":[],"coordinates":[[4724,30738]],"size":[1,1,521],"rotations":[0],"colors":[7122329,6396809,8434380,6990537]},{"id":271,"name":"Anchor","type":11,"category":0,"actions":[],"coordinates":[[4724,30730]],"size":[1,1,521],"rotations":[0],"colors":[7122329,6396809,8434380,6990537]},{"id":10820,"name":"Oak tree","type":10,"category":279,"actions":["Chop down"],"coordinates":[[4732,30802],[4748,30782],[4780,30846],[4780,30814]],"size":[3,3,521],"rotations":[0,0,0,0],"colors":[7122329,6396809,8434380,6990537]},{"id":1393,"name":"Plant","type":10,"category":0,"actions":[],"coordinates":[[4740,30750],[4748,30826],[4748,30766],[4784,30822]],"size":[1,1,521],"rotations":[0,0,0,0],"colors":[7122329,6396809,8434380,6990537]},{"id":1392,"name":"Plant","type":10,"category":0,"actions":[],"coordinates":[[4754,30736]],"size":[2,2,521],"rotations":[0],"colors":[7122329,6396809,8434380,6990537]},{"id":1163,"name":"Mushroom","type":10,"category":0,"actions":[],"coordinates":[[4768,30814]],"size":[1,1,521],"rotations":[0],"colors":[7122329,6396809,8434380,6990537]}]