[{"id":1286,"name":"Dead tree","type":11,"category":189,"actions":["Chop down"],"coordinates":[[8516,-19006],[8520,-19070],[8524,-18998],[8532,-19010],[8548,-18962],[8556,-18962],[8560,-18970],[8564,-19010],[8588,-18974],[8588,-19046]],"size":[1,1,521],"rotations":[0,0,0,0,0,0,0,0,0,0],"colors":[7122329,6396809,8434380,6990537]},{"id":1289,"name":"Dead tree","type":11,"category":189,"actions":["Chop down"],"coordinates":[[8516,-19018],[8520,-19022],[8580,-18966],[8588,-18954],[8612,-18970],[8616,-19022]],"size":[1,1,521],"rotations":[0,0,0,0,0,0],"colors":[7122329,6396809,8434380,6990537]},{"id":3794,"name":"Grass","type":11,"category":0,"actions":[],"coordinates":[[8520,-19002],[8524,-18966],[8532,-19014],[8552,-19038],[8552,-19058],[8556,-18970],[8568,-18994],[8572,-19026],[8592,-18978],[8616,-18998]],"size":[1,1,521],"rotations":[0,0,0,0,0,0,0,0,0,0],"colors":[7122329,6396809,8434380,6990537]},{"id":1283,"name":"Dead tree","type":11,"category":189,"actions":["Chop down"],"coordinates":[[8526,-19028],[8554,-19036],[8566,-19044],[8578,-19032],[8594,-18996],[8598,-19008],[8598,-19024],[8614,-19032],[8618,-18980],[8618,-19016],[8618,-19028]],"size":[2,2,521],"rotations":[0,0,0,0,0,0,0,0,0,0,0],"colors":[7122329,6396809,8434380,6990537]},{"id":1661,"name":"Bricks","type":10,"category":0,"actions":[],"coordinates":[[8528,-19006],[8596,-18982]],"size":[1,1,521],"rotations":[0,0],"colors":[7122329,6396809,8434380,6990537]},{"id":1282,"name":"Dead tree","type":11,"category":189,"actions":["Chop down"],"coordinates":[[8542,-18980],[8550,-19004],[8558,-18984],[8578,-19056],[8586,-19036],[8594,-18988]],"size":[2,2,521],"rotations":[0,0,0,0,0,0],"colors":[7122329,6396809,8434380,6990537]},{"id":1662,"name":"Bricks","type":11,"category":0,"actions":[],"coordinates":[[8540,-18998],[8560,-18978],[8584,-18986],[8584,-18990]],"size":[1,1,521],"rotations":[0,0,0,0],"colors":[7122329,6396809,8434380,6990537]},{"id":1284,"name":"Dead tree","type":11,"category":189,"actions":["Chop down"],"coordinates":[[8546,-19028],[8566,-19052],[8590,-19020],[8602,-18964]],"size":[2,2,521],"rotations":[0,0,0,0],"colors":[7122329,6396809,8434380,6990537]},{"id":4062,"name":"Shelf","type":4,"category":0,"actions":["Search"],"coordinates":[[8548,-18978]],"size":[1,1,521],"rotations":[0],"colors":[7122329,6396809,8434380,6990537]},{"id":1089,"name":"Smashed chair","type":10,"category":0,"actions":[],"coordinates":[[8552,-18970]],"size":[1,1,521],"rotations":[0],"colors":[7122329,6396809,8434380,6990537]},{"id":4064,"name":"Smashed table","type":10,"category":0,"actions":["Search"],"coordinates":[[8552,-18974]],"size":[1,1,521],"rotations":[0],"colors":[7122329,6396809,8434380,6990537]},{"id":422,"name":"Bed","type":10,"category":0,"actions":[],"coordinates":[[8558,-19014],[8572,-19048]],"size":[1,2,521],"rotations":[1,0],"colors":[7122329,6396809,8434380,6990537]},{"id":1535,"name":"Door","type":9,"category":0,"actions":["Open"],"coordinates":[[8560,-19022],[8576,-19038],[8600,-19018]],"size":[1,1,521],"rotations":[0,0,0],"colors":[7122329,6396809,8434380,6990537]},{"id":1365,"name":"Dead tree","type":11,"category":189,"actions":["Chop down"],"coordinates":[[8580,-18950],[8588,-18962],[8624,-18966]],"size":[1,1,521],"rotations":[0,0,0],"colors":[7122329,6396809,8434380,6990537]},{"id":356,"name":"Crate","type":11,"category":0,"actions":["Search"],"coordinates":[[8580,-19042]],"size":[1,1,521],"rotations":[0],"colors":[7122329,6396809,8434380,6990537]},{"id":1663,"name":"Bricks","type":10,"category":0,"actions":[],"coordinates":[[8596,-18974]],"size":[1,1,521],"rotations":[0],"colors":[7122329,6396809,8434380,6990537]},{"id":4063,"name":"Sink","type":10,"category":175,"actions":[],"coordinates":[[8606,-19014]],"size":[1,2,521],"rotations":[3],"colors":[7122329,6396809,8434380,6990537]},{"id":423,"name":"Bed","type":10,"category":0,"actions":[],"coordinates":[[8608,-19024]],"size":[2,3,521],"rotations":[1],"colors":[7122329,6396809,8434380,6990537]},{"id":355,"name":"Crate","type":11,"category":0,"actions":["Search"],"coordinates":[[8612,-19014]],"size":[1,1,521],"rotations":[0],"colors":[7122329,6396809,8434380,6990537]},{"id":1088,"name":"Chair","type":11,"category":0,"actions":[],"coordinates":[[8612,-19018]],"size":[1,1,521],"rotations":[0],"colors":[7122329,6396809,8434380,6990537]}]