[{"id":14742,"name":"Crates","type":10,"category":0,"actions":[],"coordinates":[[8788,-37662],[8792,-37658],[8808,-37670],[8816,-37654]],"size":[1,1,521],"rotations":[0,0,0,0],"colors":[7122329,6396809,8434380,6990537]},{"id":14739,"name":"Crate","type":11,"category":0,"actions":[],"coordinates":[[8792,-37650],[8792,-37654],[8792,-37666],[8812,-37646],[8812,-37658]],"size":[1,1,521],"rotations":[0,0,0,0,0],"colors":[7122329,6396809,8434380,6990537]},{"id":14741,"name":"Crates","type":10,"category":0,"actions":[],"coordinates":[[8792,-37662],[8812,-37662]],"size":[1,1,521],"rotations":[0,0],"colors":[7122329,6396809,8434380,6990537]},{"id":12576,"name":"Stalagmite","type":10,"category":0,"actions":[],"coordinates":[[8792,-37670],[8796,-37646],[8812,-37666]],"size":[1,1,521],"rotations":[0,0,0],"colors":[7122329,6396809,8434380,6990537]},{"id":35848,"name":"Chest","type":10,"category":0,"actions":["Open"],"coordinates":[[8800,-37674]],"size":[1,1,521],"rotations":[0],"colors":[7122329,6396809,8434380,6990537]}]