[{"id":58541,"name":"Palm","type":11,"category":0,"actions":[],"coordinates":[[8720,-8194],[8724,-8186],[8736,-8186],[8776,-8290],[8788,-8282],[8848,-8194],[8848,-8282],[8852,-8202],[8860,-8274],[8872,-8318],[8884,-8218],[8888,-8282],[8920,-8266],[8924,-8330]],"size":[1,1,521],"rotations":[0,0,0,0,0,0,0,0,0,0,0,0,0,0],"colors":[7122329,6396809,8434380,6990537]},{"id":44080,"name":"Cactus","type":11,"category":0,"actions":[],"coordinates":[[8724,-8206],[8784,-8262]],"size":[1,1,521],"rotations":[0,0],"colors":[7122329,6396809,8434380,6990537]},{"id":58542,"name":"Palm","type":10,"category":0,"actions":[],"coordinates":[[8728,-8206],[8760,-8206],[8780,-8282],[8792,-8194],[8792,-8242],[8836,-8190],[8848,-8270],[8864,-8238],[8872,-8206],[8872,-8306],[8916,-8334],[8928,-8274]],"size":[1,1,521],"rotations":[0,0,0,0,0,0,0,0,0,0,0,0],"colors":[7122329,6396809,8434380,6990537]},{"id":40738,"name":"Bones","type":11,"category":0,"actions":[],"coordinates":[[8730,-8222]],"size":[2,3,521],"rotations":[0],"colors":[7122329,6396809,8434380,6990537]},{"id":44079,"name":"Cactus","type":11,"category":0,"actions":[],"coordinates":[[8736,-8190],[8760,-8202],[8760,-8214],[8764,-8234],[8836,-8186],[8852,-8266]],"size":[1,1,521],"rotations":[0,0,0,0,0,0],"colors":[7122329,6396809,8434380,6990537]},{"id":44068,"name":"Cactus","type":10,"category":0,"actions":[],"coordinates":[[8756,-8214],[8784,-8278]],"size":[1,1,521],"rotations":[0,0],"colors":[7122329,6396809,8434380,6990537]},{"id":44070,"name":"Cactus","type":10,"category":0,"actions":[],"coordinates":[[8756,-8218]],"size":[1,1,521],"rotations":[0],"colors":[7122329,6396809,8434380,6990537]},{"id":59834,"name":"Mooring point","type":11,"category":0,"actions":["Board","Board-previous","Board-friend"],"coordinates":[[8756,-8254]],"size":[1,1,521],"rotations":[0],"colors":[7122329,6396809,8434380,6990537]},{"id":59818,"name":"Buoy","type":10,"category":2339,"actions":["Dock"],"coordinates":[[8758,-8288]],"size":[2,2,521],"rotations":[0],"colors":[7122329,6396809,8434380,6990537]},{"id":44069,"name":"Cactus","type":10,"category":0,"actions":[],"coordinates":[[8760,-8210],[8776,-8274]],"size":[1,1,521],"rotations":[0,0],"colors":[7122329,6396809,8434380,6990537]},{"id":44081,"name":"Cactus","type":10,"category":0,"actions":[],"coordinates":[[8760,-8218],[8848,-8262]],"size":[1,1,521],"rotations":[0,0],"colors":[7122329,6396809,8434380,6990537]},{"id":41424,"name":"Crate","type":10,"category":0,"actions":[],"coordinates":[[8768,-8198],[8788,-8194]],"size":[1,1,521],"rotations":[0,0],"colors":[7122329,6396809,8434380,6990537]},{"id":44082,"name":"Cactus","type":10,"category":0,"actions":[],"coordinates":[[8768,-8214]],"size":[1,1,521],"rotations":[0],"colors":[7122329,6396809,8434380,6990537]},{"id":44075,"name":"Cactus","type":10,"category":0,"actions":[],"coordinates":[[8772,-8270],[8836,-8194]],"size":[1,1,521],"rotations":[0,0],"colors":[7122329,6396809,8434380,6990537]},{"id":11082,"name":"Wheelbarrow","type":11,"category":0,"actions":[],"coordinates":[[8778,-8200],[8858,-8228]],"size":[2,2,521],"rotations":[0,0],"colors":[7122329,6396809,8434380,6990537]},{"id":58662,"name":"Bank chest space","type":10,"category":0,"actions":["Build","Inspect"],"coordinates":[[8776,-8206]],"size":[1,1,521],"rotations":[0],"colors":[7122329,6396809,8434380,6990537]},{"id":1123,"name":"Bush","type":10,"category":0,"actions":[],"coordinates":[[8778,-8212],[8826,-8184],[8866,-8300],[8878,-8216],[8894,-8388],[8934,-8324]],"size":[2,2,521],"rotations":[0,0,0,0,0,0],"colors":[7122329,6396809,8434380,6990537]},{"id":44074,"name":"Cactus","type":10,"category":0,"actions":[],"coordinates":[[8776,-8278],[8796,-8202]],"size":[1,1,521],"rotations":[0,0],"colors":[7122329,6396809,8434380,6990537]},{"id":44076,"name":"Cactus","type":11,"category":0,"actions":[],"coordinates":[[8784,-8258]],"size":[1,1,521],"rotations":[0],"colors":[7122329,6396809,8434380,6990537]},{"id":58646,"name":"Cooking pot space","type":10,"category":0,"actions":["Build","Inspect"],"coordinates":[[8794,-8212]],"size":[2,2,521],"rotations":[0],"colors":[7122329,6396809,8434380,6990537]},{"id":44073,"name":"Cactus","type":10,"category":0,"actions":[],"coordinates":[[8792,-8274]],"size":[1,1,521],"rotations":[0],"colors":[7122329,6396809,8434380,6990537]},{"id":44072,"name":"Cactus","type":10,"category":0,"actions":[],"coordinates":[[8800,-8198]],"size":[1,1,521],"rotations":[0],"colors":[7122329,6396809,8434380,6990537]},{"id":58559,"name":"Ironwood tree","type":10,"category":2304,"actions":["Chop down"],"coordinates":[[8802,-8264],[8814,-8216],[8818,-8252],[8830,-8204],[8830,-8260],[8842,-8220],[8846,-8232],[8886,-8228],[8886,-8328],[8894,-8244],[8894,-8340],[8910,-8272],[8914,-8312],[8926,-8288]],"size":[2,2,521],"rotations":[0,0,0,0,0,0,0,0,0,0,0,0,0,0],"colors":[7122329,6396809,8434380,6990537]},{"id":42400,"name":"Plant","type":10,"category":0,"actions":[],"coordinates":[[8824,-8270],[8852,-8194]],"size":[1,1,521],"rotations":[0,0],"colors":[7122329,6396809,8434380,6990537]},{"id":42401,"name":"Plant","type":10,"category":0,"actions":[],"coordinates":[[8834,-8268]],"size":[2,2,521],"rotations":[0],"colors":[7122329,6396809,8434380,6990537]},{"id":44077,"name":"Cactus","type":10,"category":0,"actions":[],"coordinates":[[8840,-8190]],"size":[1,1,521],"rotations":[0],"colors":[7122329,6396809,8434380,6990537]},{"id":42398,"name":"Plant","type":10,"category":0,"actions":[],"coordinates":[[8846,-8204]],"size":[2,2,521],"rotations":[0],"colors":[7122329,6396809,8434380,6990537]},{"id":47370,"name":"Plant","type":10,"category":0,"actions":[],"coordinates":[[8852,-8206],[8868,-8270],[8888,-8222],[8892,-8278]],"size":[1,1,521],"rotations":[0,0,0,0],"colors":[7122329,6396809,8434380,6990537]},{"id":51793,"name":"Rockslide","type":11,"category":0,"actions":[],"coordinates":[[8858,-8212],[8870,-8240],[8874,-8288]],"size":[2,2,521],"rotations":[0,0,0],"colors":[7122329,6396809,8434380,6990537]},{"id":60005,"name":"Lockbox","type":10,"category":0,"actions":["Open"],"coordinates":[[8856,-8278]],"size":[1,1,521],"rotations":[0],"colors":[7122329,6396809,8434380,6990537]},{"id":51792,"name":"Rockslide","type":11,"category":0,"actions":[],"coordinates":[[8862,-8220],[8870,-8276],[8890,-8272]],"size":[2,2,521],"rotations":[0,0,0],"colors":[7122329,6396809,8434380,6990537]},{"id":60132,"name":"Rock","type":10,"category":0,"actions":[],"coordinates":[[8864,-8228]],"size":[2,1,521],"rotations":[3],"colors":[7122329,6396809,8434380,6990537]},{"id":58644,"name":"Water pump space","type":10,"category":0,"actions":["Build","Inspect"],"coordinates":[[8864,-8234]],"size":[1,1,521],"rotations":[0],"colors":[7122329,6396809,8434380,6990537]},{"id":42399,"name":"Plant","type":10,"category":0,"actions":[],"coordinates":[[8866,-8280],[8886,-8264]],"size":[2,2,521],"rotations":[0,0],"colors":[7122329,6396809,8434380,6990537]},{"id":51791,"name":"Rockslide","type":11,"category":0,"actions":[],"coordinates":[[8870,-8232]],"size":[2,2,521],"rotations":[0],"colors":[7122329,6396809,8434380,6990537]},{"id":5332,"name":"Plant","type":10,"category":0,"actions":[],"coordinates":[[8868,-8294],[8908,-8338],[8912,-8282],[8932,-8298]],"size":[1,1,521],"rotations":[0,0,0,0],"colors":[7122329,6396809,8434380,6990537]},{"id":60129,"name":"Cave entrance","type":11,"category":0,"actions":["Enter"],"coordinates":[[8878,-8272]],"size":[4,4,521],"rotations":[0],"colors":[7122329,6396809,8434380,6990537]},{"id":58543,"name":"Palm","type":10,"category":0,"actions":[],"coordinates":[[8880,-8210]],"size":[1,1,521],"rotations":[0],"colors":[7122329,6396809,8434380,6990537]},{"id":46807,"name":"Tent","type":11,"category":0,"actions":[],"coordinates":[[8900,-8302]],"size":[3,3,521],"rotations":[0],"colors":[7122329,6396809,8434380,6990537]},{"id":5333,"name":"Plant","type":10,"category":0,"actions":[],"coordinates":[[8906,-8324]],"size":[2,2,521],"rotations":[0],"colors":[7122329,6396809,8434380,6990537]},{"id":49463,"name":"Fire remains","type":10,"category":0,"actions":[],"coordinates":[[8908,-8294]],"size":[1,1,521],"rotations":[0],"colors":[7122329,6396809,8434380,6990537]}]