[{"id":58981,"name":"Lost supplies","type":10,"category":0,"actions":[],"coordinates":[[8704,-13270],[8724,-13122],[8760,-13226],[8780,-13126],[8804,-13034],[8856,-13102],[8888,-13230],[8896,-13134]],"size":[1,1,521],"rotations":[0,0,0,0,0,0,0,0],"colors":[7122329,6396809,8434380,6990537]},{"id":58977,"name":"Portal of Trahaearn","type":10,"category":0,"actions":[],"coordinates":[[8716,-13034]],"size":[1,1,521],"rotations":[0],"colors":[7122329,6396809,8434380,6990537]},{"id":58963,"name":"Portal of Iorwerth","type":10,"category":0,"actions":[],"coordinates":[[8784,-13278],[8820,-13278]],"size":[1,1,521],"rotations":[0,0],"colors":[7122329,6396809,8434380,6990537]},{"id":58961,"name":"Crystal of Iorwerth","type":10,"category":0,"actions":[],"coordinates":[[8800,-13274]],"size":[1,1,521],"rotations":[0],"colors":[7122329,6396809,8434380,6990537]},{"id":58941,"name":"Crystal of Amlodd","type":10,"category":0,"actions":[],"coordinates":[[8940,-13234]],"size":[1,1,521],"rotations":[0],"colors":[7122329,6396809,8434380,6990537]}]