[{"id":58981,"name":"Lost supplies","type":10,"category":0,"actions":[],"coordinates":[[8740,-12862],[8788,-12918],[8888,-13010]],"size":[1,1,521],"rotations":[0,0,0],"colors":[7122329,6396809,8434380,6990537]},{"id":58948,"name":"Portal of Cadarn","type":10,"category":0,"actions":[],"coordinates":[[8752,-12974],[8812,-12974]],"size":[1,1,521],"rotations":[0,0],"colors":[7122329,6396809,8434380,6990537]},{"id":58945,"name":"Crystal of Cadarn","type":10,"category":0,"actions":[],"coordinates":[[8780,-12966]],"size":[1,1,521],"rotations":[0],"colors":[7122329,6396809,8434380,6990537]},{"id":60517,"name":"Reinforced chest","type":10,"category":2350,"actions":["Picklock"],"coordinates":[[8844,-12842]],"size":[1,1,521],"rotations":[0],"colors":[7122329,6396809,8434380,6990537]},{"id":3881,"name":"Tree","type":10,"category":189,"actions":["Chop down"],"coordinates":[[8860,-12834],[8888,-12862],[8896,-12838]],"size":[3,3,521],"rotations":[0,0,0],"colors":[7122329,6396809,8434380,6990537]},{"id":1392,"name":"Plant","type":10,"category":0,"actions":[],"coordinates":[[8862,-12848],[8866,-12816]],"size":[2,2,521],"rotations":[0,0],"colors":[7122329,6396809,8434380,6990537]},{"id":59823,"name":"Buoy","type":11,"category":2339,"actions":["Dock"],"coordinates":[[8866,-12796]],"size":[2,2,521],"rotations":[0],"colors":[7122329,6396809,8434380,6990537]},{"id":3879,"name":"Tree","type":10,"category":189,"actions":["Chop down"],"coordinates":[[8868,-12854],[8884,-12822],[8908,-12834]],"size":[3,3,521],"rotations":[0,0,0],"colors":[7122329,6396809,8434380,6990537]},{"id":59834,"name":"Mooring point","type":11,"category":0,"actions":["Board","Board-previous","Board-friend"],"coordinates":[[8888,-12806]],"size":[1,1,521],"rotations":[0],"colors":[7122329,6396809,8434380,6990537]},{"id":1391,"name":"Plant","type":10,"category":0,"actions":[],"coordinates":[[8890,-12844]],"size":[2,2,521],"rotations":[0],"colors":[7122329,6396809,8434380,6990537]},{"id":58923,"name":"Nickel rocks","type":10,"category":2312,"actions":["Mine"],"coordinates":[[8896,-12862],[8904,-12850],[8912,-12854]],"size":[1,1,521],"rotations":[0,0,0],"colors":[7122329,6396809,8434380,6990537]},{"id":11364,"name":"Iron rocks","type":10,"category":218,"actions":["Mine"],"coordinates":[[8900,-12854],[8900,-12862],[8904,-12858],[8908,-12858]],"size":[1,1,521],"rotations":[0,0,0,0],"colors":[7122329,6396809,8434380,6990537]},{"id":58658,"name":"Rowboat space","type":11,"category":0,"actions":["Build","Inspect"],"coordinates":[[8914,-12822]],"size":[2,3,521],"rotations":[0],"colors":[7122329,6396809,8434380,6990537]},{"id":60469,"name":"Barracuda shipwreck","type":10,"category":2348,"actions":[],"coordinates":[[8944,-12848]],"size":[3,2,521],"rotations":[0],"colors":[7122329,6396809,8434380,6990537]}]