[{"id":724,"name":"Standing torch","type":10,"category":0,"actions":[],"coordinates":[[9004,-18346],[9004,-18354],[9016,-18266],[9048,-18274],[9048,-18378],[9052,-18342],[9080,-18258],[9080,-18366],[9104,-18270],[9108,-18342],[9124,-18374],[9136,-18270],[9140,-18322],[9140,-18354],[9156,-18290],[9168,-18310]],"size":[1,1,521],"rotations":[0,0,0,0,0,0,0,0,0,0,0,0,0,0,0,0],"colors":[7122329,6396809,8434380,6990537]},{"id":17028,"name":"Ladder","type":10,"category":0,"actions":["Climb-up"],"coordinates":[[9012,-18350]],"size":[1,1,521],"rotations":[0],"colors":[7122329,6396809,8434380,6990537]},{"id":660,"name":"Corpse","type":10,"category":0,"actions":[],"coordinates":[[9020,-18346],[9152,-18354]],"size":[1,1,521],"rotations":[0,0],"colors":[7122329,6396809,8434380,6990537]},{"id":16683,"name":"Ladder","type":10,"category":0,"actions":["Climb-up"],"coordinates":[[9036,-18330]],"size":[1,1,521],"rotations":[0],"colors":[7122329,6396809,8434380,6990537]},{"id":34780,"name":"Pillar","type":10,"category":0,"actions":[],"coordinates":[[9068,-18314],[9080,-18302],[9100,-18314]],"size":[1,1,521],"rotations":[0,0,0],"colors":[7122329,6396809,8434380,6990537]},{"id":34782,"name":"Pillar","type":10,"category":0,"actions":[],"coordinates":[[9068,-18318],[9084,-18302],[9084,-18334],[9100,-18318]],"size":[3,1,521],"rotations":[1,2,2,1],"colors":[7122329,6396809,8434380,6990537]},{"id":34781,"name":"Pillar","type":10,"category":0,"actions":[],"coordinates":[[9068,-18322],[9080,-18334],[9088,-18302],[9088,-18334],[9100,-18322]],"size":[1,1,521],"rotations":[0,0,0,0,0],"colors":[7122329,6396809,8434380,6990537]},{"id":34789,"name":"Mysterious glow","type":10,"category":0,"actions":[],"coordinates":[[9072,-18306]],"size":[1,1,521],"rotations":[0],"colors":[7122329,6396809,8434380,6990537]},{"id":34791,"name":"Mysterious glow","type":10,"category":0,"actions":[],"coordinates":[[9072,-18330],[9096,-18306],[9096,-18330]],"size":[1,1,521],"rotations":[0,0,0],"colors":[7122329,6396809,8434380,6990537]},{"id":662,"name":"Corpse","type":10,"category":0,"actions":[],"coordinates":[[9076,-18256]],"size":[2,1,521],"rotations":[3],"colors":[7122329,6396809,8434380,6990537]},{"id":34769,"name":"Altar","type":10,"category":2156,"actions":["Craft-rune"],"coordinates":[[9084,-18318]],"size":[3,3,521],"rotations":[0],"colors":[7122329,6396809,8434380,6990537]},{"id":34757,"name":"Portal","type":10,"category":0,"actions":["Use"],"coordinates":[[9128,-18298]],"size":[1,1,521],"rotations":[0],"colors":[7122329,6396809,8434380,6990537]}]