[{"id":24795,"name":"Nails","type":10,"category":0,"actions":["Climb-up"],"coordinates":[[9072,-21010],[9128,-21122]],"size":[1,1,521],"rotations":[0,0],"colors":[7122329,6396809,8434380,6990537]},{"id":24799,"name":"Mouse hole","type":10,"category":0,"actions":["Enter"],"coordinates":[[9100,-21062]],"size":[1,1,521],"rotations":[0],"colors":[7122329,6396809,8434380,6990537]},{"id":24804,"name":"Nails","type":10,"category":0,"actions":[],"coordinates":[[9108,-21134],[9132,-21090]],"size":[1,1,521],"rotations":[0,0],"colors":[7122329,6396809,8434380,6990537]},{"id":24805,"name":"Witch's charm","type":10,"category":0,"actions":[],"coordinates":[[9112,-21046]],"size":[1,1,521],"rotations":[0],"colors":[7122329,6396809,8434380,6990537]},{"id":24802,"name":"Grate","type":10,"category":0,"actions":["Enter"],"coordinates":[[9132,-21154]],"size":[1,1,521],"rotations":[0],"colors":[7122329,6396809,8434380,6990537]}]