[{"id":30331,"name":"Roof","type":10,"category":0,"actions":[],"coordinates":[[9068,-20422]],"size":[1,1,521],"rotations":[0],"colors":[7122329,6396809,8434380,6990537]},{"id":30283,"name":"Cave exit","type":10,"category":0,"actions":["Exit","Quick-exit"],"coordinates":[[9084,-20256]],"size":[5,4,521],"rotations":[0],"colors":[7122329,6396809,8434380,6990537]},{"id":30338,"name":"Ancestral Glyph","type":10,"category":0,"actions":[],"coordinates":[[9084,-20412]],"size":[6,3,521],"rotations":[3],"colors":[7122329,6396809,8434380,6990537]}]