[{"id":24795,"name":"Nails","type":10,"category":0,"actions":["Climb-up"],"coordinates":[[5232,28370],[5288,28258]],"size":[1,1,521],"rotations":[0,0],"colors":[7122329,6396809,8434380,6990537]},{"id":24799,"name":"Mouse hole","type":10,"category":0,"actions":["Enter"],"coordinates":[[5260,28318]],"size":[1,1,521],"rotations":[0],"colors":[7122329,6396809,8434380,6990537]},{"id":24804,"name":"Nails","type":10,"category":0,"actions":[],"coordinates":[[5268,28246],[5292,28290]],"size":[1,1,521],"rotations":[0,0],"colors":[7122329,6396809,8434380,6990537]},{"id":24805,"name":"Witch's charm","type":10,"category":0,"actions":[],"coordinates":[[5272,28334]],"size":[1,1,521],"rotations":[0],"colors":[7122329,6396809,8434380,6990537]},{"id":24802,"name":"Grate","type":10,"category":0,"actions":["Enter"],"coordinates":[[5292,28226]],"size":[1,1,521],"rotations":[0],"colors":[7122329,6396809,8434380,6990537]}]