[{"id":47782,"name":"Plant Pot","type":11,"category":0,"actions":[],"coordinates":[[9232,-24694],[9232,-24722],[9248,-24690],[9356,-24646],[9372,-24662]],"size":[1,1,521],"rotations":[0,0,0,0,0],"colors":[7122329,6396809,8434380,6990537]},{"id":47780,"name":"Monument","type":10,"category":0,"actions":[],"coordinates":[[9240,-24708]],"size":[4,1,521],"rotations":[3],"colors":[7122329,6396809,8434380,6990537]},{"id":48252,"name":"Brazier","type":10,"category":0,"actions":[],"coordinates":[[9248,-24726],[9272,-24734],[9284,-24746],[9292,-24770]],"size":[1,1,521],"rotations":[0,0,0,0],"colors":[7122329,6396809,8434380,6990537]},{"id":48227,"name":"Chest","type":11,"category":1821,"actions":[],"coordinates":[[9266,-24752]],"size":[2,2,521],"rotations":[0],"colors":[7122329,6396809,8434380,6990537]},{"id":47783,"name":"Plant Pot","type":10,"category":0,"actions":[],"coordinates":[[9276,-24562],[9276,-24574],[9280,-24554],[9280,-24578],[9292,-24646],[9296,-24554],[9296,-24578],[9296,-24630],[9296,-24786],[9300,-24562],[9300,-24574],[9304,-24782],[9324,-24630],[9324,-24786],[9328,-24646],[9328,-24770]],"size":[1,1,521],"rotations":[0,0,0,0,0,0,0,0,0,0,0,0,0,0,0,0],"colors":[7122329,6396809,8434380,6990537]},{"id":47744,"name":"Brazier","type":10,"category":0,"actions":[],"coordinates":[[9280,-24574],[9296,-24574],[9368,-24638],[9380,-24650]],"size":[1,1,521],"rotations":[0,0,0,0],"colors":[7122329,6396809,8434380,6990537]},{"id":47933,"name":"Chest","type":10,"category":0,"actions":[],"coordinates":[[9288,-24570]],"size":[1,1,521],"rotations":[0],"colors":[7122329,6396809,8434380,6990537]},{"id":47915,"name":"Crate","type":11,"category":0,"actions":[],"coordinates":[[9300,-24634],[9304,-24630],[9328,-24550],[9332,-24566],[9336,-24562],[9336,-24570],[9344,-24578],[9448,-24682],[9452,-24682]],"size":[1,1,521],"rotations":[0,0,0,0,0,0,0,0,0],"colors":[7122329,6396809,8434380,6990537]},{"id":47778,"name":"Monument","type":10,"category":0,"actions":[],"coordinates":[[9310,-24638]],"size":[4,1,521],"rotations":[2],"colors":[7122329,6396809,8434380,6990537]},{"id":47781,"name":"Throne","type":11,"category":0,"actions":[],"coordinates":[[9310,-24708]],"size":[4,4,521],"rotations":[0],"colors":[7122329,6396809,8434380,6990537]},{"id":47775,"name":"Monument","type":10,"category":0,"actions":[],"coordinates":[[9310,-24778]],"size":[4,1,521],"rotations":[0],"colors":[7122329,6396809,8434380,6990537]},{"id":48198,"name":"Rope","type":10,"category":0,"actions":["Climb-up"],"coordinates":[[9324,-24694]],"size":[1,1,521],"rotations":[0],"colors":[7122329,6396809,8434380,6990537]},{"id":18968,"name":"Climbing rope","type":10,"category":0,"actions":[],"coordinates":[[9324,-24694]],"size":[1,1,521],"rotations":[0],"colors":[7122329,6396809,8434380,6990537]},{"id":47930,"name":"Barrel","type":10,"category":0,"actions":[],"coordinates":[[9328,-24554],[9328,-24558],[9452,-24686],[9456,-24682],[9456,-24686],[9456,-24690],[9460,-24690],[9460,-24694]],"size":[1,1,521],"rotations":[0,0,0,0,0,0,0,0],"colors":[7122329,6396809,8434380,6990537]},{"id":47916,"name":"Crates","type":11,"category":0,"actions":[],"coordinates":[[9328,-24562],[9332,-24562],[9340,-24574],[9440,-24646],[9440,-24674],[9444,-24646],[9444,-24678],[9452,-24678],[9464,-24694],[9464,-24698]],"size":[1,1,521],"rotations":[0,0,0,0,0,0,0,0,0,0],"colors":[7122329,6396809,8434380,6990537]},{"id":49547,"name":"Strange Pool","type":10,"category":1870,"actions":[],"coordinates":[[9336,-24770],[9400,-24574]],"size":[1,1,521],"rotations":[0,0],"colors":[7122329,6396809,8434380,6990537]},{"id":48203,"name":"Teleporter","type":10,"category":1820,"actions":[],"coordinates":[[9348,-24646],[9444,-24618]],"size":[1,1,521],"rotations":[0,0],"colors":[7122329,6396809,8434380,6990537]},{"id":30188,"name":"Candle","type":6,"category":0,"actions":[],"coordinates":[[9356,-24570],[9356,-24582],[9436,-24662],[9448,-24662]],"size":[1,1,521],"rotations":[0,0,0,0],"colors":[7122329,6396809,8434380,6990537]},{"id":48041,"name":"Ladder","type":11,"category":1758,"actions":["Climb-up"],"coordinates":[[9356,-24578]],"size":[1,1,521],"rotations":[0],"colors":[7122329,6396809,8434380,6990537]},{"id":47979,"name":"Weapons Barrel","type":10,"category":0,"actions":[],"coordinates":[[9360,-24570],[9436,-24654]],"size":[1,1,521],"rotations":[0,0],"colors":[7122329,6396809,8434380,6990537]},{"id":47919,"name":"Table","type":10,"category":0,"actions":[],"coordinates":[[9360,-24582],[9364,-24570],[9448,-24658]],"size":[1,1,521],"rotations":[0,0,0],"colors":[7122329,6396809,8434380,6990537]},{"id":47980,"name":"Weapons Barrel","type":10,"category":0,"actions":[],"coordinates":[[9364,-24582],[9436,-24658]],"size":[1,1,521],"rotations":[0,0],"colors":[7122329,6396809,8434380,6990537]},{"id":48284,"name":"Doors","type":0,"category":0,"actions":[],"coordinates":[[9372,-24574]],"size":[1,1,521],"rotations":[0],"colors":[7122329,6396809,8434380,6990537]},{"id":48285,"name":"Doors","type":0,"category":0,"actions":[],"coordinates":[[9372,-24578]],"size":[1,1,521],"rotations":[0],"colors":[7122329,6396809,8434380,6990537]},{"id":47945,"name":"Lamp","type":10,"category":0,"actions":[],"coordinates":[[9374,-24604],[9414,-24564],[9414,-24644],[9454,-24604]],"size":[2,2,521],"rotations":[0,0,0,0],"colors":[7122329,6396809,8434380,6990537]},{"id":47784,"name":"Plant Pot","type":10,"category":0,"actions":[],"coordinates":[[9372,-24690],[9372,-24726],[9388,-24694],[9388,-24722]],"size":[1,1,521],"rotations":[0,0,0,0],"colors":[7122329,6396809,8434380,6990537]},{"id":47777,"name":"Monument","type":10,"category":0,"actions":[],"coordinates":[[9380,-24708]],"size":[4,1,521],"rotations":[1],"colors":[7122329,6396809,8434380,6990537]},{"id":48280,"name":"Doors","type":0,"category":0,"actions":[],"coordinates":[[9440,-24642]],"size":[1,1,521],"rotations":[0],"colors":[7122329,6396809,8434380,6990537]},{"id":48044,"name":"Ladder","type":11,"category":0,"actions":[],"coordinates":[[9440,-24662]],"size":[1,1,521],"rotations":[0],"colors":[7122329,6396809,8434380,6990537]},{"id":48281,"name":"Doors","type":0,"category":0,"actions":[],"coordinates":[[9444,-24642]],"size":[1,1,521],"rotations":[0],"colors":[7122329,6396809,8434380,6990537]},{"id":48200,"name":"Puddle","type":10,"category":0,"actions":[],"coordinates":[[9450,-24568]],"size":[2,2,521],"rotations":[0],"colors":[7122329,6396809,8434380,6990537]},{"id":47773,"name":"Statue","type":11,"category":0,"actions":[],"coordinates":[[9462,-24556]],"size":[4,4,521],"rotations":[0],"colors":[7122329,6396809,8434380,6990537]}]