[{"id":12583,"name":"Rockslide","type":10,"category":0,"actions":[],"coordinates":[[9326,-37264]],"size":[2,2,521],"rotations":[0],"colors":[7122329,6396809,8434380,6990537]},{"id":12576,"name":"Stalagmite","type":10,"category":0,"actions":[],"coordinates":[[9328,-37242],[9344,-37258]],"size":[1,1,521],"rotations":[0,0],"colors":[7122329,6396809,8434380,6990537]},{"id":35841,"name":"Crevice","type":0,"category":0,"actions":["Enter"],"coordinates":[[9336,-37270]],"size":[1,1,521],"rotations":[0],"colors":[7122329,6396809,8434380,6990537]}]