[{"id":58541,"name":"Palm","type":11,"category":0,"actions":[],"coordinates":[[9320,-8038],[9348,-8018]],"size":[1,1,521],"rotations":[0,0],"colors":[7122329,6396809,8434380,6990537]},{"id":18892,"name":"Rockslide","type":10,"category":0,"actions":[],"coordinates":[[9322,-8048]],"size":[2,2,521],"rotations":[0],"colors":[7122329,6396809,8434380,6990537]},{"id":58542,"name":"Palm","type":10,"category":0,"actions":[],"coordinates":[[9320,-8062],[9336,-8018],[9352,-8046]],"size":[1,1,521],"rotations":[0,0,0],"colors":[7122329,6396809,8434380,6990537]},{"id":18894,"name":"Rockslide","type":11,"category":0,"actions":[],"coordinates":[[9326,-8040]],"size":[2,2,521],"rotations":[0],"colors":[7122329,6396809,8434380,6990537]},{"id":18895,"name":"Rockslide","type":10,"category":0,"actions":[],"coordinates":[[9330,-8048],[9338,-8060]],"size":[2,2,521],"rotations":[0,0],"colors":[7122329,6396809,8434380,6990537]},{"id":57816,"name":"Tropical palm","type":11,"category":0,"actions":[],"coordinates":[[9344,-8010]],"size":[1,1,521],"rotations":[0],"colors":[7122329,6396809,8434380,6990537]},{"id":58543,"name":"Palm","type":11,"category":0,"actions":[],"coordinates":[[9344,-8014]],"size":[1,1,521],"rotations":[0],"colors":[7122329,6396809,8434380,6990537]},{"id":59318,"name":"Gnome the ball","type":10,"category":2317,"actions":["Chart"],"coordinates":[[9344,-8018]],"size":[1,1,521],"rotations":[0],"colors":[7122329,6396809,8434380,6990537]},{"id":18893,"name":"Rockslide","type":10,"category":0,"actions":[],"coordinates":[[9346,-8064]],"size":[2,2,521],"rotations":[0],"colors":[7122329,6396809,8434380,6990537]},{"id":59834,"name":"Mooring point","type":10,"category":0,"actions":["Board","Board-previous","Board-friend"],"coordinates":[[9380,-8026]],"size":[1,1,521],"rotations":[0],"colors":[7122329,6396809,8434380,6990537]},{"id":59817,"name":"Buoy","type":11,"category":2339,"actions":["Dock"],"coordinates":[[9398,-8004]],"size":[2,2,521],"rotations":[0],"colors":[7122329,6396809,8434380,6990537]}]