[{"id":11113,"name":"Bush","type":10,"category":0,"actions":[],"coordinates":[[5414,39304],[5458,39332]],"size":[2,2,521],"rotations":[0,0],"colors":[7122329,6396809,8434380,6990537]},{"id":59834,"name":"Mooring point","type":10,"category":0,"actions":["Board","Board-previous","Board-friend"],"coordinates":[[5432,39338]],"size":[1,1,521],"rotations":[0],"colors":[7122329,6396809,8434380,6990537]},{"id":59814,"name":"Buoy","type":10,"category":2339,"actions":["Dock"],"coordinates":[[5442,39372]],"size":[2,2,521],"rotations":[0],"colors":[7122329,6396809,8434380,6990537]},{"id":58658,"name":"Rowboat space","type":10,"category":0,"actions":["Build","Inspect"],"coordinates":[[5444,39308]],"size":[2,3,521],"rotations":[1],"colors":[7122329,6396809,8434380,6990537]},{"id":40738,"name":"Bones","type":11,"category":0,"actions":[],"coordinates":[[5490,39390]],"size":[2,3,521],"rotations":[0],"colors":[7122329,6396809,8434380,6990537]},{"id":30854,"name":"Burnt tree","type":10,"category":189,"actions":["Chop down"],"coordinates":[[5496,39378]],"size":[1,1,521],"rotations":[0],"colors":[7122329,6396809,8434380,6990537]},{"id":53191,"name":"Skeleton","type":11,"category":0,"actions":[],"coordinates":[[5504,39346]],"size":[1,1,521],"rotations":[0],"colors":[7122329,6396809,8434380,6990537]},{"id":30856,"name":"Dead tree stump","type":10,"category":0,"actions":[],"coordinates":[[5508,39358]],"size":[1,1,521],"rotations":[0],"colors":[7122329,6396809,8434380,6990537]},{"id":57793,"name":"Plant","type":10,"category":0,"actions":[],"coordinates":[[5514,39392]],"size":[2,2,521],"rotations":[0],"colors":[7122329,6396809,8434380,6990537]},{"id":10822,"name":"Yew tree","type":10,"category":288,"actions":["Chop down"],"coordinates":[[5516,39378],[5532,39390],[5536,39370]],"size":[3,3,521],"rotations":[0,0,0],"colors":[7122329,6396809,8434380,6990537]},{"id":30852,"name":"Burnt tree","type":10,"category":189,"actions":["Chop down"],"coordinates":[[5514,39344]],"size":[2,2,521],"rotations":[0],"colors":[7122329,6396809,8434380,6990537]},{"id":60014,"name":"Wrecked boat","type":10,"category":0,"actions":[],"coordinates":[[5524,39340]],"size":[2,3,521],"rotations":[1],"colors":[7122329,6396809,8434380,6990537]},{"id":57792,"name":"Plant","type":10,"category":0,"actions":[],"coordinates":[[5526,39396],[5538,39376]],"size":[2,2,521],"rotations":[0,0],"colors":[7122329,6396809,8434380,6990537]}]