[{"id":60313,"name":"Crate","type":10,"category":0,"actions":[],"coordinates":[[9220,-14042]],"size":[1,1,521],"rotations":[0],"colors":[7122329,6396809,8434380,6990537]},{"id":50902,"name":"Bank Deposit Box","type":10,"category":276,"actions":["Deposit"],"coordinates":[[9220,-14046]],"size":[1,1,521],"rotations":[0],"colors":[7122329,6396809,8434380,6990537]},{"id":60317,"name":"Crate","type":10,"category":0,"actions":[],"coordinates":[[9224,-14038]],"size":[1,1,521],"rotations":[0],"colors":[7122329,6396809,8434380,6990537]},{"id":60316,"name":"Crate","type":10,"category":0,"actions":[],"coordinates":[[9224,-14050]],"size":[1,1,521],"rotations":[0],"colors":[7122329,6396809,8434380,6990537]},{"id":60315,"name":"Crate","type":10,"category":0,"actions":[],"coordinates":[[9228,-14038],[9232,-14038]],"size":[1,1,521],"rotations":[0,0],"colors":[7122329,6396809,8434380,6990537]},{"id":60320,"name":"Ledger table","type":10,"category":2345,"actions":["Take-cargo","Take-last-cargo"],"coordinates":[[9232,-14050]],"size":[1,1,521],"rotations":[0],"colors":[7122329,6396809,8434380,6990537]},{"id":60463,"name":"Salvaging station","type":10,"category":2346,"actions":["Sort-salvage"],"coordinates":[[9244,-14042]],"size":[3,1,521],"rotations":[1],"colors":[7122329,6396809,8434380,6990537]}]