[{"id":12133,"name":"Juliet","type":10,"category":0,"actions":[],"coordinates":[[9290,-17518]],"size":[1,2,521],"rotations":[3],"colors":[7122329,6396809,8434380,6990537]},{"id":208,"name":"Candles","type":10,"category":0,"actions":[],"coordinates":[[9292,-17494],[9296,-17530],[9316,-17538]],"size":[1,1,521],"rotations":[0,0,0],"colors":[7122329,6396809,8434380,6990537]},{"id":1111,"name":"Chair","type":10,"category":0,"actions":[],"coordinates":[[9300,-17494],[9300,-17538],[9328,-17538],[9340,-17538]],"size":[1,1,521],"rotations":[0,0,0,0],"colors":[7122329,6396809,8434380,6990537]},{"id":12132,"name":"Tomb","type":10,"category":0,"actions":[],"coordinates":[[9304,-17516],[9308,-17536],[9320,-17536]],"size":[1,2,521],"rotations":[2,0,0],"colors":[7122329,6396809,8434380,6990537]},{"id":12134,"name":"Coffin","type":10,"category":0,"actions":[],"coordinates":[[9314,-17498],[9340,-17516]],"size":[1,2,521],"rotations":[1,2],"colors":[7122329,6396809,8434380,6990537]},{"id":12135,"name":"Coffin","type":10,"category":0,"actions":[],"coordinates":[[9312,-17506],[9316,-17526],[9344,-17498]],"size":[1,1,521],"rotations":[0,0,0],"colors":[7122329,6396809,8434380,6990537]},{"id":9159,"name":"Candles","type":10,"category":0,"actions":[],"coordinates":[[9324,-17514]],"size":[1,1,521],"rotations":[0],"colors":[7122329,6396809,8434380,6990537]},{"id":9160,"name":"Candles","type":10,"category":0,"actions":[],"coordinates":[[9324,-17518]],"size":[1,1,521],"rotations":[0],"colors":[7122329,6396809,8434380,6990537]},{"id":616,"name":"Table","type":10,"category":155,"actions":[],"coordinates":[[9328,-17494]],"size":[1,1,521],"rotations":[0],"colors":[7122329,6396809,8434380,6990537]},{"id":12131,"name":"Stairs","type":10,"category":0,"actions":[],"coordinates":[[9340,-17532]],"size":[2,3,521],"rotations":[1],"colors":[7122329,6396809,8434380,6990537]}]