[{"id":18352,"name":"Chest","type":10,"category":0,"actions":["Open"],"coordinates":[[9248,-19354],[9268,-19350],[9276,-19354]],"size":[1,1,521],"rotations":[0,0,0],"colors":[7122329,6396809,8434380,6990537]},{"id":18351,"name":"Torture Rack","type":10,"category":0,"actions":[],"coordinates":[[9252,-19368]],"size":[2,3,521],"rotations":[3],"colors":[7122329,6396809,8434380,6990537]},{"id":18182,"name":"Barrel","type":10,"category":0,"actions":[],"coordinates":[[9248,-19382],[9248,-19386]],"size":[1,1,521],"rotations":[0,0],"colors":[7122329,6396809,8434380,6990537]},{"id":18354,"name":"Exit","type":10,"category":0,"actions":["Climb-up"],"coordinates":[[9260,-19342]],"size":[1,1,521],"rotations":[0],"colors":[7122329,6396809,8434380,6990537]},{"id":724,"name":"Standing torch","type":11,"category":0,"actions":[],"coordinates":[[9264,-19394],[9292,-19398]],"size":[1,1,521],"rotations":[0,0],"colors":[7122329,6396809,8434380,6990537]},{"id":18359,"name":"Wall","type":0,"category":0,"actions":["Push"],"coordinates":[[9280,-19366]],"size":[1,1,521],"rotations":[0],"colors":[7122329,6396809,8434380,6990537]},{"id":12576,"name":"Stalagmite","type":10,"category":0,"actions":[],"coordinates":[[9284,-19410],[9304,-19410]],"size":[1,1,521],"rotations":[0,0],"colors":[7122329,6396809,8434380,6990537]},{"id":18412,"name":"Passage","type":0,"category":0,"actions":["Enter"],"coordinates":[[9288,-19366]],"size":[1,1,521],"rotations":[0],"colors":[7122329,6396809,8434380,6990537]},{"id":18416,"name":"Shortcut","type":10,"category":0,"actions":["Climb-through"],"coordinates":[[9326,-19334]],"size":[2,1,521],"rotations":[0],"colors":[7122329,6396809,8434380,6990537]},{"id":18343,"name":"Wall corner","type":10,"category":0,"actions":[],"coordinates":[[9394,-19212],[9394,-19244],[9418,-19212],[9418,-19244]],"size":[2,2,521],"rotations":[0,0,0,0],"colors":[7122329,6396809,8434380,6990537]},{"id":18413,"name":"Imposing Doors","type":10,"category":0,"actions":["Open"],"coordinates":[[9402,-19322]],"size":[6,1,521],"rotations":[2],"colors":[7122329,6396809,8434380,6990537]},{"id":18263,"name":"Statue","type":10,"category":0,"actions":[],"coordinates":[[9392,-19330],[9412,-19330]],"size":[1,1,521],"rotations":[0,0],"colors":[7122329,6396809,8434380,6990537]}]