[{"id":18352,"name":"Chest","type":10,"category":0,"actions":["Open"],"coordinates":[[5408,30026],[5428,30030],[5436,30026]],"size":[1,1,521],"rotations":[0,0,0],"colors":[7122329,6396809,8434380,6990537]},{"id":18351,"name":"Torture Rack","type":10,"category":0,"actions":[],"coordinates":[[5412,30012]],"size":[2,3,521],"rotations":[3],"colors":[7122329,6396809,8434380,6990537]},{"id":18182,"name":"Barrel","type":10,"category":0,"actions":[],"coordinates":[[5408,29998],[5408,29994]],"size":[1,1,521],"rotations":[0,0],"colors":[7122329,6396809,8434380,6990537]},{"id":18354,"name":"Exit","type":10,"category":0,"actions":["Climb-up"],"coordinates":[[5420,30038]],"size":[1,1,521],"rotations":[0],"colors":[7122329,6396809,8434380,6990537]},{"id":724,"name":"Standing torch","type":11,"category":0,"actions":[],"coordinates":[[5424,29986],[5452,29982]],"size":[1,1,521],"rotations":[0,0],"colors":[7122329,6396809,8434380,6990537]},{"id":18359,"name":"Wall","type":0,"category":0,"actions":["Push"],"coordinates":[[5440,30014]],"size":[1,1,521],"rotations":[0],"colors":[7122329,6396809,8434380,6990537]},{"id":12576,"name":"Stalagmite","type":10,"category":0,"actions":[],"coordinates":[[5444,29970],[5464,29970]],"size":[1,1,521],"rotations":[0,0],"colors":[7122329,6396809,8434380,6990537]},{"id":18412,"name":"Passage","type":0,"category":0,"actions":["Enter"],"coordinates":[[5448,30014]],"size":[1,1,521],"rotations":[0],"colors":[7122329,6396809,8434380,6990537]},{"id":18416,"name":"Shortcut","type":10,"category":0,"actions":["Climb-through"],"coordinates":[[5486,30046]],"size":[2,1,521],"rotations":[0],"colors":[7122329,6396809,8434380,6990537]},{"id":18343,"name":"Wall corner","type":10,"category":0,"actions":[],"coordinates":[[5554,30168],[5554,30136],[5578,30168],[5578,30136]],"size":[2,2,521],"rotations":[0,0,0,0],"colors":[7122329,6396809,8434380,6990537]},{"id":18413,"name":"Imposing Doors","type":10,"category":0,"actions":["Open"],"coordinates":[[5562,30058]],"size":[6,1,521],"rotations":[2],"colors":[7122329,6396809,8434380,6990537]},{"id":18263,"name":"Statue","type":10,"category":0,"actions":[],"coordinates":[[5552,30050],[5572,30050]],"size":[1,1,521],"rotations":[0,0],"colors":[7122329,6396809,8434380,6990537]}]