[{"id":47866,"name":"Drain","type":10,"category":0,"actions":[],"coordinates":[[5500,25098]],"size":[3,3,521],"rotations":[0],"colors":[7122329,6396809,8434380,6990537]},{"id":47914,"name":"Gate","type":11,"category":0,"actions":[],"coordinates":[[5530,25192]],"size":[4,4,521],"rotations":[0],"colors":[7122329,6396809,8434380,6990537]},{"id":47945,"name":"Lamp","type":10,"category":0,"actions":[],"coordinates":[[5530,25176],[5546,25192]],"size":[2,2,521],"rotations":[0,0],"colors":[7122329,6396809,8434380,6990537]},{"id":47915,"name":"Crate","type":10,"category":0,"actions":[],"coordinates":[[5528,25134],[5544,25142],[5556,25110],[5580,25182],[5580,25162]],"size":[1,1,521],"rotations":[0,0,0,0,0],"colors":[7122329,6396809,8434380,6990537]},{"id":47744,"name":"Brazier","type":10,"category":0,"actions":[],"coordinates":[[5532,25182],[5532,25166],[5532,25158],[5540,25190],[5556,25190],[5564,25190]],"size":[1,1,521],"rotations":[0,0,0,0,0,0],"colors":[7122329,6396809,8434380,6990537]},{"id":47918,"name":"Bench","type":10,"category":0,"actions":[],"coordinates":[[5558,25150],[5572,25164]],"size":[2,1,521],"rotations":[2,3],"colors":[7122329,6396809,8434380,6990537]},{"id":48308,"name":"Chest","type":10,"category":0,"actions":[],"coordinates":[[5594,25206]],"size":[2,1,521],"rotations":[2],"colors":[7122329,6396809,8434380,6990537]}]