[{"id":11041,"name":"Ladder","type":10,"category":0,"actions":["Climb-up"],"coordinates":[[8476,13206],[8508,13086],[8576,13194],[8644,13286],[8668,13114]],"size":[1,1,521],"rotations":[0,0,0,0,0],"colors":[7122329,6396809,8434380,6990537]},{"id":11068,"name":"Door","type":0,"category":0,"actions":["Open"],"coordinates":[[8476,13094]],"size":[1,1,521],"rotations":[0],"colors":[7122329,6396809,8434380,6990537]},{"id":11063,"name":"Pedestal","type":10,"category":0,"actions":["Take-sigil"],"coordinates":[[8480,13210]],"size":[1,1,521],"rotations":[0],"colors":[7122329,6396809,8434380,6990537]},{"id":11064,"name":"Door","type":0,"category":0,"actions":["Open"],"coordinates":[[8488,13282]],"size":[1,1,521],"rotations":[0],"colors":[7122329,6396809,8434380,6990537]},{"id":11053,"name":"Door","type":0,"category":0,"actions":["Open"],"coordinates":[[8548,13182]],"size":[1,1,521],"rotations":[0],"colors":[7122329,6396809,8434380,6990537]},{"id":11060,"name":"Pedestal","type":10,"category":0,"actions":["Take-sigil"],"coordinates":[[8548,13086]],"size":[1,1,521],"rotations":[0],"colors":[7122329,6396809,8434380,6990537]},{"id":11051,"name":"Door","type":0,"category":0,"actions":["Open"],"coordinates":[[8576,13210]],"size":[1,1,521],"rotations":[0],"colors":[7122329,6396809,8434380,6990537]},{"id":11055,"name":"Door","type":0,"category":0,"actions":["Open"],"coordinates":[[8576,13154]],"size":[1,1,521],"rotations":[0],"colors":[7122329,6396809,8434380,6990537]},{"id":11062,"name":"Pedestal","type":10,"category":0,"actions":["Take-sigil"],"coordinates":[[8604,13278]],"size":[1,1,521],"rotations":[0],"colors":[7122329,6396809,8434380,6990537]},{"id":11057,"name":"Door","type":0,"category":0,"actions":["Open"],"coordinates":[[8604,13182]],"size":[1,1,521],"rotations":[0],"colors":[7122329,6396809,8434380,6990537]},{"id":11066,"name":"Door","type":0,"category":0,"actions":["Open"],"coordinates":[[8664,13082]],"size":[1,1,521],"rotations":[0],"colors":[7122329,6396809,8434380,6990537]},{"id":11061,"name":"Pedestal","type":10,"category":0,"actions":["Take-sigil"],"coordinates":[[8672,13154]],"size":[1,1,521],"rotations":[0],"colors":[7122329,6396809,8434380,6990537]},{"id":11070,"name":"Door","type":0,"category":0,"actions":["Open"],"coordinates":[[8676,13270]],"size":[1,1,521],"rotations":[0],"colors":[7122329,6396809,8434380,6990537]},{"id":10986,"name":"Fallen statue","type":10,"category":0,"actions":[],"coordinates":[[8676,13130]],"size":[1,1,521],"rotations":[0],"colors":[7122329,6396809,8434380,6990537]}]