[{"id":27095,"name":"Clan Cup portal","type":10,"category":0,"actions":["Use"],"coordinates":[[8788,11162]],"size":[1,1,521],"rotations":[0],"colors":[7122329,6396809,8434380,6990537]},{"id":202,"name":"Candles","type":10,"category":0,"actions":[],"coordinates":[[8908,11158],[8908,11134],[8920,11134],[8920,11130],[8932,11134],[8932,11130],[8944,11158],[8944,11134]],"size":[1,1,521],"rotations":[0,0,0,0,0,0,0,0],"colors":[7122329,6396809,8434380,6990537]},{"id":5108,"name":"Closed chest","type":10,"category":0,"actions":["Open"],"coordinates":[[8908,11154],[8908,11150],[8908,11146],[8920,11158],[8932,11158],[8940,11158],[8944,11154],[8944,11150]],"size":[1,1,521],"rotations":[0,0,0,0,0,0,0,0],"colors":[7122329,6396809,8434380,6990537]},{"id":5107,"name":"Crate","type":10,"category":0,"actions":["Search"],"coordinates":[[8908,11130],[8940,11130],[8944,11126]],"size":[1,1,521],"rotations":[0,0,0],"colors":[7122329,6396809,8434380,6990537]},{"id":3026,"name":"Shelves","type":10,"category":0,"actions":[],"coordinates":[[8908,11126],[8908,11110]],"size":[1,1,521],"rotations":[0,0],"colors":[7122329,6396809,8434380,6990537]},{"id":3028,"name":"Shelves","type":10,"category":0,"actions":[],"coordinates":[[8908,11118]],"size":[1,1,521],"rotations":[0],"colors":[7122329,6396809,8434380,6990537]},{"id":3027,"name":"Shelves","type":10,"category":0,"actions":[],"coordinates":[[8908,11114]],"size":[1,1,521],"rotations":[0],"colors":[7122329,6396809,8434380,6990537]},{"id":11805,"name":"Staircase","type":10,"category":638,"actions":["Climb-up"],"coordinates":[[8912,11096]],"size":[2,3,521],"rotations":[3],"colors":[7122329,6396809,8434380,6990537]},{"id":5109,"name":"Open chest","type":10,"category":0,"actions":["Search","Shut"],"coordinates":[[8912,11158],[8916,11158],[8936,11158]],"size":[1,1,521],"rotations":[0,0,0],"colors":[7122329,6396809,8434380,6990537]},{"id":2094,"name":"Bank table","type":10,"category":0,"actions":[],"coordinates":[[8912,11120],[8930,11110]],"size":[2,1,521],"rotations":[3,2],"colors":[7122329,6396809,8434380,6990537]},{"id":7433,"name":"Oak chair","type":10,"category":0,"actions":[],"coordinates":[[8916,11122],[8928,11106],[8932,11114],[8932,11106],[8944,11110]],"size":[1,1,521],"rotations":[0,0,0,0,0],"colors":[7122329,6396809,8434380,6990537]},{"id":7182,"name":"Chair","type":10,"category":0,"actions":[],"coordinates":[[8916,11118],[8928,11114]],"size":[1,1,521],"rotations":[0,0],"colors":[7122329,6396809,8434380,6990537]},{"id":7169,"name":"Table","type":10,"category":155,"actions":[],"coordinates":[[8924,11158],[8924,11150],[8928,11146],[8944,11142]],"size":[1,1,521],"rotations":[0,0,0,0],"colors":[7122329,6396809,8434380,6990537]},{"id":12115,"name":"Sacks","type":10,"category":0,"actions":[],"coordinates":[[8928,11158],[8928,11154],[8944,11138]],"size":[1,1,521],"rotations":[0,0,0],"colors":[7122329,6396809,8434380,6990537]},{"id":5083,"name":"Painting","type":4,"category":0,"actions":[],"coordinates":[[8932,11094]],"size":[1,1,521],"rotations":[0],"colors":[7122329,6396809,8434380,6990537]},{"id":5106,"name":"Crate","type":10,"category":209,"actions":["Search"],"coordinates":[[8936,11130]],"size":[1,1,521],"rotations":[0],"colors":[7122329,6396809,8434380,6990537]},{"id":5113,"name":"Crate","type":10,"category":209,"actions":["Search"],"coordinates":[[8944,11130]],"size":[1,1,521],"rotations":[0],"colors":[7122329,6396809,8434380,6990537]},{"id":5110,"name":"Crate","type":10,"category":209,"actions":["Search"],"coordinates":[[8944,11122]],"size":[1,1,521],"rotations":[0],"colors":[7122329,6396809,8434380,6990537]},{"id":5122,"name":"Barrel","type":10,"category":0,"actions":[],"coordinates":[[8944,11106]],"size":[1,1,521],"rotations":[0],"colors":[7122329,6396809,8434380,6990537]},{"id":5123,"name":"Barrel","type":10,"category":0,"actions":[],"coordinates":[[8944,11102]],"size":[1,1,521],"rotations":[0],"colors":[7122329,6396809,8434380,6990537]}]