[{"id":11367,"name":"Coal rocks","type":10,"category":200,"actions":["Mine"],"coordinates":[[12544,-38422],[12552,-38422]],"size":[1,1,521],"rotations":[0,0],"colors":[7122329,6396809,8434380,6990537]},{"id":724,"name":"Standing torch","type":10,"category":0,"actions":[],"coordinates":[[12544,-38438],[12544,-38454],[12556,-38434],[12560,-38450],[12568,-38466],[12572,-38434],[12740,-38490],[12740,-38522],[12748,-38498],[12748,-38514]],"size":[1,1,521],"rotations":[0,0,0,0,0,0,0,0,0,0],"colors":[7122329,6396809,8434380,6990537]},{"id":11368,"name":"Silver rocks","type":10,"category":285,"actions":["Mine"],"coordinates":[[12548,-38446]],"size":[1,1,521],"rotations":[0],"colors":[7122329,6396809,8434380,6990537]},{"id":11369,"name":"Silver rocks","type":10,"category":285,"actions":["Mine"],"coordinates":[[12548,-38470],[12552,-38466]],"size":[1,1,521],"rotations":[0,0],"colors":[7122329,6396809,8434380,6990537]},{"id":11374,"name":"Adamantite rocks","type":11,"category":197,"actions":["Mine"],"coordinates":[[12552,-38442],[12560,-38446]],"size":[1,1,521],"rotations":[0,0],"colors":[7122329,6396809,8434380,6990537]},{"id":11366,"name":"Coal rocks","type":10,"category":200,"actions":["Mine"],"coordinates":[[12556,-38422]],"size":[1,1,521],"rotations":[0],"colors":[7122329,6396809,8434380,6990537]},{"id":11364,"name":"Iron rocks","type":10,"category":218,"actions":["Mine"],"coordinates":[[12556,-38450],[12564,-38438],[12572,-38454]],"size":[1,1,521],"rotations":[0,0,0],"colors":[7122329,6396809,8434380,6990537]},{"id":702,"name":"Large bone","type":11,"category":0,"actions":[],"coordinates":[[12556,-38470],[12572,-38470]],"size":[1,1,521],"rotations":[0,0],"colors":[7122329,6396809,8434380,6990537]},{"id":700,"name":"Curved bone","type":10,"category":0,"actions":[],"coordinates":[[12560,-38470],[12568,-38462],[12572,-38466]],"size":[1,1,521],"rotations":[0,0,0],"colors":[7122329,6396809,8434380,6990537]},{"id":11361,"name":"Tin rocks","type":10,"category":198,"actions":["Mine"],"coordinates":[[12564,-38422]],"size":[1,1,521],"rotations":[0],"colors":[7122329,6396809,8434380,6990537]},{"id":11161,"name":"Copper rocks","type":11,"category":196,"actions":["Mine"],"coordinates":[[12564,-38470],[12572,-38458]],"size":[1,1,521],"rotations":[0,0],"colors":[7122329,6396809,8434380,6990537]},{"id":1569,"name":"Gate","type":0,"category":0,"actions":["Open"],"coordinates":[[12580,-38430]],"size":[1,1,521],"rotations":[0],"colors":[7122329,6396809,8434380,6990537]},{"id":1568,"name":"Gate","type":0,"category":0,"actions":["Open"],"coordinates":[[12580,-38434]],"size":[1,1,521],"rotations":[0],"colors":[7122329,6396809,8434380,6990537]},{"id":909,"name":"Plaque","type":4,"category":0,"actions":[],"coordinates":[[12584,-38426]],"size":[1,1,521],"rotations":[0],"colors":[7122329,6396809,8434380,6990537]},{"id":16511,"name":"Obstacle pipe","type":10,"category":0,"actions":["Squeeze-through"],"coordinates":[[12602,-38574],[12614,-38574]],"size":[2,1,521],"rotations":[2,0],"colors":[7122329,6396809,8434380,6990537]},{"id":660,"name":"Corpse","type":10,"category":0,"actions":[],"coordinates":[[12612,-38566],[12620,-38582]],"size":[1,1,521],"rotations":[0,0],"colors":[7122329,6396809,8434380,6990537]},{"id":11182,"name":"Mossy rock","type":10,"category":0,"actions":[],"coordinates":[[12626,-38556],[12654,-38560],[12654,-38572],[12662,-38528]],"size":[2,2,521],"rotations":[0,0,0,0],"colors":[7122329,6396809,8434380,6990537]},{"id":11183,"name":"Mossy rock","type":10,"category":0,"actions":[],"coordinates":[[12624,-38570],[12636,-38574],[12652,-38566],[12656,-38506],[12664,-38470]],"size":[1,1,521],"rotations":[0,0,0,0,0],"colors":[7122329,6396809,8434380,6990537]},{"id":1286,"name":"Dead tree","type":10,"category":189,"actions":["Chop down"],"coordinates":[[12644,-38554]],"size":[1,1,521],"rotations":[0],"colors":[7122329,6396809,8434380,6990537]},{"id":692,"name":"Cauldron","type":10,"category":0,"actions":[],"coordinates":[[12644,-38570]],"size":[1,1,521],"rotations":[0],"colors":[7122329,6396809,8434380,6990537]},{"id":1325,"name":"Roots","type":10,"category":0,"actions":[],"coordinates":[[12648,-38462],[12660,-38454],[12664,-38462],[12680,-38550],[12684,-38490],[12684,-38542],[12688,-38474],[12704,-38470],[12716,-38466],[12716,-38478]],"size":[1,1,521],"rotations":[0,0,0,0,0,0,0,0,0,0],"colors":[7122329,6396809,8434380,6990537]},{"id":1365,"name":"Dead tree","type":10,"category":189,"actions":["Chop down"],"coordinates":[[12648,-38566]],"size":[1,1,521],"rotations":[0],"colors":[7122329,6396809,8434380,6990537]},{"id":859,"name":"Standard","type":10,"category":0,"actions":[],"coordinates":[[12652,-38510],[12652,-38530]],"size":[1,1,521],"rotations":[0,0],"colors":[7122329,6396809,8434380,6990537]},{"id":1324,"name":"Roots","type":10,"category":0,"actions":[],"coordinates":[[12660,-38478],[12668,-38494],[12676,-38542],[12692,-38482],[12720,-38470],[12728,-38534],[12736,-38526]],"size":[1,1,521],"rotations":[0,0,0,0,0,0,0],"colors":[7122329,6396809,8434380,6990537]},{"id":1167,"name":"Mushroom","type":10,"category":0,"actions":[],"coordinates":[[12660,-38498],[12684,-38522],[12708,-38494],[12724,-38490]],"size":[1,1,521],"rotations":[0,0,0,0],"colors":[7122329,6396809,8434380,6990537]},{"id":668,"name":"Pile of skulls","type":10,"category":0,"actions":[],"coordinates":[[12660,-38566],[12712,-38462],[12724,-38474]],"size":[1,1,521],"rotations":[0,0,0],"colors":[7122329,6396809,8434380,6990537]},{"id":1168,"name":"Mushrooms","type":10,"category":0,"actions":[],"coordinates":[[12664,-38494],[12680,-38526],[12712,-38490]],"size":[1,1,521],"rotations":[0,0,0],"colors":[7122329,6396809,8434380,6990537]},{"id":11425,"name":"Mossy rock","type":10,"category":0,"actions":[],"coordinates":[[12672,-38510]],"size":[1,1,521],"rotations":[0],"colors":[7122329,6396809,8434380,6990537]},{"id":1323,"name":"Roots","type":10,"category":0,"actions":[],"coordinates":[[12680,-38478]],"size":[1,1,521],"rotations":[0],"colors":[7122329,6396809,8434380,6990537]},{"id":872,"name":"Large sewer pipe","type":10,"category":0,"actions":[],"coordinates":[[12684,-38554],[12708,-38554]],"size":[1,1,521],"rotations":[0,0],"colors":[7122329,6396809,8434380,6990537]},{"id":32534,"name":"Gate","type":0,"category":0,"actions":["Open","Check-Count"],"coordinates":[[12696,-38554]],"size":[1,1,521],"rotations":[0],"colors":[7122329,6396809,8434380,6990537]}]