[{"id":40387,"name":"Blocked opening","type":10,"category":0,"actions":[],"coordinates":[[12778,-39174]],"size":[3,2,521],"rotations":[3],"colors":[7122329,6396809,8434380,6990537]},{"id":43867,"name":"Rubble","type":10,"category":0,"actions":[],"coordinates":[[12782,-39174]],"size":[3,2,521],"rotations":[3],"colors":[7122329,6396809,8434380,6990537]},{"id":14556,"name":"Stone Pile","type":11,"category":0,"actions":[],"coordinates":[[12788,-39170]],"size":[1,1,521],"rotations":[0],"colors":[7122329,6396809,8434380,6990537]}]