[{"id":59786,"name":"Buoy","type":11,"category":2339,"actions":["Dock"],"coordinates":[[12674,40972]],"size":[2,2,523],"rotations":[0],"colors":[7122329,6396809,8434380,6990537]},{"id":59832,"name":"Gangplank","type":22,"category":0,"actions":["Board","Board-previous","Board-friend"],"coordinates":[[12696,40962]],"size":[1,1,523],"rotations":[0],"colors":[7122329,6396809,8434380,6990537]},{"id":59928,"name":"Ship's wheel","type":10,"category":0,"actions":[],"coordinates":[[12732,40974]],"size":[1,1,523],"rotations":[0],"colors":[7122329,6396809,8434380,6990537]},{"id":59911,"name":"Hoisted sail","type":10,"category":0,"actions":[],"coordinates":[[12740,40974]],"size":[1,1,523],"rotations":[0],"colors":[7122329,6396809,8434380,6990537]},{"id":60525,"name":"Gangplank","type":10,"category":0,"actions":["Cross"],"coordinates":[[12748,40966]],"size":[1,1,523],"rotations":[0],"colors":[7122329,6396809,8434380,6990537]},{"id":60524,"name":"Gangplank","type":10,"category":0,"actions":["Cross"],"coordinates":[[12748,40962]],"size":[1,1,523],"rotations":[0],"colors":[7122329,6396809,8434380,6990537]},{"id":59905,"name":"Figurehead","type":10,"category":0,"actions":[],"coordinates":[[12760,40974]],"size":[1,1,523],"rotations":[0],"colors":[7122329,6396809,8434380,6990537]},{"id":59910,"name":"Hoisted sail","type":10,"category":0,"actions":[],"coordinates":[[12774,40974]],"size":[8,1,523],"rotations":[2],"colors":[7122329,6396809,8434380,6990537]}]