[{"id":1394,"name":"Plant","type":10,"category":0,"actions":[],"coordinates":[[8706,38008],[8706,37932],[8714,37992],[8714,37928],[8718,38004],[8722,37948]],"size":[2,2,521],"rotations":[0,0,0,0,0,0],"colors":[7122329,6396809,8434380,6990537]},{"id":1088,"name":"Chair","type":10,"category":0,"actions":[],"coordinates":[[8708,38110],[8712,38106]],"size":[1,1,521],"rotations":[0,0],"colors":[7122329,6396809,8434380,6990537]},{"id":908,"name":"Magical symbol","type":7,"category":0,"actions":[],"coordinates":[[8708,38102],[8708,38066],[8728,38102],[8728,38066]],"size":[1,1,521],"rotations":[0,0,0,0],"colors":[7122329,6396809,8434380,6990537]},{"id":1165,"name":"Mushroom","type":10,"category":0,"actions":[],"coordinates":[[8708,38038],[8708,38022]],"size":[1,1,521],"rotations":[0,0],"colors":[7122329,6396809,8434380,6990537]},{"id":1166,"name":"Mushrooms","type":10,"category":0,"actions":[],"coordinates":[[8708,38026],[8712,38022],[8716,38034]],"size":[1,1,521],"rotations":[0,0,0],"colors":[7122329,6396809,8434380,6990537]},{"id":9734,"name":"Oak tree","type":10,"category":0,"actions":["Chop down"],"coordinates":[[8712,37914],[8732,37994],[8732,37978],[8736,38122],[8744,38054],[8744,38002],[8744,37990],[8752,38066],[8752,38018],[8800,38118],[8804,38090]],"size":[3,3,521],"rotations":[0,0,0,0,0,0,0,0,0,0,0],"colors":[7122329,6396809,8434380,6990537]},{"id":604,"name":"Table","type":10,"category":154,"actions":[],"coordinates":[[8712,38122]],"size":[1,1,521],"rotations":[0],"colors":[7122329,6396809,8434380,6990537]},{"id":304,"name":"Hay bale","type":10,"category":0,"actions":["Search"],"coordinates":[[8712,38046],[8716,38046]],"size":[1,1,521],"rotations":[0,0],"colors":[7122329,6396809,8434380,6990537]},{"id":16683,"name":"Ladder","type":10,"category":0,"actions":["Climb-up"],"coordinates":[[8716,38118]],"size":[1,1,521],"rotations":[0],"colors":[7122329,6396809,8434380,6990537]},{"id":1535,"name":"Door","type":0,"category":0,"actions":["Open"],"coordinates":[[8716,38106]],"size":[1,1,521],"rotations":[0],"colors":[7122329,6396809,8434380,6990537]},{"id":907,"name":"Charms","type":6,"category":0,"actions":[],"coordinates":[[8716,38094],[8716,38074]],"size":[1,1,521],"rotations":[0,0],"colors":[7122329,6396809,8434380,6990537]},{"id":683,"name":"Grandfather Clock","type":10,"category":0,"actions":[],"coordinates":[[8720,38106]],"size":[1,1,521],"rotations":[0],"colors":[7122329,6396809,8434380,6990537]},{"id":9730,"name":"Tree","type":11,"category":0,"actions":["Chop down"],"coordinates":[[8722,37924],[8746,38120],[8754,38124]],"size":[2,2,521],"rotations":[0,0,0],"colors":[7122329,6396809,8434380,6990537]},{"id":1102,"name":"Stool","type":10,"category":0,"actions":[],"coordinates":[[8724,38110]],"size":[1,1,521],"rotations":[0],"colors":[7122329,6396809,8434380,6990537]},{"id":595,"name":"Table","type":10,"category":156,"actions":[],"coordinates":[[8728,38084]],"size":[2,1,521],"rotations":[3],"colors":[7122329,6396809,8434380,6990537]},{"id":904,"name":"Dragon's head","type":4,"category":0,"actions":[],"coordinates":[[8732,38094],[8732,38074]],"size":[1,1,521],"rotations":[0,0],"colors":[7122329,6396809,8434380,6990537]},{"id":724,"name":"Standing torch","type":10,"category":0,"actions":[],"coordinates":[[8732,38090],[8732,38078]],"size":[1,1,521],"rotations":[0,0],"colors":[7122329,6396809,8434380,6990537]},{"id":1020,"name":"Shelf","type":4,"category":0,"actions":[],"coordinates":[[8732,38086]],"size":[1,1,521],"rotations":[0],"colors":[7122329,6396809,8434380,6990537]},{"id":1019,"name":"Shelf","type":4,"category":0,"actions":[],"coordinates":[[8732,38082]],"size":[1,1,521],"rotations":[0],"colors":[7122329,6396809,8434380,6990537]},{"id":9733,"name":"Tree","type":10,"category":0,"actions":["Chop down"],"coordinates":[[8774,38116],[8778,38124],[8794,38036],[8798,37972],[8802,37980]],"size":[2,2,521],"rotations":[0,0,0,0,0],"colors":[7122329,6396809,8434380,6990537]}]