[{"id":1383,"name":"Dead tree","type":10,"category":189,"actions":["Chop down"],"coordinates":[[8704,37146],[8728,37122]],"size":[1,1,295],"rotations":[0,0],"colors":[2969177]},{"id":1286,"name":"Dead tree","type":10,"category":189,"actions":["Chop down"],"coordinates":[[8704,37122],[8708,37166],[8720,37166],[8728,37142],[8732,37158],[8748,37122]],"size":[1,1,289],"rotations":[0,0,0,0,0,0],"colors":[1068652,1071989]},{"id":307,"name":"Cart","type":10,"category":0,"actions":[],"coordinates":[[8714,37294]],"size":[2,3,188],"rotations":[2],"colors":[3766153,5997972,8158597]},{"id":1394,"name":"Plant","type":10,"category":0,"actions":[],"coordinates":[[8714,37256],[8750,37256],[8762,37260],[8866,37304],[8878,37300],[8910,37216]],"size":[2,2,142],"rotations":[0,0,0,0,0,0],"colors":[9145493,11185077,10000803]},{"id":1278,"name":"Tree","type":10,"category":189,"actions":["Chop down"],"coordinates":[[8714,37152],[8734,37132],[8738,37144],[8746,37332],[8746,37132],[8786,37372],[8794,37364],[8802,37372],[8854,37312],[8854,37300],[8854,37152],[8882,37312],[8886,37128],[8898,37160],[8930,37168],[8950,37128]],"size":[2,2,372],"rotations":[0,0,0,0,0,0,0,0,0,0,0,0,0,0,0,0],"colors":[4419840,4017253]},{"id":10820,"name":"Oak tree","type":10,"category":279,"actions":["Chop down"],"coordinates":[[8716,37122],[8924,37218],[8928,37126],[8952,37138]],"size":[3,3,435],"rotations":[0,0,0,0],"colors":[4017253,4419840]},{"id":296,"name":"Plough","type":10,"category":0,"actions":[],"coordinates":[[8718,37350],[8760,37268]],"size":[3,2,118],"rotations":[1,2],"colors":[1472140,8684685]},{"id":298,"name":"Hay bales","type":10,"category":0,"actions":["Search"],"coordinates":[[8716,37228],[8756,37228]],"size":[2,1,192],"rotations":[1,3],"colors":[8216832]},{"id":299,"name":"Hay bales","type":10,"category":0,"actions":["Search"],"coordinates":[[8716,37216],[8724,37228],[8730,37214],[8744,37212]],"size":[2,1,128],"rotations":[1,1,0,3],"colors":[1065845,8216832,16711422]},{"id":1276,"name":"Tree","type":10,"category":189,"actions":["Chop down"],"coordinates":[[8718,37140],[8734,37124],[8806,37136],[8818,37320],[8818,37308],[8826,37296],[8870,37316],[8906,37260],[8926,37148]],"size":[2,2,290],"rotations":[0,0,0,0,0,0,0,0,0],"colors":[4017253,4419840]},{"id":16683,"name":"Ladder","type":10,"category":0,"actions":["Climb-up"],"coordinates":[[8720,37210]],"size":[1,1,264],"rotations":[0],"colors":[4290715,2130612,4936448,16711422]},{"id":1358,"name":"Tree stump","type":10,"category":0,"actions":[],"coordinates":[[8728,37166],[8744,37154]],"size":[1,1,38],"rotations":[0,0],"colors":[2969177,6507520]},{"id":297,"name":"Scarecrow","type":11,"category":0,"actions":[],"coordinates":[[8732,37290],[8768,37334]],"size":[1,1,200],"rotations":[0,0],"colors":[4028048,5744534,8439244,65536,4702689,5145783]},{"id":1558,"name":"Gate","type":0,"category":0,"actions":["Open"],"coordinates":[[8740,37266],[8812,37270],[8884,37274],[8952,37302]],"size":[1,1,144],"rotations":[0,0,0,0],"colors":[1798298,1798298,1798298]},{"id":1560,"name":"Gate","type":0,"category":0,"actions":["Open"],"coordinates":[[8744,37266],[8808,37270],[8880,37274],[8948,37302]],"size":[1,1,144],"rotations":[0,0,0,0],"colors":[1798298,1798298,1798298]},{"id":304,"name":"Hay bale","type":10,"category":0,"actions":["Search"],"coordinates":[[8748,37214],[8748,37206],[8756,37210],[8836,37262]],"size":[1,1,64],"rotations":[0,0,0,0],"colors":[1065845,8216832,16711422]},{"id":1124,"name":"Bush","type":10,"category":0,"actions":[],"coordinates":[[8756,37166]],"size":[1,1,90],"rotations":[0],"colors":[4419840,4419840]},{"id":1341,"name":"Tree stump","type":10,"category":0,"actions":[],"coordinates":[[8756,37138],[8796,37290]],"size":[1,1,30],"rotations":[0,0],"colors":[4214361,6507520]},{"id":300,"name":"Haystack","type":10,"category":0,"actions":["Search"],"coordinates":[[8766,37220]],"size":[2,2,228],"rotations":[0],"colors":[8216832,1065314,14543080,11133409,16711422]},{"id":5575,"name":"Trough","type":10,"category":0,"actions":[],"coordinates":[[8776,37148]],"size":[2,1,66],"rotations":[3],"colors":[2583936,3766153,6525088,8216832]},{"id":301,"name":"Food trough","type":10,"category":0,"actions":[],"coordinates":[[8776,37136],[8790,37174]],"size":[2,1,66],"rotations":[1,2],"colors":[2583936,3766153,6525088]},{"id":5577,"name":"Trough","type":10,"category":0,"actions":[],"coordinates":[[8780,37164]],"size":[2,1,66],"rotations":[3],"colors":[2583936,3766153,6525088,8216832]},{"id":1393,"name":"Plant","type":10,"category":0,"actions":[],"coordinates":[[8784,37266],[8816,37254],[8832,37294],[8912,37290],[8928,37370],[8940,37314]],"size":[1,1,133],"rotations":[0,0,0,0,0,0],"colors":[11185077,7039858,10000803,9145493,8684685,8158597]},{"id":1118,"name":"Bush","type":10,"category":0,"actions":[],"coordinates":[[8798,37308]],"size":[2,2,101],"rotations":[0],"colors":[4419840]},{"id":10833,"name":"Willow tree","type":10,"category":286,"actions":["Chop down"],"coordinates":[[8810,37360]],"size":[2,2,305],"rotations":[0],"colors":[13004800,4224149]},{"id":10831,"name":"Willow tree","type":10,"category":286,"actions":["Chop down"],"coordinates":[[8814,37348],[8830,37340]],"size":[2,2,354],"rotations":[0,0],"colors":[4224149,13004800]},{"id":28967,"name":"null","type":10,"category":960,"actions":["Build","Search"],"coordinates":[[8812,37242]],"size":[1,1,0],"rotations":[0],"colors":[]},{"id":5574,"name":"Sack","type":10,"category":220,"actions":[],"coordinates":[[8812,37202],[8816,37210],[8816,37198],[8820,37214],[8836,37198],[8836,37190],[8840,37230],[8840,37194],[8852,37218],[8852,37214],[8876,37218],[8876,37214],[8896,37270],[8896,37226],[8900,37326],[8904,37366],[8908,37350],[8928,37358],[8928,37354]],"size":[1,1,107],"rotations":[0,0,0,0,0,0,0,0,0,0,0,0,0,0,0,0,0,0,0],"colors":[4023671,8216832,6717581,5666697,5140094]},{"id":12964,"name":"Ladder","type":10,"category":0,"actions":["Climb-up"],"coordinates":[[8816,37202]],"size":[1,1,232],"rotations":[0],"colors":[8169673,6724545]},{"id":10819,"name":"Willow tree","type":10,"category":286,"actions":["Chop down"],"coordinates":[[8822,37368],[8870,37332]],"size":[2,2,323],"rotations":[0,0],"colors":[5142142,13004800]},{"id":1521,"name":"Large door","type":0,"category":0,"actions":["Open"],"coordinates":[[8824,37222]],"size":[1,1,240],"rotations":[0],"colors":[7721724,4434900,4424864,4222101,4705505,3640494,3309728,6199733,5338522]},{"id":12962,"name":"Table","type":10,"category":156,"actions":[],"coordinates":[[8826,37190]],"size":[2,1,96],"rotations":[2],"colors":[8034473,6523808,8758968,7639457]},{"id":1524,"name":"Large door","type":0,"category":0,"actions":["Open"],"coordinates":[[8828,37222]],"size":[1,1,240],"rotations":[0],"colors":[7721724,4434900,4424864,4222101,4705505,3640494,3309728,6199733,5338522]},{"id":5615,"name":"Bench","type":10,"category":0,"actions":[],"coordinates":[[8832,37256],[8892,37348],[8892,37336],[8918,37370]],"size":[2,1,120],"rotations":[1,1,1,2],"colors":[2780551,5143957]},{"id":365,"name":"Sacks","type":10,"category":220,"actions":["Search"],"coordinates":[[8836,37234],[8840,37270],[8896,37350],[8908,37346]],"size":[1,1,42],"rotations":[0,0,0,0],"colors":[1806508]},{"id":5598,"name":"Water Barrel","type":10,"category":241,"actions":[],"coordinates":[[8840,37254]],"size":[1,1,138],"rotations":[0],"colors":[14533888,2780551,5143957,10790320,9145493]},{"id":12961,"name":"Crate","type":10,"category":209,"actions":[],"coordinates":[[8840,37206],[8840,37202]],"size":[1,1,82],"rotations":[0,0],"colors":[7440797,4812426,4285821,6390171,5863311,7835813]},{"id":8689,"name":"Dairy cow","type":10,"category":0,"actions":["Milk","Steal-cowbell"],"coordinates":[[8848,37160]],"size":[1,2,150],"rotations":[2],"colors":[7637409,9148584,12041665,2582400,12830667,2969177,16460,4938587,11844559,10463168,9344684,5137773,4020837,11712444,5730424,4013377,13554132,6516344,6780540,10461097,7654364,7126477]},{"id":5573,"name":"Coop","type":10,"category":1469,"actions":["Search"],"coordinates":[[8854,37202]],"size":[2,1,212],"rotations":[0],"colors":[2969177,13254912,5664393,10141136]},{"id":5572,"name":"Coop","type":10,"category":1469,"actions":["Search"],"coordinates":[[8862,37202]],"size":[2,1,212],"rotations":[0],"colors":[2969177,13254912,5664393,10141136,10141136]},{"id":883,"name":"Gate","type":0,"category":0,"actions":["Open"],"coordinates":[[8864,37170]],"size":[1,1,144],"rotations":[0],"colors":[7639457,6717581,5666697,5140094]},{"id":1392,"name":"Plant","type":10,"category":0,"actions":[],"coordinates":[[8870,37292],[8906,37228],[8934,37356],[8934,37336]],"size":[2,2,143],"rotations":[0,0,0,0],"colors":[9145493,8684685,8158597,11185077,10000803]},{"id":23917,"name":"Gate","type":0,"category":0,"actions":["Open"],"coordinates":[[8868,37170]],"size":[1,1,144],"rotations":[0],"colors":[7639457,6717581,5666697,5140094]},{"id":10829,"name":"Willow tree","type":10,"category":286,"actions":["Chop down"],"coordinates":[[8874,37348]],"size":[2,2,354],"rotations":[0],"colors":[4224149,13004800]},{"id":5571,"name":"Coop","type":10,"category":1469,"actions":["Search"],"coordinates":[[8874,37202]],"size":[2,1,212],"rotations":[0],"colors":[2969177,13254912,5664393]},{"id":1334,"name":"Hollow log","type":10,"category":0,"actions":[],"coordinates":[[8884,37366]],"size":[3,1,84],"rotations":[3],"colors":[7904193,8430796]},{"id":10791,"name":"Boulder","type":10,"category":0,"actions":[],"coordinates":[[8890,37184]],"size":[2,2,53],"rotations":[0],"colors":[6178560]},{"id":10790,"name":"Boulder","type":10,"category":0,"actions":[],"coordinates":[[8894,37192]],"size":[2,2,87],"rotations":[0],"colors":[6178560]},{"id":12970,"name":"Bed","type":10,"category":0,"actions":[],"coordinates":[[8898,37342]],"size":[1,2,96],"rotations":[3],"colors":[1795482,2582393,10073017,9149864,6990537]},{"id":12967,"name":"Barrel","type":10,"category":0,"actions":[],"coordinates":[[8896,37330],[8900,37330]],"size":[1,1,99],"rotations":[0,0],"colors":[7635341,6720164,5538466,5142421,2579065,9146517,4026512]},{"id":378,"name":"Open chest","type":10,"category":0,"actions":["Search","Shut"],"coordinates":[[8900,37334]],"size":[1,1,164],"rotations":[0],"colors":[13254912,9145493]},{"id":309,"name":"Log pile","type":10,"category":0,"actions":[],"coordinates":[[8900,37310],[8904,37310]],"size":[1,1,63],"rotations":[0,0],"colors":[4420768,10204093,4434900]},{"id":1391,"name":"Plant","type":10,"category":0,"actions":[],"coordinates":[[8902,37220]],"size":[2,2,97],"rotations":[0],"colors":[9145493,8684685,11185077,10000803]},{"id":12986,"name":"Gate","type":0,"category":0,"actions":["Open"],"coordinates":[[8904,37358],[8912,37314]],"size":[1,1,144],"rotations":[0,0],"colors":[7639457,6717581,5666697,5140094]},{"id":12987,"name":"Gate","type":0,"category":0,"actions":["Open"],"coordinates":[[8904,37354],[8916,37314]],"size":[1,1,144],"rotations":[0,0],"colors":[7639457,6717581,5666697,5140094]},{"id":12973,"name":"Chair","type":10,"category":0,"actions":[],"coordinates":[[8904,37350],[8912,37330]],"size":[1,1,116],"rotations":[0,0],"colors":[5346752]},{"id":12969,"name":"Cooking pot","type":10,"category":152,"actions":[],"coordinates":[[8904,37330]],"size":[1,1,240],"rotations":[0],"colors":[6381927,8674582,1068642,65536,2132927,2337495,2606313,2138559,1793696,5865615,4815242]},{"id":5581,"name":"Logs","type":10,"category":1217,"actions":["Take-axe"],"coordinates":[[8904,37322]],"size":[1,1,99],"rotations":[0],"colors":[4434900,4420768,1781932,11185077,2133684]},{"id":890,"name":"Portrait","type":4,"category":0,"actions":[],"coordinates":[[8908,37346]],"size":[1,1,231],"rotations":[0],"colors":[3006971,13846272]},{"id":12972,"name":"Table","type":10,"category":169,"actions":[],"coordinates":[[8908,37330]],"size":[1,1,85],"rotations":[0],"colors":[5148343,6724545,8169673,6395321]},{"id":12980,"name":"Shelves","type":10,"category":0,"actions":[],"coordinates":[[8912,37350]],"size":[1,1,208],"rotations":[0],"colors":[7116461,2582393]},{"id":12981,"name":"Hat stand","type":10,"category":153,"actions":[],"coordinates":[[8912,37346]],"size":[1,1,212],"rotations":[0],"colors":[1076853]},{"id":13001,"name":"Door","type":0,"category":167,"actions":["Open"],"coordinates":[[8912,37342],[8916,37330]],"size":[1,1,240],"rotations":[0,0],"colors":[3640494,1800346,4020837,6516344,3309728,1469331,3640494,1800346,4020837,6516344,3309728,1469331]},{"id":12974,"name":"Sink","type":10,"category":0,"actions":[],"coordinates":[[8918,37350]],"size":[1,2,199],"rotations":[3],"colors":[8034473,6523808,5666697,13882329,11185077,2579065,14533888,9145493]},{"id":11695,"name":"Dairy churn","type":10,"category":1175,"actions":["Churn"],"coordinates":[[8920,37330]],"size":[1,1,125],"rotations":[0],"colors":[7635341,6720164,5538466,5142421,2579065,9146517,4026512]},{"id":12977,"name":"Crate","type":10,"category":209,"actions":[],"coordinates":[[8924,37330]],"size":[1,1,82],"rotations":[0],"colors":[7440797,4812426,4285821,6390171,5863311,7835813]},{"id":33480,"name":"Pear tree","type":10,"category":0,"actions":[],"coordinates":[[8928,37366],[8928,37362]],"size":[1,1,83],"rotations":[0,0],"colors":[5669001]},{"id":12979,"name":"Rocking chair","type":11,"category":0,"actions":[],"coordinates":[[8928,37350]],"size":[1,1,144],"rotations":[0],"colors":[6990537,2582393,2974350,1071980]},{"id":12971,"name":"Table","type":10,"category":0,"actions":[],"coordinates":[[8928,37344]],"size":[2,1,96],"rotations":[1],"colors":[8034473,6523808,8758968,7639457]},{"id":375,"name":"Closed chest","type":10,"category":0,"actions":["Open"],"coordinates":[[8928,37338]],"size":[1,1,128],"rotations":[0],"colors":[2144441,9145493,13254912]},{"id":891,"name":"Landscape","type":5,"category":0,"actions":[],"coordinates":[[8928,37334]],"size":[1,1,231],"rotations":[0],"colors":[3006971,13846272]},{"id":12978,"name":"Crate","type":10,"category":209,"actions":[],"coordinates":[[8928,37330]],"size":[1,1,161],"rotations":[0],"colors":[7440797,4812426,4285821,6390171,5863311,7835813]},{"id":12982,"name":"Stile","type":10,"category":211,"actions":["Climb-over"],"coordinates":[[8948,37324]],"size":[1,2,136],"rotations":[0],"colors":[6717581,5140094,7639457]}]