[{"id":39549,"name":"Portal","type":10,"category":0,"actions":["Use"],"coordinates":[[12678,-21856]],"size":[2,2,521],"rotations":[0],"colors":[7122329,6396809,8434380,6990537]},{"id":39576,"name":"Chest","type":10,"category":0,"actions":[],"coordinates":[[12680,-21850],[12724,-21846]],"size":[1,1,521],"rotations":[0,0],"colors":[7122329,6396809,8434380,6990537]},{"id":39578,"name":"Chest","type":10,"category":0,"actions":[],"coordinates":[[12688,-21846]],"size":[1,1,521],"rotations":[0],"colors":[7122329,6396809,8434380,6990537]},{"id":39579,"name":"<col=ff9040>Weapons</col>","type":10,"category":0,"actions":[],"coordinates":[[12688,-21866]],"size":[1,1,521],"rotations":[0],"colors":[7122329,6396809,8434380,6990537]},{"id":39581,"name":"Books","type":10,"category":0,"actions":[],"coordinates":[[12692,-21846]],"size":[1,1,521],"rotations":[0],"colors":[7122329,6396809,8434380,6990537]},{"id":39573,"name":"Chair","type":11,"category":0,"actions":[],"coordinates":[[12696,-21870]],"size":[1,1,521],"rotations":[0],"colors":[7122329,6396809,8434380,6990537]},{"id":39572,"name":"Chair","type":10,"category":0,"actions":[],"coordinates":[[12700,-21842],[12704,-21870]],"size":[1,1,521],"rotations":[0,0],"colors":[7122329,6396809,8434380,6990537]},{"id":39571,"name":"<col=ffff00>Muncher</col>","type":10,"category":0,"actions":[],"coordinates":[[12706,-21844]],"size":[2,2,521],"rotations":[0],"colors":[7122329,6396809,8434380,6990537]},{"id":39570,"name":"Desk","type":10,"category":0,"actions":[],"coordinates":[[12710,-21856]],"size":[2,2,521],"rotations":[0],"colors":[7122329,6396809,8434380,6990537]},{"id":39574,"name":"<col=ff9040>Death's scythe</col>","type":10,"category":0,"actions":[],"coordinates":[[12716,-21842]],"size":[1,1,521],"rotations":[0],"colors":[7122329,6396809,8434380,6990537]},{"id":39550,"name":"Death's Coffer","type":10,"category":0,"actions":["Sacrifice"],"coordinates":[[12718,-21868]],"size":[2,2,521],"rotations":[0],"colors":[7122329,6396809,8434380,6990537]},{"id":39580,"name":"Books","type":10,"category":0,"actions":[],"coordinates":[[12720,-21862]],"size":[1,1,521],"rotations":[0],"colors":[7122329,6396809,8434380,6990537]},{"id":39575,"name":"Chest","type":10,"category":0,"actions":[],"coordinates":[[12724,-21866]],"size":[1,1,521],"rotations":[0],"colors":[7122329,6396809,8434380,6990537]}]