[{"id":16268,"name":"Plant","type":10,"category":0,"actions":[],"coordinates":[[12820,-38726],[12836,-38702],[12836,-38714],[12844,-38702],[12852,-38686],[12852,-38690],[12892,-38654],[12916,-38690]],"size":[1,1,521],"rotations":[0,0,0,0,0,0,0,0],"colors":[7122329,6396809,8434380,6990537]},{"id":16267,"name":"Plant","type":10,"category":0,"actions":[],"coordinates":[[12850,-38680]],"size":[2,2,521],"rotations":[0],"colors":[7122329,6396809,8434380,6990537]},{"id":32535,"name":"Rock Pile","type":10,"category":0,"actions":["Clamber","Quick-exit"],"coordinates":[[12850,-38700]],"size":[2,2,521],"rotations":[0],"colors":[7122329,6396809,8434380,6990537]},{"id":32536,"name":"Logs","type":10,"category":1217,"actions":["Take-axe"],"coordinates":[[12912,-38678]],"size":[1,1,521],"rotations":[0],"colors":[7122329,6396809,8434380,6990537]},{"id":56378,"name":"Chest","type":10,"category":0,"actions":["Open"],"coordinates":[[12916,-38686]],"size":[1,1,521],"rotations":[0],"colors":[7122329,6396809,8434380,6990537]}]