[{"id":36617,"name":"Bookcase","type":10,"category":1371,"actions":["Search"],"coordinates":[[12844,-49026],[12844,-49090],[12872,-49094],[12912,-49094],[12984,-49002],[12984,-49110],[12992,-49086],[13012,-49030]],"size":[3,1,521],"rotations":[3,3,0,0,2,0,1,1],"colors":[7122329,6396809,8434380,6990537]},{"id":36652,"name":"Bookcase","type":10,"category":1371,"actions":["Search"],"coordinates":[[12850,-49038],[12976,-49100]],"size":[2,1,521],"rotations":[0,3],"colors":[7122329,6396809,8434380,6990537]},{"id":36647,"name":"Bookcase","type":10,"category":1371,"actions":["Search"],"coordinates":[[12850,-49078],[12864,-49072],[12874,-49022],[12942,-49094],[13012,-49012]],"size":[2,1,521],"rotations":[2,3,2,0,1],"colors":[7122329,6396809,8434380,6990537]},{"id":36670,"name":"Bust","type":10,"category":0,"actions":[],"coordinates":[[12852,-49094]],"size":[1,1,521],"rotations":[0],"colors":[7122329,6396809,8434380,6990537]},{"id":36666,"name":"Bust","type":10,"category":0,"actions":[],"coordinates":[[12856,-49022]],"size":[1,1,521],"rotations":[0],"colors":[7122329,6396809,8434380,6990537]},{"id":36653,"name":"Bookcase","type":10,"category":1371,"actions":["Search"],"coordinates":[[12858,-49038]],"size":[2,1,521],"rotations":[0],"colors":[7122329,6396809,8434380,6990537]},{"id":36645,"name":"Bookcase","type":10,"category":1371,"actions":["Search"],"coordinates":[[12858,-49078]],"size":[2,1,521],"rotations":[2],"colors":[7122329,6396809,8434380,6990537]},{"id":36616,"name":"Bookcase","type":10,"category":1371,"actions":["Search"],"coordinates":[[12864,-49044],[12882,-49022],[12976,-49008],[13012,-49020]],"size":[2,1,521],"rotations":[3,2,3,1],"colors":[7122329,6396809,8434380,6990537]},{"id":36624,"name":"Bookcase","type":10,"category":1371,"actions":["Search"],"coordinates":[[12864,-49052]],"size":[2,1,521],"rotations":[3],"colors":[7122329,6396809,8434380,6990537]},{"id":36634,"name":"Bookcase","type":10,"category":1371,"actions":["Search"],"coordinates":[[12864,-49064],[12950,-49094],[12962,-49022]],"size":[2,1,521],"rotations":[3,0,2],"colors":[7122329,6396809,8434380,6990537]},{"id":36663,"name":"Book Cart","type":10,"category":0,"actions":[],"coordinates":[[12868,-49060],[13008,-49016]],"size":[2,1,521],"rotations":[3,1],"colors":[7122329,6396809,8434380,6990537]},{"id":36660,"name":"Books","type":10,"category":0,"actions":[],"coordinates":[[12880,-49090],[12884,-49034],[12896,-49046],[12916,-49034],[12940,-49082],[12944,-49062],[12960,-49090],[12972,-49062]],"size":[1,1,521],"rotations":[0,0,0,0,0,0,0,0],"colors":[7122329,6396809,8434380,6990537]},{"id":36661,"name":"Books","type":10,"category":0,"actions":[],"coordinates":[[12884,-49090],[12920,-49034],[12988,-49054]],"size":[1,1,521],"rotations":[0,0,0],"colors":[7122329,6396809,8434380,6990537]},{"id":36667,"name":"Bust","type":10,"category":0,"actions":[],"coordinates":[[12892,-49094]],"size":[1,1,521],"rotations":[0],"colors":[7122329,6396809,8434380,6990537]},{"id":36665,"name":"Book Cart","type":10,"category":0,"actions":[],"coordinates":[[12896,-49052],[12970,-49090]],"size":[2,1,521],"rotations":[3,0],"colors":[7122329,6396809,8434380,6990537]},{"id":36669,"name":"Bust","type":10,"category":0,"actions":[],"coordinates":[[12900,-49022]],"size":[1,1,521],"rotations":[0],"colors":[7122329,6396809,8434380,6990537]},{"id":36662,"name":"Books","type":10,"category":0,"actions":[],"coordinates":[[12908,-49034],[12952,-49090]],"size":[1,1,521],"rotations":[0,0],"colors":[7122329,6396809,8434380,6990537]},{"id":36629,"name":"Bookcase","type":10,"category":1371,"actions":["Search"],"coordinates":[[12918,-49022],[12976,-49016]],"size":[2,1,521],"rotations":[2,3],"colors":[7122329,6396809,8434380,6990537]},{"id":36648,"name":"Bookcase","type":10,"category":1371,"actions":["Search"],"coordinates":[[12926,-49022]],"size":[2,1,521],"rotations":[2],"colors":[7122329,6396809,8434380,6990537]},{"id":36615,"name":"Teleport Platform","type":10,"category":0,"actions":["Travel"],"coordinates":[[12928,-49104]],"size":[2,3,521],"rotations":[3],"colors":[7122329,6396809,8434380,6990537]},{"id":36664,"name":"Book Cart","type":10,"category":0,"actions":[],"coordinates":[[12934,-49062],[12962,-49026]],"size":[2,1,521],"rotations":[2,2],"colors":[7122329,6396809,8434380,6990537]},{"id":36671,"name":"Bust","type":10,"category":0,"actions":[],"coordinates":[[12944,-49022]],"size":[1,1,521],"rotations":[0],"colors":[7122329,6396809,8434380,6990537]},{"id":36640,"name":"Bookcase","type":10,"category":1371,"actions":["Search"],"coordinates":[[12962,-49094]],"size":[2,1,521],"rotations":[0],"colors":[7122329,6396809,8434380,6990537]},{"id":36651,"name":"Bookcase","type":10,"category":1371,"actions":["Search"],"coordinates":[[12970,-49022]],"size":[2,1,521],"rotations":[2],"colors":[7122329,6396809,8434380,6990537]},{"id":36631,"name":"Bookcase","type":10,"category":1371,"actions":["Search"],"coordinates":[[12970,-49094],[12992,-49100],[13006,-49038]],"size":[2,1,521],"rotations":[0,1,0],"colors":[7122329,6396809,8434380,6990537]},{"id":36632,"name":"Bookcase","type":10,"category":1371,"actions":["Search"],"coordinates":[[12992,-49044],[12998,-49002]],"size":[2,1,521],"rotations":[1,2],"colors":[7122329,6396809,8434380,6990537]},{"id":36639,"name":"Bookcase","type":10,"category":1371,"actions":["Search"],"coordinates":[[12992,-49052],[13006,-49002]],"size":[2,1,521],"rotations":[1,2],"colors":[7122329,6396809,8434380,6990537]},{"id":36626,"name":"Bookcase","type":10,"category":1371,"actions":["Search"],"coordinates":[[12992,-49064]],"size":[2,1,521],"rotations":[1],"colors":[7122329,6396809,8434380,6990537]},{"id":36646,"name":"Bookcase","type":10,"category":1371,"actions":["Search"],"coordinates":[[12992,-49072]],"size":[2,1,521],"rotations":[1],"colors":[7122329,6396809,8434380,6990537]},{"id":36650,"name":"Bookcase","type":10,"category":1371,"actions":["Search"],"coordinates":[[12998,-49038]],"size":[2,1,521],"rotations":[0],"colors":[7122329,6396809,8434380,6990537]}]