[{"id":202,"name":"Candles","type":11,"category":0,"actions":[],"coordinates":[[12920,11242],[12920,11222],[12964,11242],[12964,11222],[12964,11206]],"size":[1,1,523],"rotations":[0,0,0,0,0],"colors":[7122329,6396809,8434380,6990537]},{"id":60614,"name":"Crate","type":10,"category":0,"actions":["Search"],"coordinates":[[12928,11242]],"size":[1,1,523],"rotations":[0],"colors":[7122329,6396809,8434380,6990537]},{"id":11804,"name":"Ladder","type":10,"category":0,"actions":["Climb-up"],"coordinates":[[12928,11222]],"size":[1,1,523],"rotations":[0],"colors":[7122329,6396809,8434380,6990537]},{"id":60612,"name":"Crate","type":10,"category":0,"actions":["Search"],"coordinates":[[12932,11242]],"size":[1,1,523],"rotations":[0],"colors":[7122329,6396809,8434380,6990537]},{"id":2784,"name":"Sword cabinet","type":10,"category":0,"actions":[],"coordinates":[[12934,11222],[12942,11242]],"size":[1,2,523],"rotations":[1,3],"colors":[7122329,6396809,8434380,6990537]},{"id":5123,"name":"Barrel","type":10,"category":0,"actions":[],"coordinates":[[12940,11222]],"size":[1,1,523],"rotations":[0],"colors":[7122329,6396809,8434380,6990537]},{"id":60609,"name":"Crate","type":10,"category":0,"actions":["Search"],"coordinates":[[12944,11222]],"size":[1,1,523],"rotations":[0],"colors":[7122329,6396809,8434380,6990537]},{"id":60611,"name":"Crate","type":10,"category":0,"actions":["Search"],"coordinates":[[12948,11218]],"size":[1,1,523],"rotations":[0],"colors":[7122329,6396809,8434380,6990537]},{"id":5114,"name":"Barrel","type":10,"category":0,"actions":[],"coordinates":[[12948,11210]],"size":[1,1,523],"rotations":[0],"colors":[7122329,6396809,8434380,6990537]},{"id":5107,"name":"Crate","type":10,"category":0,"actions":["Search"],"coordinates":[[12948,11206],[12956,11206]],"size":[1,1,523],"rotations":[0,0],"colors":[7122329,6396809,8434380,6990537]},{"id":7420,"name":"Cabinet","type":10,"category":1461,"actions":[],"coordinates":[[12952,11242]],"size":[1,1,523],"rotations":[0],"colors":[7122329,6396809,8434380,6990537]},{"id":5110,"name":"Crate","type":10,"category":209,"actions":["Search"],"coordinates":[[12952,11210],[12960,11206],[12964,11214]],"size":[1,1,523],"rotations":[0,0,0],"colors":[7122329,6396809,8434380,6990537]},{"id":60608,"name":"Crate","type":10,"category":0,"actions":["Search"],"coordinates":[[12952,11206]],"size":[1,1,523],"rotations":[0],"colors":[7122329,6396809,8434380,6990537]},{"id":7419,"name":"Cabinet","type":10,"category":1461,"actions":[],"coordinates":[[12956,11242]],"size":[1,1,523],"rotations":[0],"colors":[7122329,6396809,8434380,6990537]},{"id":834,"name":"Sword cabinet","type":10,"category":0,"actions":[],"coordinates":[[12964,11232]],"size":[1,2,523],"rotations":[2],"colors":[7122329,6396809,8434380,6990537]},{"id":60613,"name":"Crate","type":10,"category":0,"actions":["Search"],"coordinates":[[12964,11218]],"size":[1,1,523],"rotations":[0],"colors":[7122329,6396809,8434380,6990537]},{"id":60610,"name":"Crate","type":10,"category":0,"actions":["Search"],"coordinates":[[12964,11210]],"size":[1,1,523],"rotations":[0],"colors":[7122329,6396809,8434380,6990537]}]