[{"id":15696,"name":"Crate","type":10,"category":0,"actions":["Search"],"coordinates":[[9004,11674],[9012,11674],[9024,11662],[9040,11674],[9044,11670]],"size":[1,1,521],"rotations":[0,0,0,0,0],"colors":[7122329,6396809,8434380,6990537]},{"id":15707,"name":"Crate","type":10,"category":0,"actions":[],"coordinates":[[9008,11674]],"size":[1,1,521],"rotations":[0],"colors":[7122329,6396809,8434380,6990537]},{"id":15698,"name":"Crate","type":10,"category":0,"actions":[],"coordinates":[[9008,11668]],"size":[2,1,521],"rotations":[1],"colors":[7122329,6396809,8434380,6990537]},{"id":15715,"name":"Broken drilling machine","type":10,"category":0,"actions":[],"coordinates":[[9016,11646]],"size":[3,3,521],"rotations":[0],"colors":[7122329,6396809,8434380,6990537]},{"id":15695,"name":"Crate","type":10,"category":0,"actions":["Search"],"coordinates":[[9016,11674],[9020,11674],[9020,11658],[9040,11666],[9048,11682],[9048,11678],[9048,11674]],"size":[1,1,521],"rotations":[0,0,0,0,0,0,0],"colors":[7122329,6396809,8434380,6990537]},{"id":15697,"name":"Crate","type":10,"category":0,"actions":[],"coordinates":[[9034,11674],[9044,11676]],"size":[2,1,521],"rotations":[2,1],"colors":[7122329,6396809,8434380,6990537]},{"id":15704,"name":"Crate","type":10,"category":0,"actions":["Search"],"coordinates":[[9040,11670]],"size":[1,1,521],"rotations":[0],"colors":[7122329,6396809,8434380,6990537]},{"id":15706,"name":"Crate","type":10,"category":0,"actions":[],"coordinates":[[9044,11654]],"size":[1,1,521],"rotations":[0],"colors":[7122329,6396809,8434380,6990537]},{"id":12394,"name":"Sack Pile","type":10,"category":0,"actions":[],"coordinates":[[9082,11622]],"size":[2,1,521],"rotations":[2],"colors":[7122329,6396809,8434380,6990537]},{"id":15760,"name":"Sack","type":10,"category":0,"actions":[],"coordinates":[[9080,11610],[9084,11610],[9088,11614],[9088,11610],[9112,11618]],"size":[1,1,521],"rotations":[0,0,0,0,0],"colors":[7122329,6396809,8434380,6990537]},{"id":15762,"name":"Sacks","type":10,"category":0,"actions":[],"coordinates":[[9088,11626],[9096,11610],[9104,11614]],"size":[1,1,521],"rotations":[0,0,0],"colors":[7122329,6396809,8434380,6990537]},{"id":15761,"name":"Sack Pile","type":10,"category":0,"actions":[],"coordinates":[[9092,11612],[9102,11610],[9108,11620],[9112,11624]],"size":[2,1,521],"rotations":[1,2,3,1],"colors":[7122329,6396809,8434380,6990537]},{"id":15746,"name":"Ladder","type":10,"category":0,"actions":["Climb-up"],"coordinates":[[9120,11650]],"size":[1,1,521],"rotations":[0],"colors":[7122329,6396809,8434380,6990537]}]