[{"id":31561,"name":"Pillar","type":10,"category":0,"actions":["Jump-to"],"coordinates":[[12808,-39734]],"size":[1,1,521],"rotations":[0],"colors":[7122329,6396809,8434380,6990537]},{"id":43867,"name":"Rubble","type":10,"category":0,"actions":[],"coordinates":[[12964,-39888]],"size":[3,2,521],"rotations":[0],"colors":[7122329,6396809,8434380,6990537]},{"id":40387,"name":"Blocked opening","type":10,"category":0,"actions":[],"coordinates":[[12964,-39892]],"size":[3,2,521],"rotations":[0],"colors":[7122329,6396809,8434380,6990537]},{"id":43868,"name":"Stairs","type":10,"category":0,"actions":["Climb-up"],"coordinates":[[12978,-39810]],"size":[1,2,521],"rotations":[3],"colors":[7122329,6396809,8434380,6990537]}]