[{"id":51791,"name":"Rockslide","type":10,"category":0,"actions":[],"coordinates":[[12802,-8972],[12898,-8964],[12914,-8960]],"size":[2,2,521],"rotations":[0,0,0],"colors":[7122329,6396809,8434380,6990537]},{"id":51792,"name":"Rockslide","type":10,"category":0,"actions":[],"coordinates":[[12806,-8964]],"size":[2,2,521],"rotations":[0],"colors":[7122329,6396809,8434380,6990537]},{"id":58904,"name":"Hole","type":10,"category":2309,"actions":["Build-trap"],"coordinates":[[12840,-9006],[12848,-8998],[12852,-9014],[12856,-8998],[12864,-9006]],"size":[1,1,521],"rotations":[0,0,0,0,0],"colors":[7122329,6396809,8434380,6990537]},{"id":58883,"name":"Rock","type":10,"category":0,"actions":[],"coordinates":[[12844,-9018],[12848,-8986],[12868,-8994]],"size":[1,1,521],"rotations":[0,0,0],"colors":[7122329,6396809,8434380,6990537]},{"id":58543,"name":"Palm","type":11,"category":0,"actions":[],"coordinates":[[12852,-8934]],"size":[1,1,521],"rotations":[0],"colors":[7122329,6396809,8434380,6990537]},{"id":58542,"name":"Palm","type":11,"category":0,"actions":[],"coordinates":[[12896,-8934],[12944,-8938]],"size":[1,1,521],"rotations":[0,0],"colors":[7122329,6396809,8434380,6990537]},{"id":51793,"name":"Rockslide","type":10,"category":0,"actions":[],"coordinates":[[12906,-8964],[12914,-8980]],"size":[2,2,521],"rotations":[0,0],"colors":[7122329,6396809,8434380,6990537]},{"id":51790,"name":"Rockslide","type":10,"category":0,"actions":[],"coordinates":[[12906,-8972]],"size":[2,2,521],"rotations":[0],"colors":[7122329,6396809,8434380,6990537]}]