[{"id":1406,"name":"Cactus","type":10,"category":0,"actions":[],"coordinates":[[8978,38964],[8994,39104],[9062,39012],[9130,39120],[9158,38964]],"size":[2,2,521],"rotations":[0,0,0,0,0],"colors":[7122329,6396809,8434380,6990537]},{"id":2670,"name":"Kharidian cactus (Healthy)","type":10,"category":1632,"actions":["Cut"],"coordinates":[[9020,39090],[9104,39166],[9132,38986],[9136,39102],[9172,38930]],"size":[1,1,521],"rotations":[0,0,0,0,0],"colors":[7122329,6396809,8434380,6990537]},{"id":2078,"name":"Banana tree","type":10,"category":0,"actions":["Search"],"coordinates":[[9186,38916],[9194,39056],[9194,38980],[9206,39160]],"size":[2,2,521],"rotations":[0,0,0,0],"colors":[7122329,6396809,8434380,6990537]},{"id":1361,"name":"Tropical tree","type":10,"category":0,"actions":[],"coordinates":[[9204,39010]],"size":[7,7,521],"rotations":[0],"colors":[7122329,6396809,8434380,6990537]},{"id":1360,"name":"Tropical tree","type":10,"category":0,"actions":[],"coordinates":[[9192,39010]],"size":[1,1,521],"rotations":[0],"colors":[7122329,6396809,8434380,6990537]}]