[{"id":33002,"name":"Grand bookshelf","type":10,"category":1236,"actions":["Search"],"coordinates":[[12900,-16210]],"size":[3,1,521],"rotations":[3],"colors":[7122329,6396809,8434380,6990537]},{"id":33003,"name":"Grand bookshelf","type":10,"category":1236,"actions":["Search"],"coordinates":[[12900,-16222]],"size":[3,1,521],"rotations":[3],"colors":[7122329,6396809,8434380,6990537]},{"id":33012,"name":"Justiciar armour","type":10,"category":0,"actions":[],"coordinates":[[12904,-16226],[12904,-16274],[12932,-16202],[12940,-16194],[12956,-16194],[12964,-16202],[12968,-16226]],"size":[1,1,521],"rotations":[0,0,0,0,0,0,0],"colors":[7122329,6396809,8434380,6990537]},{"id":33013,"name":"Justiciar armour","type":10,"category":0,"actions":[],"coordinates":[[12904,-16234],[12908,-16278],[12928,-16226],[12944,-16226],[12968,-16234]],"size":[1,1,521],"rotations":[0,0,0,0,0],"colors":[7122329,6396809,8434380,6990537]},{"id":33016,"name":"Small chest","type":10,"category":0,"actions":["Check"],"coordinates":[[12904,-16238],[12904,-16270],[12908,-16226],[12956,-16226],[12968,-16238],[12972,-16202]],"size":[1,1,521],"rotations":[0,0,0,0,0,0],"colors":[7122329,6396809,8434380,6990537]},{"id":33001,"name":"Grand bookshelf","type":10,"category":1236,"actions":["Search"],"coordinates":[[12912,-16198]],"size":[3,1,521],"rotations":[2],"colors":[7122329,6396809,8434380,6990537]},{"id":17757,"name":"Chair","type":11,"category":0,"actions":[],"coordinates":[[12912,-16218]],"size":[1,1,521],"rotations":[0],"colors":[7122329,6396809,8434380,6990537]},{"id":33014,"name":"Strategy table","type":10,"category":1247,"actions":["Read"],"coordinates":[[12918,-16224]],"size":[4,2,521],"rotations":[0],"colors":[7122329,6396809,8434380,6990537]},{"id":33000,"name":"Grand bookshelf","type":10,"category":1236,"actions":["Search"],"coordinates":[[12924,-16198]],"size":[3,1,521],"rotations":[2],"colors":[7122329,6396809,8434380,6990537]},{"id":17760,"name":"Chair","type":10,"category":0,"actions":[],"coordinates":[[12920,-16218]],"size":[1,1,521],"rotations":[0],"colors":[7122329,6396809,8434380,6990537]},{"id":33020,"name":"Weapon rack","type":10,"category":0,"actions":[],"coordinates":[[12922,-16278],[12940,-16188],[12950,-16278],[12956,-16188],[12962,-16226]],"size":[2,1,521],"rotations":[0,3,0,1,0],"colors":[7122329,6396809,8434380,6990537]},{"id":33011,"name":"War table","type":10,"category":1247,"actions":["Read"],"coordinates":[[12936,-16254]],"size":[3,5,521],"rotations":[1],"colors":[7122329,6396809,8434380,6990537]},{"id":32995,"name":"Stairs","type":10,"category":0,"actions":["Climb"],"coordinates":[[12948,-16172]],"size":[1,2,521],"rotations":[2],"colors":[7122329,6396809,8434380,6990537]},{"id":32996,"name":"Teleport crystal","type":10,"category":0,"actions":["Use"],"coordinates":[[12984,-16210]],"size":[1,1,521],"rotations":[0],"colors":[7122329,6396809,8434380,6990537]}]