[{"id":34792,"name":"Mysterious glow","type":10,"category":0,"actions":[],"coordinates":[[12892,-18278],[12928,-18338],[12964,-18278]],"size":[1,1,521],"rotations":[0,0,0],"colors":[7122329,6396809,8434380,6990537]},{"id":43478,"name":"Portal","type":10,"category":0,"actions":["Use"],"coordinates":[[12896,-18278],[12960,-18278]],"size":[1,1,521],"rotations":[0,0],"colors":[7122329,6396809,8434380,6990537]},{"id":43509,"name":"Pillar","type":10,"category":0,"actions":[],"coordinates":[[12912,-18274],[12912,-18282],[12932,-18262],[12944,-18282]],"size":[1,1,521],"rotations":[0,0,0,0],"colors":[7122329,6396809,8434380,6990537]},{"id":43511,"name":"Pillar","type":10,"category":0,"actions":[],"coordinates":[[12912,-18278],[12944,-18278]],"size":[3,1,521],"rotations":[1,3],"colors":[7122329,6396809,8434380,6990537]},{"id":43513,"name":"Ruined Pillar","type":10,"category":0,"actions":[],"coordinates":[[12916,-18266],[12932,-18294],[12936,-18302]],"size":[1,1,521],"rotations":[0,0,0],"colors":[7122329,6396809,8434380,6990537]},{"id":43515,"name":"Ruined Pillar","type":10,"category":0,"actions":[],"coordinates":[[12916,-18290]],"size":[1,1,521],"rotations":[0],"colors":[7122329,6396809,8434380,6990537]},{"id":43519,"name":"Rubble","type":10,"category":0,"actions":[],"coordinates":[[12920,-18258],[12928,-18250],[12928,-18302],[12932,-18298]],"size":[1,1,521],"rotations":[0,0,0,0],"colors":[7122329,6396809,8434380,6990537]},{"id":43516,"name":"Pillar","type":10,"category":0,"actions":[],"coordinates":[[12924,-18298],[12924,-18254]],"size":[3,1,521],"rotations":[0,3],"colors":[7122329,6396809,8434380,6990537]},{"id":43512,"name":"Ruined Pillar","type":10,"category":0,"actions":[],"coordinates":[[12924,-18262],[12932,-18302]],"size":[1,1,521],"rotations":[0,0],"colors":[7122329,6396809,8434380,6990537]},{"id":43479,"name":"Altar","type":10,"category":2156,"actions":["Craft-rune"],"coordinates":[[12928,-18278]],"size":[3,3,521],"rotations":[0],"colors":[7122329,6396809,8434380,6990537]},{"id":43510,"name":"Pillar","type":10,"category":0,"actions":[],"coordinates":[[12924,-18294],[12944,-18274]],"size":[1,1,521],"rotations":[0,0],"colors":[7122329,6396809,8434380,6990537]},{"id":43508,"name":"Skeleton","type":11,"category":0,"actions":[],"coordinates":[[12926,-18326]],"size":[2,1,521],"rotations":[0],"colors":[7122329,6396809,8434380,6990537]},{"id":20665,"name":"Skeleton","type":11,"category":0,"actions":[],"coordinates":[[12928,-18254]],"size":[1,1,521],"rotations":[0],"colors":[7122329,6396809,8434380,6990537]},{"id":20780,"name":"Skeleton","type":11,"category":0,"actions":[],"coordinates":[[12928,-18294]],"size":[1,1,521],"rotations":[0],"colors":[7122329,6396809,8434380,6990537]},{"id":43514,"name":"Pillar","type":10,"category":0,"actions":[],"coordinates":[[12944,-18286]],"size":[1,1,521],"rotations":[0],"colors":[7122329,6396809,8434380,6990537]}]