[{"id":26712,"name":"Crevice","type":0,"category":0,"actions":["Use"],"coordinates":[[13224,-36938]],"size":[1,1,521],"rotations":[0],"colors":[7122329,6396809,8434380,6990537]},{"id":26717,"name":"Sack","type":10,"category":0,"actions":[],"coordinates":[[13224,-36970],[13232,-36974]],"size":[1,1,521],"rotations":[0,0],"colors":[7122329,6396809,8434380,6990537]},{"id":26719,"name":"Sacks","type":10,"category":0,"actions":[],"coordinates":[[13232,-36970]],"size":[1,1,521],"rotations":[0],"colors":[7122329,6396809,8434380,6990537]},{"id":26718,"name":"Sacks","type":10,"category":0,"actions":[],"coordinates":[[13236,-36974]],"size":[1,1,521],"rotations":[0],"colors":[7122329,6396809,8434380,6990537]}]