[{"id":26712,"name":"Crevice","type":0,"category":0,"actions":["Use"],"coordinates":[[9384,12442]],"size":[1,1,521],"rotations":[0],"colors":[7122329,6396809,8434380,6990537]},{"id":26717,"name":"Sack","type":10,"category":0,"actions":[],"coordinates":[[9384,12410],[9392,12406]],"size":[1,1,521],"rotations":[0,0],"colors":[7122329,6396809,8434380,6990537]},{"id":26719,"name":"Sacks","type":10,"category":0,"actions":[],"coordinates":[[9392,12410]],"size":[1,1,521],"rotations":[0],"colors":[7122329,6396809,8434380,6990537]},{"id":26718,"name":"Sacks","type":10,"category":0,"actions":[],"coordinates":[[9396,12406]],"size":[1,1,521],"rotations":[0],"colors":[7122329,6396809,8434380,6990537]}]