[{"id":6299,"name":"Skeleton","type":11,"category":0,"actions":[],"coordinates":[[13160,-49268],[13204,-49252]],"size":[2,1,521],"rotations":[1,1],"colors":[7122329,6396809,8434380,6990537]},{"id":36217,"name":"Crystal outcrop","type":10,"category":0,"actions":[],"coordinates":[[13160,-49274],[13180,-49286],[13192,-49242]],"size":[1,1,521],"rotations":[0,0,0],"colors":[7122329,6396809,8434380,6990537]},{"id":6297,"name":"Skeleton","type":11,"category":0,"actions":[],"coordinates":[[13172,-49286]],"size":[1,1,521],"rotations":[0],"colors":[7122329,6396809,8434380,6990537]},{"id":36597,"name":"Steps","type":10,"category":0,"actions":["Exit"],"coordinates":[[13180,-49240]],"size":[3,2,521],"rotations":[2],"colors":[7122329,6396809,8434380,6990537]},{"id":36218,"name":"Crystal outcrop","type":10,"category":0,"actions":[],"coordinates":[[13176,-49286]],"size":[1,1,521],"rotations":[0],"colors":[7122329,6396809,8434380,6990537]},{"id":6298,"name":"Skeleton","type":10,"category":0,"actions":[],"coordinates":[[13196,-49242]],"size":[1,1,521],"rotations":[0],"colors":[7122329,6396809,8434380,6990537]}]