[{"id":12529,"name":"Coral","type":10,"category":0,"actions":[],"coordinates":[[9308,15022],[9332,15006],[9352,15018]],"size":[1,1,521],"rotations":[0,0,0],"colors":[7122329,6396809,8434380,6990537]},{"id":12488,"name":"Coral","type":10,"category":0,"actions":[],"coordinates":[[9312,15026],[9328,15010],[9344,14950],[9356,14958],[9364,15026]],"size":[1,1,521],"rotations":[0,0,0,0,0],"colors":[7122329,6396809,8434380,6990537]},{"id":12518,"name":"Coral","type":10,"category":0,"actions":[],"coordinates":[[9312,15022],[9344,15014],[9352,14958]],"size":[1,1,521],"rotations":[0,0,0],"colors":[7122329,6396809,8434380,6990537]},{"id":12498,"name":"Coral","type":10,"category":0,"actions":[],"coordinates":[[9312,15018],[9340,15014],[9356,15034],[9356,14954]],"size":[1,1,521],"rotations":[0,0,0,0],"colors":[7122329,6396809,8434380,6990537]},{"id":12508,"name":"Coral","type":10,"category":0,"actions":[],"coordinates":[[9316,15026],[9332,15014],[9376,15026],[9388,15034]],"size":[1,1,521],"rotations":[0,0,0,0],"colors":[7122329,6396809,8434380,6990537]},{"id":12487,"name":"Coral","type":10,"category":0,"actions":[],"coordinates":[[9316,15014],[9360,15034],[9364,15010],[9380,15030]],"size":[1,1,521],"rotations":[0,0,0,0],"colors":[7122329,6396809,8434380,6990537]},{"id":12507,"name":"Coral","type":10,"category":0,"actions":[],"coordinates":[[9320,15010],[9344,15010],[9356,15022]],"size":[1,1,521],"rotations":[0,0,0],"colors":[7122329,6396809,8434380,6990537]},{"id":12519,"name":"Coral","type":10,"category":0,"actions":[],"coordinates":[[9324,15018],[9340,14954],[9356,15030],[9372,15006]],"size":[1,1,521],"rotations":[0,0,0,0],"colors":[7122329,6396809,8434380,6990537]},{"id":12497,"name":"Coral","type":10,"category":0,"actions":[],"coordinates":[[9336,15010],[9384,15034]],"size":[1,1,521],"rotations":[0,0],"colors":[7122329,6396809,8434380,6990537]},{"id":12492,"name":"Coral","type":10,"category":0,"actions":[],"coordinates":[[9348,14946],[9352,14946],[9360,15022],[9364,15022]],"size":[1,1,521],"rotations":[0,0,0,0],"colors":[7122329,6396809,8434380,6990537]},{"id":12481,"name":"Coral","type":10,"category":0,"actions":[],"coordinates":[[9348,14942]],"size":[1,1,521],"rotations":[0],"colors":[7122329,6396809,8434380,6990537]},{"id":12512,"name":"Coral","type":10,"category":0,"actions":[],"coordinates":[[9352,14942]],"size":[1,1,521],"rotations":[0],"colors":[7122329,6396809,8434380,6990537]},{"id":12510,"name":"Coral","type":10,"category":0,"actions":[],"coordinates":[[9360,15018]],"size":[1,1,521],"rotations":[0],"colors":[7122329,6396809,8434380,6990537]},{"id":12511,"name":"Coral","type":10,"category":0,"actions":[],"coordinates":[[9360,15014]],"size":[1,1,521],"rotations":[0],"colors":[7122329,6396809,8434380,6990537]},{"id":12517,"name":"Coral","type":10,"category":0,"actions":[],"coordinates":[[9364,15034]],"size":[1,1,521],"rotations":[0],"colors":[7122329,6396809,8434380,6990537]},{"id":12503,"name":"Coral","type":10,"category":0,"actions":[],"coordinates":[[9364,15018],[9368,15018]],"size":[1,1,521],"rotations":[0,0],"colors":[7122329,6396809,8434380,6990537]},{"id":12490,"name":"Coral","type":10,"category":0,"actions":[],"coordinates":[[9364,15014]],"size":[1,1,521],"rotations":[0],"colors":[7122329,6396809,8434380,6990537]},{"id":12523,"name":"Coral","type":10,"category":0,"actions":[],"coordinates":[[9368,15026],[9372,15014]],"size":[1,1,521],"rotations":[0,0],"colors":[7122329,6396809,8434380,6990537]},{"id":12479,"name":"Coral Reef","type":10,"category":0,"actions":[],"coordinates":[[9368,15022]],"size":[1,1,521],"rotations":[0],"colors":[7122329,6396809,8434380,6990537]},{"id":12489,"name":"Coral","type":10,"category":0,"actions":[],"coordinates":[[9368,15014]],"size":[1,1,521],"rotations":[0],"colors":[7122329,6396809,8434380,6990537]},{"id":12482,"name":"Coral","type":10,"category":0,"actions":[],"coordinates":[[9372,15026]],"size":[1,1,521],"rotations":[0],"colors":[7122329,6396809,8434380,6990537]},{"id":12499,"name":"Coral Reef","type":10,"category":0,"actions":[],"coordinates":[[9372,15022],[9372,15018]],"size":[1,1,521],"rotations":[0,0],"colors":[7122329,6396809,8434380,6990537]},{"id":12528,"name":"Coral","type":10,"category":0,"actions":[],"coordinates":[[9376,15014]],"size":[1,1,521],"rotations":[0],"colors":[7122329,6396809,8434380,6990537]}]