[{"id":58541,"name":"Palm","type":11,"category":0,"actions":[],"coordinates":[[13056,-8338],[13084,-8290],[13112,-8342],[13152,-8266]],"size":[1,1,521],"rotations":[0,0,0,0],"colors":[7122329,6396809,8434380,6990537]},{"id":42400,"name":"Plant","type":10,"category":0,"actions":[],"coordinates":[[13060,-8334],[13108,-8294]],"size":[1,1,521],"rotations":[0,0],"colors":[7122329,6396809,8434380,6990537]},{"id":42398,"name":"Plant","type":10,"category":0,"actions":[],"coordinates":[[13062,-8344],[13106,-8276]],"size":[2,2,521],"rotations":[0,0],"colors":[7122329,6396809,8434380,6990537]},{"id":51764,"name":"Tree","type":10,"category":189,"actions":["Chop down"],"coordinates":[[13074,-8332]],"size":[2,2,521],"rotations":[0],"colors":[7122329,6396809,8434380,6990537]},{"id":47370,"name":"Plant","type":10,"category":0,"actions":[],"coordinates":[[13076,-8294],[13136,-8298]],"size":[1,1,521],"rotations":[0,0],"colors":[7122329,6396809,8434380,6990537]},{"id":42399,"name":"Plant","type":10,"category":0,"actions":[],"coordinates":[[13082,-8348],[13098,-8280]],"size":[2,2,521],"rotations":[0,0],"colors":[7122329,6396809,8434380,6990537]},{"id":42401,"name":"Plant","type":10,"category":0,"actions":[],"coordinates":[[13086,-8312],[13094,-8332]],"size":[2,2,521],"rotations":[0,0],"colors":[7122329,6396809,8434380,6990537]},{"id":57930,"name":"Rocks","type":22,"category":0,"actions":["Climb"],"coordinates":[[13088,-8262]],"size":[1,1,521],"rotations":[0],"colors":[7122329,6396809,8434380,6990537]},{"id":57929,"name":"Rocks","type":22,"category":0,"actions":["Climb"],"coordinates":[[13088,-8278]],"size":[1,1,521],"rotations":[0],"colors":[7122329,6396809,8434380,6990537]},{"id":57790,"name":"Yew tree","type":10,"category":288,"actions":["Chop down"],"coordinates":[[13096,-8302],[13120,-8318],[13124,-8290]],"size":[3,3,521],"rotations":[0,0,0],"colors":[7122329,6396809,8434380,6990537]},{"id":11113,"name":"Bush","type":10,"category":0,"actions":[],"coordinates":[[13098,-8216],[13158,-8332],[13162,-8236]],"size":[2,2,521],"rotations":[0,0,0],"colors":[7122329,6396809,8434380,6990537]},{"id":58542,"name":"Palm","type":10,"category":0,"actions":[],"coordinates":[[13100,-8346],[13116,-8330],[13160,-8274]],"size":[1,1,521],"rotations":[0,0,0],"colors":[7122329,6396809,8434380,6990537]},{"id":51793,"name":"Rockslide","type":10,"category":0,"actions":[],"coordinates":[[13106,-8240],[13122,-8224],[13142,-8236]],"size":[2,2,521],"rotations":[0,0,0],"colors":[7122329,6396809,8434380,6990537]},{"id":58543,"name":"Palm","type":11,"category":0,"actions":[],"coordinates":[[13104,-8334],[13148,-8278]],"size":[1,1,521],"rotations":[0,0],"colors":[7122329,6396809,8434380,6990537]},{"id":51792,"name":"Rockslide","type":10,"category":0,"actions":[],"coordinates":[[13110,-8232],[13126,-8216],[13134,-8232]],"size":[2,2,521],"rotations":[0,0,0],"colors":[7122329,6396809,8434380,6990537]},{"id":51790,"name":"Rockslide","type":10,"category":0,"actions":[],"coordinates":[[13118,-8236],[13130,-8224]],"size":[2,2,521],"rotations":[0,0],"colors":[7122329,6396809,8434380,6990537]},{"id":51791,"name":"Rockslide","type":10,"category":0,"actions":[],"coordinates":[[13126,-8236]],"size":[2,2,521],"rotations":[0],"colors":[7122329,6396809,8434380,6990537]},{"id":51762,"name":"Tree","type":10,"category":189,"actions":["Chop down"],"coordinates":[[13142,-8268],[13158,-8284]],"size":[2,2,521],"rotations":[0,0],"colors":[7122329,6396809,8434380,6990537]},{"id":40738,"name":"Bones","type":11,"category":0,"actions":[],"coordinates":[[13152,-8220]],"size":[2,3,521],"rotations":[1],"colors":[7122329,6396809,8434380,6990537]}]