[{"id":58542,"name":"Palm","type":11,"category":0,"actions":[],"coordinates":[[13060,-8434]],"size":[1,1,521],"rotations":[0],"colors":[7122329,6396809,8434380,6990537]},{"id":57792,"name":"Plant","type":10,"category":0,"actions":[],"coordinates":[[13062,-8448]],"size":[2,2,521],"rotations":[0],"colors":[7122329,6396809,8434380,6990537]},{"id":58541,"name":"Palm","type":10,"category":0,"actions":[],"coordinates":[[13060,-8466]],"size":[1,1,521],"rotations":[0],"colors":[7122329,6396809,8434380,6990537]},{"id":51792,"name":"Rockslide","type":10,"category":0,"actions":[],"coordinates":[[13066,-8504],[13078,-8492],[13090,-8448],[13094,-8432],[13102,-8440]],"size":[2,2,521],"rotations":[0,0,0,0,0],"colors":[7122329,6396809,8434380,6990537]},{"id":51791,"name":"Rockslide","type":10,"category":0,"actions":[],"coordinates":[[13070,-8496],[13094,-8440]],"size":[2,2,521],"rotations":[0,0],"colors":[7122329,6396809,8434380,6990537]},{"id":11113,"name":"Bush","type":10,"category":0,"actions":[],"coordinates":[[13074,-8504],[13098,-8424],[13098,-8448]],"size":[2,2,521],"rotations":[0,0,0],"colors":[7122329,6396809,8434380,6990537]}]