[{"id":58541,"name":"Palm","type":11,"category":0,"actions":[],"coordinates":[[9216,41042],[9244,41090],[9272,41038],[9312,41114]],"size":[1,1,521],"rotations":[0,0,0,0],"colors":[7122329,6396809,8434380,6990537]},{"id":42400,"name":"Plant","type":10,"category":0,"actions":[],"coordinates":[[9220,41046],[9268,41086]],"size":[1,1,133],"rotations":[0,0],"colors":[11185077,7039858,10000803,9145493,8684685,8158597]},{"id":42398,"name":"Plant","type":10,"category":0,"actions":[],"coordinates":[[9222,41036],[9266,41104]],"size":[2,2,97],"rotations":[0,0],"colors":[9145493,8684685,11185077,10000803]},{"id":51764,"name":"Tree","type":10,"category":189,"actions":["Chop down"],"coordinates":[[9234,41048]],"size":[2,2,363],"rotations":[0],"colors":[9145493,11185077,10000803]},{"id":47370,"name":"Plant","type":10,"category":0,"actions":[],"coordinates":[[9236,41086],[9296,41082]],"size":[1,1,142],"rotations":[0,0],"colors":[9145493,11185077,10000803]},{"id":42399,"name":"Plant","type":10,"category":0,"actions":[],"coordinates":[[9242,41032],[9258,41100]],"size":[2,2,143],"rotations":[0,0],"colors":[9145493,8684685,8158597,11185077,10000803]},{"id":42401,"name":"Plant","type":10,"category":0,"actions":[],"coordinates":[[9246,41068],[9254,41048]],"size":[2,2,142],"rotations":[0,0],"colors":[9145493,11185077,10000803]},{"id":57930,"name":"Rocks","type":22,"category":0,"actions":["Climb"],"coordinates":[[9248,41118]],"size":[1,1,53],"rotations":[0],"colors":[5540258]},{"id":57929,"name":"Rocks","type":22,"category":0,"actions":["Climb"],"coordinates":[[9248,41102]],"size":[1,1,48],"rotations":[0],"colors":[5540258]},{"id":57790,"name":"Yew tree","type":10,"category":288,"actions":["Chop down"],"coordinates":[[9256,41078],[9280,41062],[9284,41090]],"size":[3,3,537],"rotations":[0,0,0],"colors":[4419840,5140094,4023671,4946320,16711422]},{"id":11113,"name":"Bush","type":10,"category":0,"actions":[],"coordinates":[[9258,41164],[9318,41048],[9322,41144]],"size":[2,2,143],"rotations":[0,0,0],"colors":[2768976,4938343,4214361]},{"id":58542,"name":"Palm","type":10,"category":0,"actions":[],"coordinates":[[9260,41034],[9276,41050],[9320,41106]],"size":[1,1,538],"rotations":[0,0,0],"colors":[7122329,6396809,8434380,6990537]},{"id":51793,"name":"Rockslide","type":10,"category":0,"actions":[],"coordinates":[[9266,41140],[9282,41156],[9302,41144]],"size":[2,2,43],"rotations":[0,0,0],"colors":[5540258]},{"id":58543,"name":"Palm","type":11,"category":0,"actions":[],"coordinates":[[9264,41046],[9308,41102]],"size":[1,1,544],"rotations":[0,0],"colors":[7122329,6396809,8434380,6990537]},{"id":51792,"name":"Rockslide","type":10,"category":0,"actions":[],"coordinates":[[9270,41148],[9286,41164],[9294,41148]],"size":[2,2,43],"rotations":[0,0,0],"colors":[5540258]},{"id":51790,"name":"Rockslide","type":10,"category":0,"actions":[],"coordinates":[[9278,41144],[9290,41156]],"size":[2,2,87],"rotations":[0,0],"colors":[5540258]},{"id":51791,"name":"Rockslide","type":10,"category":0,"actions":[],"coordinates":[[9286,41144]],"size":[2,2,87],"rotations":[0],"colors":[5540258]},{"id":51762,"name":"Tree","type":10,"category":189,"actions":["Chop down"],"coordinates":[[9302,41112],[9318,41096]],"size":[2,2,363],"rotations":[0,0],"colors":[9145493,11185077,10000803]},{"id":40738,"name":"Bones","type":11,"category":0,"actions":[],"coordinates":[[9312,41160]],"size":[2,3,176],"rotations":[1],"colors":[9149864]}]