[{"id":18895,"name":"Rockslide","type":10,"category":0,"actions":[],"coordinates":[[9250,37972],[9254,37988],[9266,37968],[9270,37984],[9286,38036],[9294,38044],[9294,38028],[9310,38036],[9310,38024],[9370,38020],[9382,38032],[9386,38016],[9390,38024],[9426,37892],[9458,37888]],"size":[2,2,521],"rotations":[0,0,0,0,0,0,0,0,0,0,0,0,0,0,0],"colors":[7122329,6396809,8434380,6990537]},{"id":18893,"name":"Rockslide","type":10,"category":0,"actions":[],"coordinates":[[9254,37980],[9258,37972],[9266,37976],[9294,38036],[9302,38024],[9374,38028],[9378,38016],[9434,37888]],"size":[2,2,521],"rotations":[0,0,0,0,0,0,0,0],"colors":[7122329,6396809,8434380,6990537]},{"id":18892,"name":"Rockslide","type":10,"category":0,"actions":[],"coordinates":[[9262,37984],[9302,38032],[9382,38024],[9450,37888]],"size":[2,2,521],"rotations":[0,0,0,0],"colors":[7122329,6396809,8434380,6990537]},{"id":1405,"name":"Cactus","type":10,"category":0,"actions":[],"coordinates":[[9266,38076],[9278,38092],[9278,37972],[9282,38088],[9302,38000],[9386,38044]],"size":[2,2,521],"rotations":[0,0,0,0,0,0],"colors":[7122329,6396809,8434380,6990537]},{"id":2670,"name":"Kharidian cactus (Healthy)","type":10,"category":1632,"actions":["Cut"],"coordinates":[[9272,38114],[9280,38002],[9320,38018],[9328,38062],[9328,37978],[9376,38102],[9376,37986],[9384,38054],[9412,38022],[9424,38050],[9436,38078]],"size":[1,1,521],"rotations":[0,0,0,0,0,0,0,0,0,0,0],"colors":[7122329,6396809,8434380,6990537]},{"id":1406,"name":"Cactus","type":10,"category":0,"actions":[],"coordinates":[[9278,38064],[9290,38100],[9370,38124],[9402,38020]],"size":[2,2,521],"rotations":[0,0,0,0],"colors":[7122329,6396809,8434380,6990537]},{"id":1123,"name":"Bush","type":10,"category":0,"actions":[],"coordinates":[[9286,37944],[9338,37972],[9346,38088],[9434,37964]],"size":[2,2,521],"rotations":[0,0,0,0],"colors":[7122329,6396809,8434380,6990537]},{"id":1403,"name":"Cactus","type":10,"category":0,"actions":[],"coordinates":[[9290,38020],[9302,38048],[9318,38028]],"size":[2,2,521],"rotations":[0,0,0],"colors":[7122329,6396809,8434380,6990537]},{"id":2692,"name":"Prison door","type":0,"category":0,"actions":["Open"],"coordinates":[[9348,37934]],"size":[1,1,521],"rotations":[0],"colors":[7122329,6396809,8434380,6990537]},{"id":358,"name":"Crate","type":10,"category":0,"actions":["Search"],"coordinates":[[9352,37950],[9400,37942]],"size":[1,1,521],"rotations":[0,0],"colors":[7122329,6396809,8434380,6990537]},{"id":357,"name":"Crate","type":10,"category":0,"actions":["Search"],"coordinates":[[9352,37946],[9356,37954],[9356,37950],[9384,37966],[9396,37942]],"size":[1,1,521],"rotations":[0,0,0,0,0],"colors":[7122329,6396809,8434380,6990537]},{"id":1404,"name":"Cactus","type":10,"category":0,"actions":[],"coordinates":[[9362,38012],[9390,38032]],"size":[2,2,521],"rotations":[0,0],"colors":[7122329,6396809,8434380,6990537]},{"id":4031,"name":"Shantay pass","type":10,"category":0,"actions":["Go-through","Look-at"],"coordinates":[[9374,37966]],"size":[4,1,521],"rotations":[0],"colors":[7122329,6396809,8434380,6990537]},{"id":18874,"name":"Danger sign","type":11,"category":0,"actions":[],"coordinates":[[9368,37958],[9380,37958]],"size":[1,1,521],"rotations":[0,0],"colors":[7122329,6396809,8434380,6990537]},{"id":18894,"name":"Rockslide","type":10,"category":0,"actions":[],"coordinates":[[9374,38008],[9382,38008],[9442,37888],[9466,37888]],"size":[2,2,521],"rotations":[0,0,0,0],"colors":[7122329,6396809,8434380,6990537]},{"id":16024,"name":"Inconspicuous crate (medium)","type":10,"category":0,"actions":["Build"],"coordinates":[[9392,37930]],"size":[1,1,521],"rotations":[0],"colors":[7122329,6396809,8434380,6990537]},{"id":2693,"name":"Bank chest","type":10,"category":237,"actions":["Use","Collect"],"coordinates":[[9396,37950]],"size":[1,1,521],"rotations":[0],"colors":[7122329,6396809,8434380,6990537]},{"id":26807,"name":"Poll booth","type":10,"category":761,"actions":["Use"],"coordinates":[[9396,37938]],"size":[1,1,521],"rotations":[0],"colors":[7122329,6396809,8434380,6990537]},{"id":10529,"name":"Bank Deposit Box","type":10,"category":276,"actions":["Deposit"],"coordinates":[[9396,37934]],"size":[1,1,521],"rotations":[0],"colors":[7122329,6396809,8434380,6990537]},{"id":7391,"name":"Rolled up rug","type":10,"category":0,"actions":[],"coordinates":[[9400,37990]],"size":[1,1,521],"rotations":[0],"colors":[7122329,6396809,8434380,6990537]},{"id":7393,"name":"Little tent","type":10,"category":0,"actions":[],"coordinates":[[9404,38002]],"size":[1,1,521],"rotations":[0],"colors":[7122329,6396809,8434380,6990537]},{"id":366,"name":"Crate","type":10,"category":0,"actions":["Search"],"coordinates":[[9408,37998]],"size":[1,1,521],"rotations":[0],"colors":[7122329,6396809,8434380,6990537]},{"id":7392,"name":"Rolled up rugs","type":10,"category":0,"actions":[],"coordinates":[[9408,37992]],"size":[1,2,521],"rotations":[2],"colors":[7122329,6396809,8434380,6990537]},{"id":30180,"name":"Cave","type":10,"category":0,"actions":["Enter"],"coordinates":[[9438,37942]],"size":[3,2,521],"rotations":[3],"colors":[7122329,6396809,8434380,6990537]}]