[{"id":20341,"name":"Gate","type":10,"category":0,"actions":["Open"],"coordinates":[[9220,39292]],"size":[2,1,521],"rotations":[3],"colors":[7122329,6396809,8434380,6990537]},{"id":6578,"name":"Tree","type":10,"category":0,"actions":[],"coordinates":[[9222,39248],[9230,39336],[9234,39416],[9250,39216],[9254,39228],[9258,39344],[9266,39252],[9270,39396],[9282,39204],[9302,39300],[9306,39204],[9322,39404],[9350,39224],[9366,39268],[9370,39384],[9386,39292],[9394,39264],[9402,39392]],"size":[2,2,521],"rotations":[0,0,0,0,0,0,0,0,0,0,0,0,0,0,0,0,0,0],"colors":[7122329,6396809,8434380,6990537]},{"id":1361,"name":"Tropical tree","type":10,"category":0,"actions":[],"coordinates":[[9232,39218],[9240,39382]],"size":[7,7,521],"rotations":[0,0],"colors":[7122329,6396809,8434380,6990537]},{"id":1360,"name":"Tropical tree","type":10,"category":0,"actions":[],"coordinates":[[9220,39218],[9228,39382]],"size":[1,1,521],"rotations":[0,0],"colors":[7122329,6396809,8434380,6990537]},{"id":579,"name":"Statue","type":10,"category":0,"actions":[],"coordinates":[[9224,39306],[9224,39278]],"size":[1,1,521],"rotations":[0,0],"colors":[7122329,6396809,8434380,6990537]},{"id":5606,"name":"Rock","type":10,"category":0,"actions":[],"coordinates":[[9230,39228],[9242,39180],[9246,39272],[9258,39316]],"size":[2,2,521],"rotations":[0,0,0,0],"colors":[7122329,6396809,8434380,6990537]},{"id":5605,"name":"Rock","type":10,"category":0,"actions":[],"coordinates":[[9240,39394],[9240,39258],[9240,39174],[9244,39414],[9256,39370]],"size":[1,1,521],"rotations":[0,0,0,0,0],"colors":[7122329,6396809,8434380,6990537]},{"id":5604,"name":"Rock","type":10,"category":0,"actions":[],"coordinates":[[9242,39264],[9246,39408],[9254,39360]],"size":[2,2,521],"rotations":[0,0,0],"colors":[7122329,6396809,8434380,6990537]},{"id":1326,"name":"Tropical tree","type":10,"category":0,"actions":[],"coordinates":[[9268,39410]],"size":[1,1,521],"rotations":[0],"colors":[7122329,6396809,8434380,6990537]},{"id":1327,"name":"Tropical tree","type":10,"category":0,"actions":[],"coordinates":[[9268,39410]],"size":[1,1,521],"rotations":[0],"colors":[7122329,6396809,8434380,6990537]},{"id":20353,"name":"Ladder","type":10,"category":0,"actions":["Climb-up"],"coordinates":[[9272,39358],[9292,39410],[9296,39358],[9416,39414],[9424,39362],[9428,39282]],"size":[1,1,521],"rotations":[0,0,0,0,0,0],"colors":[7122329,6396809,8434380,6990537]},{"id":20369,"name":"Boxes","type":10,"category":242,"actions":["Search"],"coordinates":[[9276,39286],[9280,39302],[9280,39282],[9408,39326],[9408,39322]],"size":[1,1,521],"rotations":[0,0,0,0,0],"colors":[7122329,6396809,8434380,6990537]},{"id":20358,"name":"Sink","type":10,"category":0,"actions":[],"coordinates":[[9282,39418],[9414,39378],[9418,39390],[9432,39296]],"size":[1,2,521],"rotations":[3,3,3,2],"colors":[7122329,6396809,8434380,6990537]},{"id":5609,"name":"Cooking Pots","type":10,"category":0,"actions":[],"coordinates":[[9280,39414],[9288,39418],[9412,39374],[9428,39366],[9428,39322]],"size":[1,1,521],"rotations":[0,0,0,0,0],"colors":[7122329,6396809,8434380,6990537]},{"id":20362,"name":"Shelf","type":5,"category":0,"actions":[],"coordinates":[[9280,39410],[9412,39398],[9420,39414],[9428,39338],[9428,39278]],"size":[1,1,521],"rotations":[0,0,0,0,0],"colors":[7122329,6396809,8434380,6990537]},{"id":20352,"name":"Chair","type":10,"category":0,"actions":[],"coordinates":[[9280,39406],[9284,39402],[9408,39338],[9412,39338],[9420,39402],[9424,39406],[9424,39398],[9432,39290],[9432,39286]],"size":[1,1,521],"rotations":[0,0,0,0,0,0,0,0,0],"colors":[7122329,6396809,8434380,6990537]},{"id":20343,"name":"Cart","type":10,"category":0,"actions":[],"coordinates":[[9282,39394],[9412,39256]],"size":[2,3,521],"rotations":[2,1],"colors":[7122329,6396809,8434380,6990537]},{"id":20377,"name":"Altar","type":10,"category":897,"actions":["Pray-at"],"coordinates":[[9284,39334]],"size":[3,1,521],"rotations":[0],"colors":[7122329,6396809,8434380,6990537]},{"id":20348,"name":"Spice stall","type":10,"category":0,"actions":["Search"],"coordinates":[[9294,39396]],"size":[2,2,521],"rotations":[0],"colors":[7122329,6396809,8434380,6990537]},{"id":21253,"name":"An anonymous looking door","type":10,"category":0,"actions":["Search"],"coordinates":[[9294,39252]],"size":[2,2,521],"rotations":[0],"colors":[7122329,6396809,8434380,6990537]},{"id":44036,"name":"Gate","type":0,"category":0,"actions":["Open"],"coordinates":[[9292,39194]],"size":[1,1,521],"rotations":[0],"colors":[7122329,6396809,8434380,6990537]},{"id":44035,"name":"Railing","type":0,"category":0,"actions":[],"coordinates":[[9292,39194],[9296,39194],[9448,39386]],"size":[1,1,521],"rotations":[0,0,0],"colors":[7122329,6396809,8434380,6990537]},{"id":44038,"name":"Gate","type":0,"category":0,"actions":["Open"],"coordinates":[[9296,39194]],"size":[1,1,521],"rotations":[0],"colors":[7122329,6396809,8434380,6990537]},{"id":7391,"name":"Rolled up rug","type":10,"category":0,"actions":[],"coordinates":[[9304,39182]],"size":[1,1,521],"rotations":[0],"colors":[7122329,6396809,8434380,6990537]},{"id":7393,"name":"Little tent","type":10,"category":0,"actions":[],"coordinates":[[9308,39186]],"size":[1,1,521],"rotations":[0],"colors":[7122329,6396809,8434380,6990537]},{"id":366,"name":"Crate","type":10,"category":0,"actions":["Search"],"coordinates":[[9308,39170]],"size":[1,1,521],"rotations":[0],"colors":[7122329,6396809,8434380,6990537]},{"id":20987,"name":"An anonymous looking door","type":10,"category":0,"actions":["Search"],"coordinates":[[9314,39272]],"size":[2,2,521],"rotations":[0],"colors":[7122329,6396809,8434380,6990537]},{"id":20974,"name":"An anonymous looking door","type":10,"category":0,"actions":["Search"],"coordinates":[[9314,39232]],"size":[2,2,521],"rotations":[0],"colors":[7122329,6396809,8434380,6990537]},{"id":20349,"name":"Market stall","type":10,"category":0,"actions":[],"coordinates":[[9314,39204],[9342,39204],[9378,39344],[9398,39340],[9410,39312]],"size":[2,2,521],"rotations":[0,0,0,0,0],"colors":[7122329,6396809,8434380,6990537]},{"id":7392,"name":"Rolled up rugs","type":10,"category":0,"actions":[],"coordinates":[[9312,39176]],"size":[1,2,521],"rotations":[2],"colors":[7122329,6396809,8434380,6990537]},{"id":28936,"name":"Inconspicuous hole (hard)","type":10,"category":0,"actions":["Build"],"coordinates":[[9324,39310]],"size":[1,1,521],"rotations":[0],"colors":[7122329,6396809,8434380,6990537]},{"id":20977,"name":"An anonymous looking door","type":10,"category":0,"actions":["Search"],"coordinates":[[9334,39252]],"size":[2,2,521],"rotations":[0],"colors":[7122329,6396809,8434380,6990537]},{"id":6614,"name":"Door","type":10,"category":0,"actions":["Open"],"coordinates":[[9338,39314]],"size":[2,3,521],"rotations":[2],"colors":[7122329,6396809,8434380,6990537]},{"id":44075,"name":"Cactus","type":10,"category":0,"actions":[],"coordinates":[[9352,39174],[9464,39174]],"size":[1,1,521],"rotations":[0,0],"colors":[7122329,6396809,8434380,6990537]},{"id":44071,"name":"Cactus","type":10,"category":0,"actions":[],"coordinates":[[9356,39178]],"size":[1,1,521],"rotations":[0],"colors":[7122329,6396809,8434380,6990537]},{"id":6613,"name":"Mirror","type":10,"category":0,"actions":[],"coordinates":[[9368,39410]],"size":[1,1,521],"rotations":[0],"colors":[7122329,6396809,8434380,6990537]},{"id":6612,"name":"Mirror","type":10,"category":0,"actions":[],"coordinates":[[9372,39414]],"size":[1,1,521],"rotations":[0],"colors":[7122329,6396809,8434380,6990537]},{"id":6611,"name":"Mirror","type":10,"category":0,"actions":[],"coordinates":[[9376,39418]],"size":[1,1,521],"rotations":[0],"colors":[7122329,6396809,8434380,6990537]},{"id":6607,"name":"Mirror","type":10,"category":0,"actions":[],"coordinates":[[9380,39418]],"size":[1,1,521],"rotations":[0],"colors":[7122329,6396809,8434380,6990537]},{"id":6606,"name":"Suntrap","type":10,"category":0,"actions":["Use"],"coordinates":[[9380,39406]],"size":[1,1,521],"rotations":[0],"colors":[7122329,6396809,8434380,6990537]},{"id":6608,"name":"Mirror","type":10,"category":0,"actions":[],"coordinates":[[9384,39418]],"size":[1,1,521],"rotations":[0],"colors":[7122329,6396809,8434380,6990537]},{"id":6609,"name":"Mirror","type":10,"category":0,"actions":[],"coordinates":[[9388,39414]],"size":[1,1,521],"rotations":[0],"colors":[7122329,6396809,8434380,6990537]},{"id":6610,"name":"Mirror","type":10,"category":0,"actions":[],"coordinates":[[9392,39410]],"size":[1,1,521],"rotations":[0],"colors":[7122329,6396809,8434380,6990537]},{"id":20356,"name":"Ladder","type":10,"category":0,"actions":["Climb-up"],"coordinates":[[9392,39218]],"size":[1,1,521],"rotations":[0],"colors":[7122329,6396809,8434380,6990537]},{"id":20344,"name":"Silk stall","type":10,"category":0,"actions":[],"coordinates":[[9398,39276]],"size":[2,2,521],"rotations":[0],"colors":[7122329,6396809,8434380,6990537]},{"id":20342,"name":"Cart","type":10,"category":0,"actions":[],"coordinates":[[9402,39370]],"size":[2,3,521],"rotations":[0],"colors":[7122329,6396809,8434380,6990537]},{"id":20359,"name":"Wheelbarrow","type":10,"category":0,"actions":[],"coordinates":[[9410,39356]],"size":[2,2,521],"rotations":[0],"colors":[7122329,6396809,8434380,6990537]},{"id":20374,"name":"Logs","type":10,"category":0,"actions":[],"coordinates":[[9408,39330]],"size":[1,1,521],"rotations":[0],"colors":[7122329,6396809,8434380,6990537]},{"id":20351,"name":"Table","type":10,"category":169,"actions":[],"coordinates":[[9412,39342],[9424,39402]],"size":[1,1,521],"rotations":[0,0],"colors":[7122329,6396809,8434380,6990537]},{"id":20370,"name":"Log pile","type":10,"category":0,"actions":[],"coordinates":[[9412,39322],[9416,39334],[9416,39330],[9416,39322],[9420,39350],[9420,39322]],"size":[1,1,521],"rotations":[0,0,0,0,0,0],"colors":[7122329,6396809,8434380,6990537]},{"id":6656,"name":"Cloth","type":10,"category":0,"actions":[],"coordinates":[[9412,39302],[9420,39298],[9420,39262],[9424,39302],[9424,39298],[9424,39294]],"size":[1,1,521],"rotations":[0,0,0,0,0,0],"colors":[7122329,6396809,8434380,6990537]},{"id":20379,"name":"Altar","type":10,"category":0,"actions":[],"coordinates":[[9412,39232]],"size":[2,1,521],"rotations":[1],"colors":[7122329,6396809,8434380,6990537]},{"id":44074,"name":"Cactus","type":10,"category":0,"actions":[],"coordinates":[[9412,39178],[9428,39170]],"size":[1,1,521],"rotations":[0,0],"colors":[7122329,6396809,8434380,6990537]},{"id":20375,"name":"Potter's wheel","type":10,"category":377,"actions":["Use"],"coordinates":[[9416,39338]],"size":[1,1,521],"rotations":[0],"colors":[7122329,6396809,8434380,6990537]},{"id":20376,"name":"Clothes","type":10,"category":0,"actions":[],"coordinates":[[9416,39302]],"size":[1,1,521],"rotations":[0],"colors":[7122329,6396809,8434380,6990537]},{"id":20388,"name":"Cloth covered table","type":10,"category":156,"actions":[],"coordinates":[[9418,39282]],"size":[2,1,521],"rotations":[0],"colors":[7122329,6396809,8434380,6990537]},{"id":20367,"name":"Crate","type":10,"category":209,"actions":[],"coordinates":[[9416,39262],[9428,39266]],"size":[1,1,521],"rotations":[0,0],"colors":[7122329,6396809,8434380,6990537]},{"id":44069,"name":"Cactus","type":10,"category":0,"actions":[],"coordinates":[[9416,39174]],"size":[1,1,521],"rotations":[0],"colors":[7122329,6396809,8434380,6990537]},{"id":20373,"name":"Logs","type":10,"category":0,"actions":[],"coordinates":[[9420,39346]],"size":[1,1,521],"rotations":[0],"colors":[7122329,6396809,8434380,6990537]},{"id":20372,"name":"Hollow log","type":10,"category":0,"actions":[],"coordinates":[[9422,39318],[9426,39374],[9432,39352],[9432,39328]],"size":[2,1,521],"rotations":[0,2,3,1],"colors":[7122329,6396809,8434380,6990537]},{"id":20275,"name":"Ladder","type":10,"category":0,"actions":["Climb-down"],"coordinates":[[9420,39242]],"size":[1,1,521],"rotations":[0],"colors":[7122329,6396809,8434380,6990537]},{"id":44076,"name":"Cactus","type":10,"category":0,"actions":[],"coordinates":[[9420,39170]],"size":[1,1,521],"rotations":[0],"colors":[7122329,6396809,8434380,6990537]},{"id":20360,"name":"Workbench","type":10,"category":0,"actions":[],"coordinates":[[9424,39336]],"size":[2,1,521],"rotations":[1],"colors":[7122329,6396809,8434380,6990537]},{"id":20365,"name":"Spinning wheel","type":10,"category":971,"actions":["Spin"],"coordinates":[[9424,39270]],"size":[1,1,521],"rotations":[0],"colors":[7122329,6396809,8434380,6990537]},{"id":44068,"name":"Cactus","type":10,"category":0,"actions":[],"coordinates":[[9424,39170]],"size":[1,1,521],"rotations":[0],"colors":[7122329,6396809,8434380,6990537]},{"id":20371,"name":"Broken logs","type":10,"category":0,"actions":[],"coordinates":[[9434,39336]],"size":[2,2,521],"rotations":[0],"colors":[7122329,6396809,8434380,6990537]},{"id":44070,"name":"Cactus","type":10,"category":0,"actions":[],"coordinates":[[9432,39178]],"size":[1,1,521],"rotations":[0],"colors":[7122329,6396809,8434380,6990537]},{"id":6620,"name":"Hole","type":0,"category":0,"actions":["Climb-through"],"coordinates":[[9444,39246]],"size":[1,1,521],"rotations":[0],"colors":[7122329,6396809,8434380,6990537]},{"id":44040,"name":"Gate","type":0,"category":0,"actions":["Open"],"coordinates":[[9448,39386]],"size":[1,1,521],"rotations":[0],"colors":[7122329,6396809,8434380,6990537]},{"id":1123,"name":"Bush","type":10,"category":0,"actions":[],"coordinates":[[9458,39408]],"size":[2,2,521],"rotations":[0],"colors":[7122329,6396809,8434380,6990537]},{"id":44276,"name":"Crates","type":11,"category":0,"actions":[],"coordinates":[[9456,39394]],"size":[1,1,521],"rotations":[0],"colors":[7122329,6396809,8434380,6990537]},{"id":20835,"name":"Sack Pile","type":11,"category":0,"actions":[],"coordinates":[[9456,39390],[9464,39394]],"size":[1,1,521],"rotations":[0,0],"colors":[7122329,6396809,8434380,6990537]},{"id":44228,"name":"Bush","type":10,"category":0,"actions":[],"coordinates":[[9460,39418],[9460,39410]],"size":[1,1,521],"rotations":[0,0],"colors":[7122329,6396809,8434380,6990537]},{"id":44277,"name":"Crate","type":10,"category":0,"actions":[],"coordinates":[[9460,39394]],"size":[1,1,521],"rotations":[0],"colors":[7122329,6396809,8434380,6990537]},{"id":44080,"name":"Cactus","type":10,"category":0,"actions":[],"coordinates":[[9460,39246]],"size":[1,1,521],"rotations":[0],"colors":[7122329,6396809,8434380,6990537]},{"id":44073,"name":"Cactus","type":10,"category":0,"actions":[],"coordinates":[[9460,39242]],"size":[1,1,521],"rotations":[0],"colors":[7122329,6396809,8434380,6990537]},{"id":44078,"name":"Cactus","type":10,"category":0,"actions":[],"coordinates":[[9460,39238]],"size":[1,1,521],"rotations":[0],"colors":[7122329,6396809,8434380,6990537]},{"id":44077,"name":"Cactus","type":10,"category":0,"actions":[],"coordinates":[[9464,39246]],"size":[1,1,521],"rotations":[0],"colors":[7122329,6396809,8434380,6990537]},{"id":44072,"name":"Cactus","type":10,"category":0,"actions":[],"coordinates":[[9468,39178]],"size":[1,1,521],"rotations":[0],"colors":[7122329,6396809,8434380,6990537]}]