[{"id":2078,"name":"Banana tree","type":10,"category":0,"actions":["Search"],"coordinates":[[9218,38876],[9226,38832],[9310,38772],[9314,38844],[9370,38740]],"size":[2,2,521],"rotations":[0,0,0,0,0],"colors":[7122329,6396809,8434380,6990537]},{"id":1406,"name":"Cactus","type":10,"category":0,"actions":[],"coordinates":[[9262,38708],[9338,38888],[9378,38676],[9418,38852]],"size":[2,2,521],"rotations":[0,0,0,0],"colors":[7122329,6396809,8434380,6990537]},{"id":5605,"name":"Rock","type":10,"category":0,"actions":[],"coordinates":[[9272,38834]],"size":[1,1,521],"rotations":[0],"colors":[7122329,6396809,8434380,6990537]},{"id":5606,"name":"Rock","type":10,"category":0,"actions":[],"coordinates":[[9310,38820]],"size":[2,2,521],"rotations":[0],"colors":[7122329,6396809,8434380,6990537]}]