[{"id":2670,"name":"Kharidian cactus (Healthy)","type":10,"category":1632,"actions":["Cut"],"coordinates":[[13056,38330],[13060,38206],[13064,38250],[13088,38226],[13136,38214],[13156,38310],[13160,38226],[13176,38342],[13176,38334],[13212,38238],[13256,38378],[13280,38334],[13300,38218],[13304,38374]],"size":[1,1,523],"rotations":[0,0,0,0,0,0,0,0,0,0,0,0,0,0],"colors":[7122329,6396809,8434380,6990537]},{"id":724,"name":"Standing torch","type":10,"category":0,"actions":[],"coordinates":[[13076,38326],[13080,38298],[13160,38310],[13168,38310],[13180,38302]],"size":[1,1,523],"rotations":[0,0,0,0,0],"colors":[7122329,6396809,8434380,6990537]},{"id":1405,"name":"Cactus","type":10,"category":0,"actions":[],"coordinates":[[13082,38264],[13090,38200],[13094,38248],[13094,38192],[13098,38240],[13098,38200],[13106,38208],[13110,38240],[13178,38296],[13182,38340],[13198,38156],[13258,38268],[13262,38276],[13270,38376],[13270,38368],[13278,38368],[13278,38296],[13294,38272],[13298,38328]],"size":[2,2,523],"rotations":[0,0,0,0,0,0,0,0,0,0,0,0,0,0,0,0,0,0,0],"colors":[7122329,6396809,8434380,6990537]},{"id":1404,"name":"Cactus","type":10,"category":0,"actions":[],"coordinates":[[13082,38192],[13186,38164],[13230,38188]],"size":[2,2,523],"rotations":[0,0,0],"colors":[7122329,6396809,8434380,6990537]},{"id":2674,"name":"Gate","type":0,"category":0,"actions":["Open","Search"],"coordinates":[[13092,38318]],"size":[1,1,523],"rotations":[0],"colors":[7122329,6396809,8434380,6990537]},{"id":2673,"name":"Gate","type":0,"category":0,"actions":["Open","Search"],"coordinates":[[13092,38314]],"size":[1,1,523],"rotations":[0],"colors":[7122329,6396809,8434380,6990537]},{"id":18889,"name":"Crate","type":10,"category":209,"actions":["Search"],"coordinates":[[13104,38338],[13108,38350],[13108,38342],[13112,38346],[13156,38342]],"size":[1,1,523],"rotations":[0,0,0,0,0],"colors":[7122329,6396809,8434380,6990537]},{"id":1123,"name":"Bush","type":10,"category":0,"actions":[],"coordinates":[[13106,38152],[13174,38188],[13202,38168],[13222,38188]],"size":[2,2,523],"rotations":[0,0,0,0],"colors":[7122329,6396809,8434380,6990537]},{"id":18887,"name":"Barrel","type":10,"category":0,"actions":[],"coordinates":[[13108,38354],[13116,38366],[13120,38362],[13124,38358],[13152,38330],[13156,38330]],"size":[1,1,523],"rotations":[0,0,0,0,0,0],"colors":[7122329,6396809,8434380,6990537]},{"id":18890,"name":"Crate","type":10,"category":209,"actions":[],"coordinates":[[13108,38346]],"size":[1,1,523],"rotations":[0],"colors":[7122329,6396809,8434380,6990537]},{"id":18962,"name":"Barrel","type":10,"category":0,"actions":["Look-in","Search"],"coordinates":[[13112,38362]],"size":[1,1,523],"rotations":[0],"colors":[7122329,6396809,8434380,6990537]},{"id":18888,"name":"Winch","type":10,"category":0,"actions":["Look at","Operate"],"coordinates":[[13116,38360]],"size":[1,2,523],"rotations":[0],"colors":[7122329,6396809,8434380,6990537]},{"id":18871,"name":"Rock","type":22,"category":0,"actions":["Climb"],"coordinates":[[13124,38282]],"size":[1,1,523],"rotations":[0],"colors":[7122329,6396809,8434380,6990537]},{"id":18869,"name":"Cell wall window","type":0,"category":0,"actions":["Bend"],"coordinates":[[13132,38294]],"size":[1,1,523],"rotations":[0],"colors":[7122329,6396809,8434380,6990537]},{"id":11365,"name":"Iron rocks","type":10,"category":218,"actions":["Mine"],"coordinates":[[13136,38370],[13148,38370]],"size":[1,1,523],"rotations":[0,0],"colors":[7122329,6396809,8434380,6990537]},{"id":18960,"name":"Cart Camel","type":10,"category":0,"actions":["Talk-to"],"coordinates":[[13142,38336]],"size":[4,2,523],"rotations":[0],"colors":[7122329,6396809,8434380,6990537]},{"id":11364,"name":"Iron rocks","type":10,"category":218,"actions":["Mine"],"coordinates":[[13140,38362]],"size":[1,1,523],"rotations":[0],"colors":[7122329,6396809,8434380,6990537]},{"id":1102,"name":"Stool","type":10,"category":0,"actions":[],"coordinates":[[13140,38302]],"size":[1,1,523],"rotations":[0],"colors":[7122329,6396809,8434380,6990537]},{"id":422,"name":"Bed","type":10,"category":0,"actions":[],"coordinates":[[13140,38284],[13144,38304]],"size":[1,2,523],"rotations":[0,2],"colors":[7122329,6396809,8434380,6990537]},{"id":18958,"name":"Wooden cart","type":10,"category":0,"actions":["Look at","Search"],"coordinates":[[13152,38336]],"size":[2,3,523],"rotations":[1],"colors":[7122329,6396809,8434380,6990537]},{"id":2689,"name":"Prison door","type":0,"category":0,"actions":["Open"],"coordinates":[[13148,38294]],"size":[1,1,523],"rotations":[0],"colors":[7122329,6396809,8434380,6990537]},{"id":582,"name":"Statue","type":10,"category":0,"actions":[],"coordinates":[[13160,38306]],"size":[1,1,523],"rotations":[0],"colors":[7122329,6396809,8434380,6990537]},{"id":18903,"name":"Ladder","type":10,"category":0,"actions":["Climb-up"],"coordinates":[[13160,38286]],"size":[1,1,523],"rotations":[0],"colors":[7122329,6396809,8434380,6990537]},{"id":11366,"name":"Coal rocks","type":10,"category":200,"actions":["Mine"],"coordinates":[[13164,38366]],"size":[1,1,523],"rotations":[0],"colors":[7122329,6396809,8434380,6990537]},{"id":1533,"name":"Curtain","type":0,"category":0,"actions":["Open"],"coordinates":[[13164,38310]],"size":[1,1,523],"rotations":[0],"colors":[7122329,6396809,8434380,6990537]},{"id":24103,"name":"Chair","type":11,"category":0,"actions":[],"coordinates":[[13164,38298],[13168,38298],[13168,38290]],"size":[1,1,523],"rotations":[0,0,0],"colors":[7122329,6396809,8434380,6990537]},{"id":18902,"name":"Table","type":10,"category":154,"actions":["Search"],"coordinates":[[13166,38294]],"size":[2,1,523],"rotations":[0],"colors":[7122329,6396809,8434380,6990537]},{"id":11367,"name":"Coal rocks","type":10,"category":200,"actions":["Mine"],"coordinates":[[13168,38370],[13172,38362],[13176,38370]],"size":[1,1,523],"rotations":[0,0,0],"colors":[7122329,6396809,8434380,6990537]},{"id":10943,"name":"Copper rocks","type":10,"category":196,"actions":["Mine"],"coordinates":[[13196,38370],[13200,38362]],"size":[1,1,523],"rotations":[0,0],"colors":[7122329,6396809,8434380,6990537]},{"id":11161,"name":"Copper rocks","type":10,"category":196,"actions":["Mine"],"coordinates":[[13204,38366],[13208,38370]],"size":[1,1,523],"rotations":[0,0],"colors":[7122329,6396809,8434380,6990537]},{"id":2675,"name":"Mine door entrance","type":0,"category":0,"actions":["Open","Watch"],"coordinates":[[13204,38286]],"size":[1,1,523],"rotations":[0],"colors":[7122329,6396809,8434380,6990537]},{"id":11361,"name":"Tin rocks","type":10,"category":198,"actions":["Mine"],"coordinates":[[13208,38330],[13216,38338]],"size":[1,1,523],"rotations":[0,0],"colors":[7122329,6396809,8434380,6990537]},{"id":2676,"name":"Mine door entrance","type":0,"category":0,"actions":["Open","Watch"],"coordinates":[[13208,38286]],"size":[1,1,523],"rotations":[0],"colors":[7122329,6396809,8434380,6990537]},{"id":11360,"name":"Tin rocks","type":10,"category":198,"actions":["Mine"],"coordinates":[[13212,38346],[13216,38330]],"size":[1,1,523],"rotations":[0,0],"colors":[7122329,6396809,8434380,6990537]},{"id":1406,"name":"Cactus","type":10,"category":0,"actions":[],"coordinates":[[13214,38192],[13222,38196]],"size":[2,2,523],"rotations":[0,0],"colors":[7122329,6396809,8434380,6990537]}]