[{"id":2670,"name":"Kharidian cactus (Healthy)","type":10,"category":1632,"actions":["Cut"],"coordinates":[[13056,-11050],[13060,-11174],[13064,-11130],[13088,-11154],[13136,-11166],[13156,-11070],[13160,-11154],[13176,-11038],[13176,-11046],[13212,-11142],[13256,-11002],[13280,-11046],[13300,-11162],[13304,-11006]],"size":[1,1,521],"rotations":[0,0,0,0,0,0,0,0,0,0,0,0,0,0],"colors":[7122329,6396809,8434380,6990537]},{"id":724,"name":"Standing torch","type":10,"category":0,"actions":[],"coordinates":[[13076,-11054],[13080,-11082],[13160,-11070],[13168,-11070],[13180,-11078]],"size":[1,1,521],"rotations":[0,0,0,0,0],"colors":[7122329,6396809,8434380,6990537]},{"id":1405,"name":"Cactus","type":10,"category":0,"actions":[],"coordinates":[[13082,-11116],[13090,-11180],[13094,-11132],[13094,-11188],[13098,-11140],[13098,-11180],[13106,-11172],[13110,-11140],[13178,-11084],[13182,-11040],[13198,-11224],[13258,-11112],[13262,-11104],[13270,-11004],[13270,-11012],[13278,-11012],[13278,-11084],[13294,-11108],[13298,-11052]],"size":[2,2,521],"rotations":[0,0,0,0,0,0,0,0,0,0,0,0,0,0,0,0,0,0,0],"colors":[7122329,6396809,8434380,6990537]},{"id":1404,"name":"Cactus","type":10,"category":0,"actions":[],"coordinates":[[13082,-11188],[13186,-11216],[13230,-11192]],"size":[2,2,521],"rotations":[0,0,0],"colors":[7122329,6396809,8434380,6990537]},{"id":2674,"name":"Gate","type":0,"category":0,"actions":["Open","Search"],"coordinates":[[13092,-11062]],"size":[1,1,521],"rotations":[0],"colors":[7122329,6396809,8434380,6990537]},{"id":2673,"name":"Gate","type":0,"category":0,"actions":["Open","Search"],"coordinates":[[13092,-11066]],"size":[1,1,521],"rotations":[0],"colors":[7122329,6396809,8434380,6990537]},{"id":18889,"name":"Crate","type":10,"category":209,"actions":["Search"],"coordinates":[[13104,-11042],[13108,-11030],[13108,-11038],[13112,-11034],[13156,-11038]],"size":[1,1,521],"rotations":[0,0,0,0,0],"colors":[7122329,6396809,8434380,6990537]},{"id":1123,"name":"Bush","type":10,"category":0,"actions":[],"coordinates":[[13106,-11228],[13174,-11192],[13202,-11212],[13222,-11192]],"size":[2,2,521],"rotations":[0,0,0,0],"colors":[7122329,6396809,8434380,6990537]},{"id":18887,"name":"Barrel","type":10,"category":0,"actions":[],"coordinates":[[13108,-11026],[13116,-11014],[13120,-11018],[13124,-11022],[13152,-11050],[13156,-11050]],"size":[1,1,521],"rotations":[0,0,0,0,0,0],"colors":[7122329,6396809,8434380,6990537]},{"id":18890,"name":"Crate","type":10,"category":209,"actions":[],"coordinates":[[13108,-11034]],"size":[1,1,521],"rotations":[0],"colors":[7122329,6396809,8434380,6990537]},{"id":18962,"name":"Barrel","type":10,"category":0,"actions":["Look-in","Search"],"coordinates":[[13112,-11018]],"size":[1,1,521],"rotations":[0],"colors":[7122329,6396809,8434380,6990537]},{"id":18888,"name":"Winch","type":10,"category":0,"actions":["Look at","Operate"],"coordinates":[[13116,-11020]],"size":[1,2,521],"rotations":[0],"colors":[7122329,6396809,8434380,6990537]},{"id":18871,"name":"Rock","type":22,"category":0,"actions":["Climb"],"coordinates":[[13124,-11098]],"size":[1,1,521],"rotations":[0],"colors":[7122329,6396809,8434380,6990537]},{"id":18869,"name":"Cell wall window","type":0,"category":0,"actions":["Bend"],"coordinates":[[13132,-11086]],"size":[1,1,521],"rotations":[0],"colors":[7122329,6396809,8434380,6990537]},{"id":11365,"name":"Iron rocks","type":10,"category":218,"actions":["Mine"],"coordinates":[[13136,-11010],[13148,-11010]],"size":[1,1,521],"rotations":[0,0],"colors":[7122329,6396809,8434380,6990537]},{"id":18960,"name":"Cart Camel","type":10,"category":0,"actions":["Talk-to"],"coordinates":[[13142,-11044]],"size":[4,2,521],"rotations":[0],"colors":[7122329,6396809,8434380,6990537]},{"id":11364,"name":"Iron rocks","type":10,"category":218,"actions":["Mine"],"coordinates":[[13140,-11018]],"size":[1,1,521],"rotations":[0],"colors":[7122329,6396809,8434380,6990537]},{"id":1102,"name":"Stool","type":10,"category":0,"actions":[],"coordinates":[[13140,-11078]],"size":[1,1,521],"rotations":[0],"colors":[7122329,6396809,8434380,6990537]},{"id":422,"name":"Bed","type":10,"category":0,"actions":[],"coordinates":[[13140,-11096],[13144,-11076]],"size":[1,2,521],"rotations":[0,2],"colors":[7122329,6396809,8434380,6990537]},{"id":18958,"name":"Wooden cart","type":10,"category":0,"actions":["Look at","Search"],"coordinates":[[13152,-11044]],"size":[2,3,521],"rotations":[1],"colors":[7122329,6396809,8434380,6990537]},{"id":2689,"name":"Prison door","type":0,"category":0,"actions":["Open"],"coordinates":[[13148,-11086]],"size":[1,1,521],"rotations":[0],"colors":[7122329,6396809,8434380,6990537]},{"id":582,"name":"Statue","type":10,"category":0,"actions":[],"coordinates":[[13160,-11074]],"size":[1,1,521],"rotations":[0],"colors":[7122329,6396809,8434380,6990537]},{"id":18903,"name":"Ladder","type":10,"category":0,"actions":["Climb-up"],"coordinates":[[13160,-11094]],"size":[1,1,521],"rotations":[0],"colors":[7122329,6396809,8434380,6990537]},{"id":11366,"name":"Coal rocks","type":10,"category":200,"actions":["Mine"],"coordinates":[[13164,-11014]],"size":[1,1,521],"rotations":[0],"colors":[7122329,6396809,8434380,6990537]},{"id":1533,"name":"Curtain","type":0,"category":0,"actions":["Open"],"coordinates":[[13164,-11070]],"size":[1,1,521],"rotations":[0],"colors":[7122329,6396809,8434380,6990537]},{"id":24103,"name":"Chair","type":11,"category":0,"actions":[],"coordinates":[[13164,-11082],[13168,-11082],[13168,-11090]],"size":[1,1,521],"rotations":[0,0,0],"colors":[7122329,6396809,8434380,6990537]},{"id":18902,"name":"Table","type":10,"category":154,"actions":["Search"],"coordinates":[[13166,-11086]],"size":[2,1,521],"rotations":[0],"colors":[7122329,6396809,8434380,6990537]},{"id":11367,"name":"Coal rocks","type":10,"category":200,"actions":["Mine"],"coordinates":[[13168,-11010],[13172,-11018],[13176,-11010]],"size":[1,1,521],"rotations":[0,0,0],"colors":[7122329,6396809,8434380,6990537]},{"id":10943,"name":"Copper rocks","type":10,"category":196,"actions":["Mine"],"coordinates":[[13196,-11010],[13200,-11018]],"size":[1,1,521],"rotations":[0,0],"colors":[7122329,6396809,8434380,6990537]},{"id":11161,"name":"Copper rocks","type":10,"category":196,"actions":["Mine"],"coordinates":[[13204,-11014],[13208,-11010]],"size":[1,1,521],"rotations":[0,0],"colors":[7122329,6396809,8434380,6990537]},{"id":2675,"name":"Mine door entrance","type":0,"category":0,"actions":["Open","Watch"],"coordinates":[[13204,-11094]],"size":[1,1,521],"rotations":[0],"colors":[7122329,6396809,8434380,6990537]},{"id":11361,"name":"Tin rocks","type":10,"category":198,"actions":["Mine"],"coordinates":[[13208,-11050],[13216,-11042]],"size":[1,1,521],"rotations":[0,0],"colors":[7122329,6396809,8434380,6990537]},{"id":2676,"name":"Mine door entrance","type":0,"category":0,"actions":["Open","Watch"],"coordinates":[[13208,-11094]],"size":[1,1,521],"rotations":[0],"colors":[7122329,6396809,8434380,6990537]},{"id":11360,"name":"Tin rocks","type":10,"category":198,"actions":["Mine"],"coordinates":[[13212,-11034],[13216,-11050]],"size":[1,1,521],"rotations":[0,0],"colors":[7122329,6396809,8434380,6990537]},{"id":1406,"name":"Cactus","type":10,"category":0,"actions":[],"coordinates":[[13214,-11188],[13222,-11184]],"size":[2,2,521],"rotations":[0,0],"colors":[7122329,6396809,8434380,6990537]}]