[{"id":2050,"name":"Gate","type":0,"category":0,"actions":["Open"],"coordinates":[[13056,36810]],"size":[1,1,523],"rotations":[0],"colors":[7122329,6396809,8434380,6990537]},{"id":2051,"name":"Gate","type":0,"category":0,"actions":["Open"],"coordinates":[[13056,36806]],"size":[1,1,523],"rotations":[0],"colors":[7122329,6396809,8434380,6990537]},{"id":24567,"name":"Door","type":0,"category":0,"actions":["Open"],"coordinates":[[13056,36666]],"size":[1,1,523],"rotations":[0],"colors":[7122329,6396809,8434380,6990537]},{"id":24559,"name":"Dig Site specimen rocks","type":10,"category":0,"actions":["Take"],"coordinates":[[13056,36646]],"size":[1,1,523],"rotations":[0],"colors":[7122329,6396809,8434380,6990537]},{"id":24565,"name":"Door","type":0,"category":0,"actions":["Open"],"coordinates":[[13060,36666]],"size":[1,1,523],"rotations":[0],"colors":[7122329,6396809,8434380,6990537]},{"id":24558,"name":"Dig Site specimen rocks","type":10,"category":0,"actions":["Take"],"coordinates":[[13060,36646]],"size":[1,1,523],"rotations":[0],"colors":[7122329,6396809,8434380,6990537]},{"id":24550,"name":"Display case","type":10,"category":690,"actions":["Study"],"coordinates":[[13060,36638],[13060,36630]],"size":[1,1,523],"rotations":[0,0],"colors":[7122329,6396809,8434380,6990537]},{"id":24534,"name":"Storage crate","type":10,"category":0,"actions":["Add finds"],"coordinates":[[13064,36662],[13068,36662]],"size":[1,1,523],"rotations":[0,0],"colors":[7122329,6396809,8434380,6990537]},{"id":11798,"name":"Staircase","type":10,"category":638,"actions":["Climb-up"],"coordinates":[[13066,36618]],"size":[2,3,523],"rotations":[0],"colors":[7122329,6396809,8434380,6990537]},{"id":10321,"name":"Manhole","type":10,"category":0,"actions":["Climb-down"],"coordinates":[[13068,36830]],"size":[1,1,523],"rotations":[0],"colors":[7122329,6396809,8434380,6990537]},{"id":1392,"name":"Plant","type":10,"category":0,"actions":[],"coordinates":[[13070,36680]],"size":[2,2,523],"rotations":[0],"colors":[7122329,6396809,8434380,6990537]},{"id":5106,"name":"Crate","type":11,"category":209,"actions":["Search"],"coordinates":[[13068,36614],[13096,36750],[13116,36806],[13120,36810],[13128,36814]],"size":[1,1,523],"rotations":[0,0,0,0,0],"colors":[7122329,6396809,8434380,6990537]},{"id":5107,"name":"Crate","type":10,"category":0,"actions":["Search"],"coordinates":[[13068,36610],[13100,36750],[13120,36806],[13124,36810]],"size":[1,1,523],"rotations":[0,0,0,0],"colors":[7122329,6396809,8434380,6990537]},{"id":2322,"name":"Bar","type":10,"category":0,"actions":[],"coordinates":[[13072,36862]],"size":[1,1,523],"rotations":[0],"colors":[7122329,6396809,8434380,6990537]},{"id":2317,"name":"Bar","type":10,"category":0,"actions":[],"coordinates":[[13072,36854]],"size":[1,1,523],"rotations":[0],"colors":[7122329,6396809,8434380,6990537]},{"id":7167,"name":"Stool","type":10,"category":0,"actions":[],"coordinates":[[13072,36786],[13076,36794]],"size":[1,1,523],"rotations":[0,0],"colors":[7122329,6396809,8434380,6990537]},{"id":2320,"name":"Bar","type":10,"category":0,"actions":[],"coordinates":[[13076,36862]],"size":[1,1,523],"rotations":[0],"colors":[7122329,6396809,8434380,6990537]},{"id":2316,"name":"Bar","type":10,"category":0,"actions":[],"coordinates":[[13076,36854]],"size":[1,1,523],"rotations":[0],"colors":[7122329,6396809,8434380,6990537]},{"id":635,"name":"Tea stall","type":10,"category":0,"actions":["Steal-from"],"coordinates":[[13078,36788]],"size":[2,2,523],"rotations":[0],"colors":[7122329,6396809,8434380,6990537]},{"id":2318,"name":"Bar","type":10,"category":0,"actions":[],"coordinates":[[13080,36862]],"size":[1,1,523],"rotations":[0],"colors":[7122329,6396809,8434380,6990537]},{"id":3646,"name":"Well","type":10,"category":245,"actions":[],"coordinates":[[13082,36804],[13294,36844]],"size":[2,2,523],"rotations":[0,0],"colors":[7122329,6396809,8434380,6990537]},{"id":5114,"name":"Barrel","type":10,"category":0,"actions":[],"coordinates":[[13080,36794],[13088,36770]],"size":[1,1,523],"rotations":[0,0],"colors":[7122329,6396809,8434380,6990537]},{"id":2649,"name":"Table","type":10,"category":156,"actions":[],"coordinates":[[13082,36778],[13098,36738]],"size":[2,1,523],"rotations":[0,0],"colors":[7122329,6396809,8434380,6990537]},{"id":2321,"name":"Bar","type":10,"category":0,"actions":[],"coordinates":[[13084,36862]],"size":[1,1,523],"rotations":[0],"colors":[7122329,6396809,8434380,6990537]},{"id":5112,"name":"Barrel","type":10,"category":0,"actions":[],"coordinates":[[13084,36794]],"size":[1,1,523],"rotations":[0],"colors":[7122329,6396809,8434380,6990537]},{"id":5108,"name":"Closed chest","type":10,"category":0,"actions":["Open"],"coordinates":[[13084,36766]],"size":[1,1,523],"rotations":[0],"colors":[7122329,6396809,8434380,6990537]},{"id":5113,"name":"Crate","type":10,"category":209,"actions":["Search"],"coordinates":[[13088,36794],[13088,36774]],"size":[1,1,523],"rotations":[0,0],"colors":[7122329,6396809,8434380,6990537]},{"id":1124,"name":"Bush","type":10,"category":0,"actions":[],"coordinates":[[13088,36646],[13176,36638]],"size":[1,1,523],"rotations":[0,0],"colors":[7122329,6396809,8434380,6990537]},{"id":1276,"name":"Tree","type":10,"category":189,"actions":["Chop down"],"coordinates":[[13090,36628],[13094,36616],[13098,36640],[13098,36632],[13106,36668],[13106,36624],[13106,36612],[13110,36704],[13110,36636],[13114,36652],[13114,36620],[13118,36628],[13122,36748],[13122,36696],[13130,36700],[13134,36792],[13182,36632],[13190,36692],[13194,36668],[13198,36804],[13198,36756],[13206,36700],[13206,36616],[13218,36772],[13222,36820],[13222,36800],[13226,36712],[13230,36836],[13234,36776],[13246,36740],[13258,36764],[13262,36616],[13270,36776],[13274,36796],[13290,36636],[13294,36656],[13302,36760],[13302,36668]],"size":[2,2,523],"rotations":[0,0,0,0,0,0,0,0,0,0,0,0,0,0,0,0,0,0,0,0,0,0,0,0,0,0,0,0,0,0,0,0,0,0,0,0,0,0],"colors":[7122329,6396809,8434380,6990537]},{"id":1076,"name":"Sign","type":5,"category":0,"actions":[],"coordinates":[[13092,36862]],"size":[1,1,523],"rotations":[0],"colors":[7122329,6396809,8434380,6990537]},{"id":9661,"name":"Tree stump","type":10,"category":0,"actions":[],"coordinates":[[13096,36650],[13156,36854],[13156,36822],[13160,36646],[13172,36802],[13176,36838],[13300,36690]],"size":[1,1,523],"rotations":[0,0,0,0,0,0,0],"colors":[7122329,6396809,8434380,6990537]},{"id":1278,"name":"Tree","type":10,"category":189,"actions":["Chop down"],"coordinates":[[13102,36772],[13106,36760],[13130,36748],[13154,36664],[13162,36628],[13162,36620],[13186,36736],[13186,36644],[13190,36708],[13194,36840],[13202,36856],[13202,36772],[13206,36744],[13206,36652],[13206,36640],[13210,36680],[13218,36748],[13218,36664],[13226,36788],[13226,36700],[13226,36668],[13226,36648],[13234,36740],[13242,36804],[13242,36716],[13242,36640],[13246,36768],[13246,36652],[13250,36752],[13254,36800],[13258,36784],[13262,36680],[13270,36840],[13270,36636],[13274,36760],[13282,36684],[13282,36660],[13282,36644]],"size":[2,2,523],"rotations":[0,0,0,0,0,0,0,0,0,0,0,0,0,0,0,0,0,0,0,0,0,0,0,0,0,0,0,0,0,0,0,0,0,0,0,0,0,0],"colors":[7122329,6396809,8434380,6990537]},{"id":1393,"name":"Plant","type":10,"category":0,"actions":[],"coordinates":[[13100,36646],[13112,36666],[13172,36850],[13176,36834],[13176,36814],[13192,36818],[13212,36830],[13232,36818],[13256,36722],[13276,36698],[13288,36686]],"size":[1,1,523],"rotations":[0,0,0,0,0,0,0,0,0,0,0],"colors":[7122329,6396809,8434380,6990537]},{"id":11772,"name":"Door","type":0,"category":168,"actions":["Close"],"coordinates":[[13104,36746],[13112,36842],[13112,36814]],"size":[1,1,523],"rotations":[0,0,0],"colors":[7122329,6396809,8434380,6990537]},{"id":10820,"name":"Oak tree","type":10,"category":279,"actions":["Chop down"],"coordinates":[[13108,36682],[13116,36766],[13120,36706],[13128,36730],[13132,36762],[13204,36718],[13208,36762],[13224,36682],[13236,36754],[13240,36790],[13248,36698],[13248,36670],[13268,36654]],"size":[3,3,523],"rotations":[0,0,0,0,0,0,0,0,0,0,0,0,0],"colors":[7122329,6396809,8434380,6990537]},{"id":50874,"name":"Rocks","type":10,"category":0,"actions":[],"coordinates":[[13112,36782]],"size":[3,3,523],"rotations":[0],"colors":[7122329,6396809,8434380,6990537]},{"id":2553,"name":"Clothes","type":10,"category":0,"actions":[],"coordinates":[[13112,36830]],"size":[1,1,523],"rotations":[0],"colors":[7122329,6396809,8434380,6990537]},{"id":7406,"name":"Teak table","type":10,"category":157,"actions":[],"coordinates":[[13114,36824]],"size":[2,2,523],"rotations":[0],"colors":[7122329,6396809,8434380,6990537]},{"id":7182,"name":"Chair","type":11,"category":0,"actions":[],"coordinates":[[13112,36818],[13120,36826],[13120,36822]],"size":[1,1,523],"rotations":[0,0,0],"colors":[7122329,6396809,8434380,6990537]},{"id":2552,"name":"Clothes","type":10,"category":0,"actions":[],"coordinates":[[13116,36830]],"size":[1,1,523],"rotations":[0],"colors":[7122329,6396809,8434380,6990537]},{"id":1391,"name":"Plant","type":10,"category":0,"actions":[],"coordinates":[[13118,36640],[13178,36656],[13266,36740],[13286,36620]],"size":[2,2,523],"rotations":[0,0,0,0],"colors":[7122329,6396809,8434380,6990537]},{"id":817,"name":"Suit of armour","type":10,"category":0,"actions":[],"coordinates":[[13120,36854]],"size":[1,1,523],"rotations":[0],"colors":[7122329,6396809,8434380,6990537]},{"id":2496,"name":"Table","type":10,"category":154,"actions":[],"coordinates":[[13122,36846]],"size":[2,1,523],"rotations":[2],"colors":[7122329,6396809,8434380,6990537]},{"id":3624,"name":"Mannequin","type":10,"category":0,"actions":[],"coordinates":[[13124,36854]],"size":[1,1,523],"rotations":[0],"colors":[7122329,6396809,8434380,6990537]},{"id":2495,"name":"Sewing machine","type":10,"category":0,"actions":[],"coordinates":[[13124,36834]],"size":[1,1,523],"rotations":[0],"colors":[7122329,6396809,8434380,6990537]},{"id":7190,"name":"Bed","type":10,"category":0,"actions":[],"coordinates":[[13130,36826]],"size":[1,2,523],"rotations":[1],"colors":[7122329,6396809,8434380,6990537]},{"id":50095,"name":"Plant","type":10,"category":0,"actions":[],"coordinates":[[13130,36692],[13270,36676]],"size":[2,2,523],"rotations":[0,0],"colors":[7122329,6396809,8434380,6990537]},{"id":2493,"name":"Mirror","type":10,"category":0,"actions":[],"coordinates":[[13132,36850]],"size":[1,1,523],"rotations":[0],"colors":[7122329,6396809,8434380,6990537]},{"id":11801,"name":"Ladder","type":10,"category":664,"actions":["Climb-up"],"coordinates":[[13132,36838]],"size":[1,1,523],"rotations":[0],"colors":[7122329,6396809,8434380,6990537]},{"id":7169,"name":"Table","type":10,"category":155,"actions":[],"coordinates":[[13132,36822]],"size":[1,1,523],"rotations":[0],"colors":[7122329,6396809,8434380,6990537]},{"id":50085,"name":"Rocks","type":10,"category":0,"actions":[],"coordinates":[[13132,36678]],"size":[1,1,523],"rotations":[0],"colors":[7122329,6396809,8434380,6990537]},{"id":11773,"name":"Door","type":0,"category":167,"actions":["Open"],"coordinates":[[13136,36846]],"size":[1,1,523],"rotations":[0],"colors":[7122329,6396809,8434380,6990537]},{"id":50089,"name":"Tree stump","type":10,"category":0,"actions":[],"coordinates":[[13164,36678],[13260,36666]],"size":[1,1,523],"rotations":[0,0],"colors":[7122329,6396809,8434380,6990537]},{"id":9663,"name":"Fallen tree","type":10,"category":0,"actions":[],"coordinates":[[13180,36676]],"size":[3,2,523],"rotations":[0],"colors":[7122329,6396809,8434380,6990537]},{"id":24560,"name":"Gate","type":0,"category":0,"actions":["Open"],"coordinates":[[13184,36718]],"size":[1,1,523],"rotations":[0],"colors":[7122329,6396809,8434380,6990537]},{"id":24561,"name":"Gate","type":0,"category":0,"actions":["Open"],"coordinates":[[13184,36714]],"size":[1,1,523],"rotations":[0],"colors":[7122329,6396809,8434380,6990537]},{"id":1282,"name":"Dead tree","type":10,"category":189,"actions":["Chop down"],"coordinates":[[13218,36708],[13238,36656],[13246,36684],[13258,36644],[13266,36692]],"size":[2,2,523],"rotations":[0,0,0,0,0],"colors":[7122329,6396809,8434380,6990537]},{"id":1286,"name":"Dead tree","type":10,"category":189,"actions":["Chop down"],"coordinates":[[13216,36698],[13228,36770],[13236,36706]],"size":[1,1,523],"rotations":[0,0,0],"colors":[7122329,6396809,8434380,6990537]},{"id":14003,"name":"Grass","type":10,"category":0,"actions":[],"coordinates":[[13216,36626],[13224,36618],[13244,36630],[13256,36618],[13264,36626]],"size":[1,1,523],"rotations":[0,0,0,0,0],"colors":[7122329,6396809,8434380,6990537]},{"id":7134,"name":"Mushroom","type":10,"category":0,"actions":[],"coordinates":[[13232,36734],[13236,36734],[13284,36786],[13296,36754]],"size":[1,1,523],"rotations":[0,0,0,0],"colors":[7122329,6396809,8434380,6990537]},{"id":7136,"name":"Mushroom","type":10,"category":0,"actions":[],"coordinates":[[13232,36730],[13296,36750]],"size":[1,1,523],"rotations":[0,0],"colors":[7122329,6396809,8434380,6990537]},{"id":7135,"name":"Mushrooms","type":10,"category":0,"actions":[],"coordinates":[[13232,36718],[13288,36774]],"size":[1,1,523],"rotations":[0,0],"colors":[7122329,6396809,8434380,6990537]},{"id":1118,"name":"Bush","type":10,"category":0,"actions":[],"coordinates":[[13234,36692]],"size":[2,2,523],"rotations":[0],"colors":[7122329,6396809,8434380,6990537]},{"id":50091,"name":"Bush","type":10,"category":0,"actions":[],"coordinates":[[13286,36672]],"size":[2,2,523],"rotations":[0],"colors":[7122329,6396809,8434380,6990537]},{"id":188,"name":"Crashed glider","type":10,"category":0,"actions":[],"coordinates":[[13294,36712]],"size":[4,4,523],"rotations":[0],"colors":[7122329,6396809,8434380,6990537]},{"id":24502,"name":"Long planks","type":10,"category":0,"actions":[],"coordinates":[[13300,36656]],"size":[2,1,523],"rotations":[3],"colors":[7122329,6396809,8434380,6990537]}]