[{"id":14738,"name":"Tree","type":10,"category":0,"actions":[],"coordinates":[[13068,-14382],[13076,-14346],[13104,-14398],[13136,-14414],[13168,-14438],[13208,-14426],[13232,-14386],[13244,-14442],[13252,-14370],[13260,-14338],[13288,-14406],[13292,-14358]],"size":[1,1,521],"rotations":[0,0,0,0,0,0,0,0,0,0,0,0],"colors":[7122329,6396809,8434380,6990537]},{"id":14681,"name":"Bones","type":10,"category":0,"actions":[],"coordinates":[[13078,-14468],[13266,-14524]],"size":[2,2,521],"rotations":[0,0],"colors":[7122329,6396809,8434380,6990537]},{"id":14676,"name":"Bones","type":10,"category":0,"actions":[],"coordinates":[[13076,-14530],[13276,-14522]],"size":[1,1,521],"rotations":[0,0],"colors":[7122329,6396809,8434380,6990537]},{"id":666,"name":"Corpse","type":10,"category":0,"actions":[],"coordinates":[[13100,-14476],[13124,-14520],[13154,-14490]],"size":[2,1,521],"rotations":[3,1,2],"colors":[7122329,6396809,8434380,6990537]},{"id":14677,"name":"Bones","type":10,"category":0,"actions":[],"coordinates":[[13104,-14542],[13256,-14530]],"size":[1,1,521],"rotations":[0,0],"colors":[7122329,6396809,8434380,6990537]},{"id":664,"name":"Corpse","type":10,"category":0,"actions":[],"coordinates":[[13116,-14506],[13120,-14478],[13160,-14486],[13184,-14486]],"size":[1,1,521],"rotations":[0,0,0,0],"colors":[7122329,6396809,8434380,6990537]},{"id":14680,"name":"Bones","type":10,"category":0,"actions":[],"coordinates":[[13120,-14434],[13240,-14370],[13264,-14514]],"size":[1,1,521],"rotations":[0,0,0],"colors":[7122329,6396809,8434380,6990537]},{"id":665,"name":"Corpse","type":10,"category":0,"actions":[],"coordinates":[[13120,-14490],[13144,-14502],[13168,-14502]],"size":[1,1,521],"rotations":[0,0,0],"colors":[7122329,6396809,8434380,6990537]},{"id":667,"name":"Corpse","type":10,"category":0,"actions":[],"coordinates":[[13144,-14496],[13176,-14520]],"size":[2,1,521],"rotations":[1,3],"colors":[7122329,6396809,8434380,6990537]},{"id":703,"name":"Large bone","type":10,"category":0,"actions":[],"coordinates":[[13152,-14506],[13156,-14494]],"size":[1,1,521],"rotations":[0,0],"colors":[7122329,6396809,8434380,6990537]},{"id":14678,"name":"Bones","type":10,"category":0,"actions":[],"coordinates":[[13156,-14514],[13252,-14518]],"size":[1,1,521],"rotations":[0,0],"colors":[7122329,6396809,8434380,6990537]},{"id":14679,"name":"Bones","type":10,"category":0,"actions":[],"coordinates":[[13160,-14498],[13256,-14502]],"size":[1,1,521],"rotations":[0,0],"colors":[7122329,6396809,8434380,6990537]},{"id":47145,"name":"Signpost","type":10,"category":0,"actions":[],"coordinates":[[13164,-14342]],"size":[1,1,521],"rotations":[0],"colors":[7122329,6396809,8434380,6990537]},{"id":47140,"name":"Cave Entrance","type":10,"category":0,"actions":["Enter","Peek","Check-Fee"],"coordinates":[[13172,-14352]],"size":[4,5,521],"rotations":[3],"colors":[7122329,6396809,8434380,6990537]},{"id":14687,"name":"Bones","type":10,"category":0,"actions":[],"coordinates":[[13164,-14510]],"size":[1,3,521],"rotations":[0],"colors":[7122329,6396809,8434380,6990537]},{"id":14686,"name":"Bones","type":10,"category":0,"actions":[],"coordinates":[[13168,-14510]],"size":[1,3,521],"rotations":[2],"colors":[7122329,6396809,8434380,6990537]},{"id":14675,"name":"Skeleton","type":10,"category":0,"actions":[],"coordinates":[[13274,-14522]],"size":[2,1,521],"rotations":[0],"colors":[7122329,6396809,8434380,6990537]},{"id":14674,"name":"Skeleton","type":10,"category":0,"actions":[],"coordinates":[[13276,-14534]],"size":[1,1,521],"rotations":[0],"colors":[7122329,6396809,8434380,6990537]}]