[{"id":26727,"name":"Exit portal","type":10,"category":754,"actions":["Forfeit"],"coordinates":[[9330,30708]],"size":[4,2,521],"rotations":[0],"colors":[7122329,6396809,8434380,6990537]},{"id":26728,"name":"Exit portal","type":10,"category":754,"actions":["Forfeit"],"coordinates":[[9330,30476]],"size":[4,2,521],"rotations":[2],"colors":[7122329,6396809,8434380,6990537]},{"id":26738,"name":"Portal","type":10,"category":755,"actions":["Exit"],"coordinates":[[9452,30662],[9452,30522]],"size":[1,1,521],"rotations":[0,0],"colors":[7122329,6396809,8434380,6990537]},{"id":26741,"name":"Viewing orb","type":10,"category":756,"actions":["Use"],"coordinates":[[9452,30606],[9452,30578]],"size":[1,1,521],"rotations":[0,0],"colors":[7122329,6396809,8434380,6990537]}]