[{"id":29789,"name":"Passage","type":10,"category":1000,"actions":["Enter"],"coordinates":[[9224,29376],[9224,29248],[9406,29322],[9406,29194]],"size":[3,2,521],"rotations":[0,2,3,3],"colors":[7122329,6396809,8434380,6990537]},{"id":29811,"name":"Carved head","type":10,"category":0,"actions":[],"coordinates":[[9292,29398]],"size":[3,3,521],"rotations":[0],"colors":[7122329,6396809,8434380,6990537]},{"id":29794,"name":"Large Crystal","type":10,"category":0,"actions":[],"coordinates":[[9358,29324]],"size":[2,2,521],"rotations":[0],"colors":[7122329,6396809,8434380,6990537]}]