[{"id":29789,"name":"Passage","type":10,"category":1000,"actions":["Enter"],"coordinates":[[9232,29632],[9390,29606]],"size":[3,2,521],"rotations":[0,1],"colors":[7122329,6396809,8434380,6990537]},{"id":29811,"name":"Carved head","type":10,"category":0,"actions":[],"coordinates":[[9248,29618],[9356,29482],[9380,29666]],"size":[3,3,521],"rotations":[0,0,0],"colors":[7122329,6396809,8434380,6990537]},{"id":29794,"name":"Large Crystal","type":10,"category":0,"actions":[],"coordinates":[[9254,29660],[9394,29668]],"size":[2,2,521],"rotations":[0,0],"colors":[7122329,6396809,8434380,6990537]},{"id":29864,"name":"Shadow root","type":10,"category":0,"actions":[],"coordinates":[[9258,29668],[9282,29472],[9286,29636],[9286,29556],[9362,29648],[9406,29644]],"size":[2,2,521],"rotations":[0,0,0,0,0,0],"colors":[7122329,6396809,8434380,6990537]},{"id":29778,"name":"Steps","type":10,"category":0,"actions":["Climb"],"coordinates":[[9274,29690],[9354,29686]],"size":[2,3,521],"rotations":[0,0],"colors":[7122329,6396809,8434380,6990537]},{"id":47420,"name":"Bank chest","type":10,"category":237,"actions":["Use","Collect"],"coordinates":[[9276,29626],[9372,29634]],"size":[1,1,521],"rotations":[0,0],"colors":[7122329,6396809,8434380,6990537]},{"id":30066,"name":"Energy well","type":22,"category":0,"actions":["Touch"],"coordinates":[[9292,29478],[9404,29522]],"size":[1,1,521],"rotations":[0,0],"colors":[7122329,6396809,8434380,6990537]}]