[{"id":46152,"name":"Rubble","type":11,"category":0,"actions":[],"coordinates":[[13392,13966],[13452,13986],[13496,13970]],"size":[3,3,523],"rotations":[0,0,0],"colors":[7122329,6396809,8434380,6990537]},{"id":46151,"name":"Rubble","type":11,"category":0,"actions":[],"coordinates":[[13400,13978]],"size":[5,5,523],"rotations":[0],"colors":[7122329,6396809,8434380,6990537]},{"id":46150,"name":"Rubble","type":10,"category":0,"actions":[],"coordinates":[[13396,13950],[13416,13986],[13452,13998],[13468,13990]],"size":[3,5,523],"rotations":[2,3,3,1],"colors":[7122329,6396809,8434380,6990537]},{"id":46136,"name":"Urn","type":11,"category":0,"actions":[],"coordinates":[[13404,13958]],"size":[1,1,523],"rotations":[0],"colors":[7122329,6396809,8434380,6990537]},{"id":46135,"name":"Urn","type":10,"category":0,"actions":[],"coordinates":[[13404,13954]],"size":[1,1,523],"rotations":[0],"colors":[7122329,6396809,8434380,6990537]},{"id":46130,"name":"Crate","type":11,"category":0,"actions":[],"coordinates":[[13404,13950]],"size":[1,1,523],"rotations":[0],"colors":[7122329,6396809,8434380,6990537]},{"id":46131,"name":"Crates","type":11,"category":0,"actions":[],"coordinates":[[13408,13962]],"size":[1,1,523],"rotations":[0],"colors":[7122329,6396809,8434380,6990537]},{"id":46138,"name":"Crates","type":10,"category":0,"actions":[],"coordinates":[[13408,13958]],"size":[1,1,523],"rotations":[0],"colors":[7122329,6396809,8434380,6990537]},{"id":46075,"name":"<col=ffff00>Bank Camel</col>","type":11,"category":0,"actions":["Bank","Collect"],"coordinates":[[13408,13954]],"size":[1,1,523],"rotations":[0],"colors":[7122329,6396809,8434380,6990537]},{"id":46077,"name":"Sack","type":10,"category":220,"actions":["Search"],"coordinates":[[13412,13962]],"size":[1,1,523],"rotations":[0],"colors":[7122329,6396809,8434380,6990537]},{"id":46071,"name":"Scoreboard","type":10,"category":0,"actions":["Read"],"coordinates":[[13420,13974]],"size":[1,3,523],"rotations":[1],"colors":[7122329,6396809,8434380,6990537]},{"id":46133,"name":"Pottery","type":11,"category":0,"actions":[],"coordinates":[[13416,13970],[13476,13954]],"size":[1,1,523],"rotations":[0,0],"colors":[7122329,6396809,8434380,6990537]},{"id":46134,"name":"Pottery","type":10,"category":0,"actions":[],"coordinates":[[13416,13934]],"size":[1,1,523],"rotations":[0],"colors":[7122329,6396809,8434380,6990537]},{"id":46089,"name":"Entry","type":10,"category":0,"actions":["Enter"],"coordinates":[[13436,13982]],"size":[5,1,523],"rotations":[2],"colors":[7122329,6396809,8434380,6990537]},{"id":46153,"name":"Debris","type":10,"category":0,"actions":[],"coordinates":[[13428,13922]],"size":[1,1,523],"rotations":[0],"colors":[7122329,6396809,8434380,6990537]},{"id":46068,"name":"Grouping Obelisk","type":10,"category":0,"actions":["Inspect"],"coordinates":[[13436,13950]],"size":[3,3,523],"rotations":[0],"colors":[7122329,6396809,8434380,6990537]},{"id":46087,"name":"Exit","type":10,"category":0,"actions":["Leave"],"coordinates":[[13436,13912]],"size":[3,2,523],"rotations":[2],"colors":[7122329,6396809,8434380,6990537]},{"id":45320,"name":"Debris","type":10,"category":0,"actions":[],"coordinates":[[13444,13924]],"size":[1,2,523],"rotations":[2],"colors":[7122329,6396809,8434380,6990537]},{"id":46073,"name":"Invocation Board","type":10,"category":0,"actions":["Read"],"coordinates":[[13452,13974]],"size":[1,3,523],"rotations":[1],"colors":[7122329,6396809,8434380,6990537]},{"id":45321,"name":"Debris","type":11,"category":0,"actions":[],"coordinates":[[13448,13926]],"size":[1,1,523],"rotations":[0],"colors":[7122329,6396809,8434380,6990537]},{"id":46086,"name":"Crate","type":11,"category":0,"actions":[],"coordinates":[[13452,13930]],"size":[1,1,523],"rotations":[0],"colors":[7122329,6396809,8434380,6990537]},{"id":46078,"name":"Chest","type":10,"category":0,"actions":["Claim"],"coordinates":[[13464,13970]],"size":[1,1,523],"rotations":[0],"colors":[7122329,6396809,8434380,6990537]},{"id":49568,"name":"Cavity","type":10,"category":0,"actions":["Deposit-pickaxe"],"coordinates":[[13468,13974]],"size":[1,1,523],"rotations":[0],"colors":[7122329,6396809,8434380,6990537]},{"id":46080,"name":"Chest","type":10,"category":0,"actions":["Search"],"coordinates":[[13468,13946]],"size":[1,1,523],"rotations":[0],"colors":[7122329,6396809,8434380,6990537]},{"id":46083,"name":"False Door","type":10,"category":0,"actions":["Claim"],"coordinates":[[13480,13974]],"size":[1,1,523],"rotations":[0],"colors":[7122329,6396809,8434380,6990537]},{"id":46132,"name":"Pottery","type":10,"category":0,"actions":[],"coordinates":[[13480,13958]],"size":[1,1,523],"rotations":[0],"colors":[7122329,6396809,8434380,6990537]}]