[{"id":10427,"name":"Door","type":0,"category":0,"actions":["Open"],"coordinates":[[9572,12254]],"size":[1,1,257],"rotations":[0],"colors":[4026512,5538466,5142421,6720164]},{"id":10429,"name":"Door","type":0,"category":0,"actions":["Open"],"coordinates":[[9576,12254]],"size":[1,1,257],"rotations":[0],"colors":[4026512,5538466,5142421,6720164]},{"id":10423,"name":"Door","type":0,"category":0,"actions":["Open"],"coordinates":[[9576,12198]],"size":[1,1,257],"rotations":[0],"colors":[4026512,5538466,5142421,6720164]},{"id":10425,"name":"Door","type":0,"category":0,"actions":["Open"],"coordinates":[[9580,12198]],"size":[1,1,257],"rotations":[0],"colors":[4026512,5538466,5142421,6720164]},{"id":10404,"name":"Water Channel","type":10,"category":0,"actions":[],"coordinates":[[9612,12278],[9616,12278],[9664,12214],[9664,12210],[9672,12250],[9672,12246]],"size":[1,1,86],"rotations":[0,0,0,0,0,0],"colors":[5142421,6720164,5538466,14278073]},{"id":10420,"name":"Door","type":0,"category":0,"actions":["Open"],"coordinates":[[9620,12262]],"size":[1,1,257],"rotations":[0],"colors":[4026512,5538466,5142421,6720164]},{"id":10412,"name":"Hole","type":22,"category":0,"actions":[],"coordinates":[[9628,12278],[9664,12198],[9672,12238]],"size":[1,1,13],"rotations":[0,0,0],"colors":[1054297,1056885,1455492,1461139,1796768,3767475,6393273,6986441]},{"id":10433,"name":"Fire","type":10,"category":152,"actions":[],"coordinates":[[9632,12086]],"size":[1,1,195],"rotations":[0],"colors":[2992123,2589920,2320590,3000059,3003643,14278073]},{"id":10440,"name":"Rock Chair","type":10,"category":0,"actions":[],"coordinates":[[9636,12086]],"size":[1,1,161],"rotations":[0],"colors":[8892121,8497104,8167881,7250129,6986441,5673417,5344192,7513561]},{"id":10419,"name":"Door","type":0,"category":0,"actions":["Open"],"coordinates":[[9648,12206]],"size":[1,1,257],"rotations":[0],"colors":[4026512,5538466,5142421,6720164]},{"id":10421,"name":"Door","type":0,"category":0,"actions":["Open"],"coordinates":[[9656,12242]],"size":[1,1,257],"rotations":[0],"colors":[4026512,5538466,5142421,6720164]}]