[{"id":43938,"name":"Statue","type":10,"category":0,"actions":[],"coordinates":[[9628,13438],[9648,13458],[9668,13418],[9704,13446],[9704,13430]],"size":[1,1,521],"rotations":[0,0,0,0,0],"colors":[7122329,6396809,8434380,6990537]},{"id":43924,"name":"Urn","type":11,"category":0,"actions":[],"coordinates":[[9632,13450],[9632,13430],[9636,13422],[9680,13450],[9680,13422]],"size":[1,1,521],"rotations":[0,0,0,0,0],"colors":[7122329,6396809,8434380,6990537]},{"id":43919,"name":"Urn","type":10,"category":0,"actions":[],"coordinates":[[9632,13446],[9656,13454],[9684,13450]],"size":[1,1,521],"rotations":[0,0,0],"colors":[7122329,6396809,8434380,6990537]},{"id":43980,"name":"Urn","type":10,"category":1631,"actions":[],"coordinates":[[9632,13438]],"size":[1,1,521],"rotations":[0],"colors":[7122329,6396809,8434380,6990537]},{"id":43923,"name":"Urn","type":10,"category":0,"actions":[],"coordinates":[[9632,13426]],"size":[1,1,521],"rotations":[0],"colors":[7122329,6396809,8434380,6990537]},{"id":43920,"name":"Urn","type":11,"category":0,"actions":[],"coordinates":[[9636,13454],[9680,13454],[9684,13426]],"size":[1,1,521],"rotations":[0,0,0],"colors":[7122329,6396809,8434380,6990537]},{"id":43926,"name":"Urn","type":10,"category":0,"actions":[],"coordinates":[[9638,13450],[9674,13422]],"size":[1,2,521],"rotations":[3,3],"colors":[7122329,6396809,8434380,6990537]},{"id":43922,"name":"Urn","type":10,"category":0,"actions":[],"coordinates":[[9636,13434],[9636,13426],[9656,13450],[9680,13430]],"size":[1,1,521],"rotations":[0,0,0,0],"colors":[7122329,6396809,8434380,6990537]},{"id":43921,"name":"Urn","type":10,"category":0,"actions":[],"coordinates":[[9640,13430],[9640,13422],[9680,13426],[9684,13430]],"size":[1,1,521],"rotations":[0,0,0,0],"colors":[7122329,6396809,8434380,6990537]},{"id":43925,"name":"Urn","type":10,"category":0,"actions":[],"coordinates":[[9646,13426],[9660,13452]],"size":[2,1,521],"rotations":[0,3],"colors":[7122329,6396809,8434380,6990537]},{"id":43939,"name":"Statue","type":10,"category":0,"actions":[],"coordinates":[[9648,13418],[9668,13458]],"size":[1,1,521],"rotations":[0,0],"colors":[7122329,6396809,8434380,6990537]},{"id":43927,"name":"Sarcophagus","type":10,"category":0,"actions":[],"coordinates":[[9658,13438]],"size":[3,4,521],"rotations":[3],"colors":[7122329,6396809,8434380,6990537]},{"id":43962,"name":"Door","type":0,"category":0,"actions":["Open"],"coordinates":[[9716,13438]],"size":[1,1,521],"rotations":[0],"colors":[7122329,6396809,8434380,6990537]},{"id":43969,"name":"Lever","type":4,"category":0,"actions":["Pull"],"coordinates":[[9720,13442]],"size":[1,1,521],"rotations":[0],"colors":[7122329,6396809,8434380,6990537]},{"id":43974,"name":"Plaque","type":10,"category":0,"actions":[],"coordinates":[[9724,13450]],"size":[1,1,521],"rotations":[0],"colors":[7122329,6396809,8434380,6990537]},{"id":43972,"name":"Plaque","type":10,"category":0,"actions":[],"coordinates":[[9724,13426]],"size":[1,1,521],"rotations":[0],"colors":[7122329,6396809,8434380,6990537]}]