[{"id":2670,"name":"Kharidian cactus (Healthy)","type":10,"category":1632,"actions":["Cut"],"coordinates":[[9496,39090],[9528,38986],[9688,38942]],"size":[1,1,521],"rotations":[0,0,0],"colors":[7122329,6396809,8434380,6990537]},{"id":11948,"name":"Climbing rocks","type":22,"category":0,"actions":["Climb"],"coordinates":[[9500,39126],[9500,39122],[9500,39118],[9500,39114],[9508,39126],[9508,39122],[9508,39118],[9508,39114]],"size":[1,1,521],"rotations":[0,0,0,0,0,0,0,0],"colors":[7122329,6396809,8434380,6990537]},{"id":1406,"name":"Cactus","type":10,"category":0,"actions":[],"coordinates":[[9542,38932]],"size":[2,2,521],"rotations":[0],"colors":[7122329,6396809,8434380,6990537]},{"id":11949,"name":"Climbing rocks","type":22,"category":0,"actions":["Climb"],"coordinates":[[9556,39122],[9556,39118],[9556,39114],[9564,39122],[9564,39118],[9564,39114]],"size":[1,1,521],"rotations":[0,0,0,0,0,0],"colors":[7122329,6396809,8434380,6990537]},{"id":10857,"name":"Stairs","type":10,"category":0,"actions":["Climb-up"],"coordinates":[[9578,39104]],"size":[2,2,521],"rotations":[0],"colors":[7122329,6396809,8434380,6990537]},{"id":10858,"name":"Stairs","type":10,"category":0,"actions":["Climb-down"],"coordinates":[[9578,39104]],"size":[2,2,521],"rotations":[0],"colors":[7122329,6396809,8434380,6990537]},{"id":10865,"name":"Low wall","type":10,"category":0,"actions":["Climb-over"],"coordinates":[[9578,39034]],"size":[1,2,521],"rotations":[1],"colors":[7122329,6396809,8434380,6990537]},{"id":28936,"name":"Inconspicuous hole (hard)","type":10,"category":0,"actions":["Build"],"coordinates":[[9588,39110]],"size":[1,1,521],"rotations":[0],"colors":[7122329,6396809,8434380,6990537]},{"id":10864,"name":"Gap","type":4,"category":0,"actions":["Cross"],"coordinates":[[9628,39102]],"size":[1,1,521],"rotations":[0],"colors":[7122329,6396809,8434380,6990537]},{"id":10863,"name":"Gap","type":4,"category":0,"actions":["Cross"],"coordinates":[[9648,39102]],"size":[1,1,521],"rotations":[0],"colors":[7122329,6396809,8434380,6990537]},{"id":44074,"name":"Cactus","type":10,"category":0,"actions":[],"coordinates":[[9656,39166],[9684,39158],[9692,39154],[9712,39102],[9724,39066]],"size":[1,1,521],"rotations":[0,0,0,0,0],"colors":[7122329,6396809,8434380,6990537]},{"id":44068,"name":"Cactus","type":10,"category":0,"actions":[],"coordinates":[[9668,39166],[9692,39158]],"size":[1,1,521],"rotations":[0,0],"colors":[7122329,6396809,8434380,6990537]},{"id":44071,"name":"Cactus","type":10,"category":0,"actions":[],"coordinates":[[9676,39154],[9708,39130]],"size":[1,1,521],"rotations":[0,0],"colors":[7122329,6396809,8434380,6990537]},{"id":44072,"name":"Cactus","type":10,"category":0,"actions":[],"coordinates":[[9684,39154],[9704,39118]],"size":[1,1,521],"rotations":[0,0],"colors":[7122329,6396809,8434380,6990537]},{"id":44075,"name":"Cactus","type":10,"category":0,"actions":[],"coordinates":[[9684,39146],[9724,39054]],"size":[1,1,521],"rotations":[0,0],"colors":[7122329,6396809,8434380,6990537]},{"id":44070,"name":"Cactus","type":10,"category":0,"actions":[],"coordinates":[[9688,39150]],"size":[1,1,521],"rotations":[0],"colors":[7122329,6396809,8434380,6990537]},{"id":44069,"name":"Cactus","type":10,"category":0,"actions":[],"coordinates":[[9712,39134],[9720,39090]],"size":[1,1,521],"rotations":[0,0],"colors":[7122329,6396809,8434380,6990537]},{"id":12246,"name":"Skeleton","type":10,"category":0,"actions":[],"coordinates":[[9716,39122],[9724,39142]],"size":[1,1,521],"rotations":[0,0],"colors":[7122329,6396809,8434380,6990537]},{"id":44073,"name":"Cactus","type":10,"category":0,"actions":[],"coordinates":[[9716,39098],[9724,39062]],"size":[1,1,521],"rotations":[0,0],"colors":[7122329,6396809,8434380,6990537]}]