[{"id":2670,"name":"Kharidian cactus (Healthy)","type":10,"category":1632,"actions":["Cut"],"coordinates":[[13336,-10290],[13368,-10394],[13528,-10438]],"size":[1,1,521],"rotations":[0,0,0],"colors":[7122329,6396809,8434380,6990537]},{"id":11948,"name":"Climbing rocks","type":22,"category":0,"actions":["Climb"],"coordinates":[[13340,-10254],[13340,-10258],[13340,-10262],[13340,-10266],[13348,-10254],[13348,-10258],[13348,-10262],[13348,-10266]],"size":[1,1,521],"rotations":[0,0,0,0,0,0,0,0],"colors":[7122329,6396809,8434380,6990537]},{"id":1406,"name":"Cactus","type":10,"category":0,"actions":[],"coordinates":[[13382,-10448]],"size":[2,2,521],"rotations":[0],"colors":[7122329,6396809,8434380,6990537]},{"id":11949,"name":"Climbing rocks","type":22,"category":0,"actions":["Climb"],"coordinates":[[13396,-10258],[13396,-10262],[13396,-10266],[13404,-10258],[13404,-10262],[13404,-10266]],"size":[1,1,521],"rotations":[0,0,0,0,0,0],"colors":[7122329,6396809,8434380,6990537]},{"id":10857,"name":"Stairs","type":10,"category":0,"actions":["Climb-up"],"coordinates":[[13418,-10276]],"size":[2,2,521],"rotations":[0],"colors":[7122329,6396809,8434380,6990537]},{"id":10858,"name":"Stairs","type":10,"category":0,"actions":["Climb-down"],"coordinates":[[13418,-10276]],"size":[2,2,521],"rotations":[0],"colors":[7122329,6396809,8434380,6990537]},{"id":10865,"name":"Low wall","type":10,"category":0,"actions":["Climb-over"],"coordinates":[[13418,-10346]],"size":[1,2,521],"rotations":[1],"colors":[7122329,6396809,8434380,6990537]},{"id":28936,"name":"Inconspicuous hole (hard)","type":10,"category":0,"actions":["Build"],"coordinates":[[13428,-10270]],"size":[1,1,521],"rotations":[0],"colors":[7122329,6396809,8434380,6990537]},{"id":10864,"name":"Gap","type":4,"category":0,"actions":["Cross"],"coordinates":[[13468,-10278]],"size":[1,1,521],"rotations":[0],"colors":[7122329,6396809,8434380,6990537]},{"id":10863,"name":"Gap","type":4,"category":0,"actions":["Cross"],"coordinates":[[13488,-10278]],"size":[1,1,521],"rotations":[0],"colors":[7122329,6396809,8434380,6990537]},{"id":44074,"name":"Cactus","type":10,"category":0,"actions":[],"coordinates":[[13496,-10214],[13524,-10222],[13532,-10226],[13552,-10278],[13564,-10314]],"size":[1,1,521],"rotations":[0,0,0,0,0],"colors":[7122329,6396809,8434380,6990537]},{"id":44068,"name":"Cactus","type":10,"category":0,"actions":[],"coordinates":[[13508,-10214],[13532,-10222]],"size":[1,1,521],"rotations":[0,0],"colors":[7122329,6396809,8434380,6990537]},{"id":44071,"name":"Cactus","type":10,"category":0,"actions":[],"coordinates":[[13516,-10226],[13548,-10250]],"size":[1,1,521],"rotations":[0,0],"colors":[7122329,6396809,8434380,6990537]},{"id":44072,"name":"Cactus","type":10,"category":0,"actions":[],"coordinates":[[13524,-10226],[13544,-10262]],"size":[1,1,521],"rotations":[0,0],"colors":[7122329,6396809,8434380,6990537]},{"id":44075,"name":"Cactus","type":10,"category":0,"actions":[],"coordinates":[[13524,-10234],[13564,-10326]],"size":[1,1,521],"rotations":[0,0],"colors":[7122329,6396809,8434380,6990537]},{"id":44070,"name":"Cactus","type":10,"category":0,"actions":[],"coordinates":[[13528,-10230]],"size":[1,1,521],"rotations":[0],"colors":[7122329,6396809,8434380,6990537]},{"id":44069,"name":"Cactus","type":10,"category":0,"actions":[],"coordinates":[[13552,-10246],[13560,-10290]],"size":[1,1,521],"rotations":[0,0],"colors":[7122329,6396809,8434380,6990537]},{"id":12246,"name":"Skeleton","type":10,"category":0,"actions":[],"coordinates":[[13556,-10258],[13564,-10238]],"size":[1,1,521],"rotations":[0,0],"colors":[7122329,6396809,8434380,6990537]},{"id":44073,"name":"Cactus","type":10,"category":0,"actions":[],"coordinates":[[13556,-10282],[13564,-10318]],"size":[1,1,521],"rotations":[0,0],"colors":[7122329,6396809,8434380,6990537]}]