[{"id":1123,"name":"Bush","type":10,"category":0,"actions":[],"coordinates":[[13418,-9684],[13490,-9672]],"size":[2,2,521],"rotations":[0,0],"colors":[7122329,6396809,8434380,6990537]},{"id":44225,"name":"Plant","type":10,"category":0,"actions":[],"coordinates":[[13424,-9678]],"size":[1,1,521],"rotations":[0],"colors":[7122329,6396809,8434380,6990537]},{"id":44226,"name":"Plant","type":10,"category":0,"actions":[],"coordinates":[[13428,-9690],[13484,-9674],[13544,-9686]],"size":[1,1,521],"rotations":[0,0,0],"colors":[7122329,6396809,8434380,6990537]},{"id":44224,"name":"Plant","type":10,"category":0,"actions":[],"coordinates":[[13492,-9670]],"size":[1,1,521],"rotations":[0],"colors":[7122329,6396809,8434380,6990537]},{"id":44223,"name":"Plant","type":10,"category":0,"actions":[],"coordinates":[[13496,-9678]],"size":[1,1,521],"rotations":[0],"colors":[7122329,6396809,8434380,6990537]},{"id":44029,"name":"Kharidian cactus (Healthy)","type":10,"category":1632,"actions":["Cut"],"coordinates":[[13528,-9682]],"size":[1,1,521],"rotations":[0],"colors":[7122329,6396809,8434380,6990537]}]