[{"id":1406,"name":"Cactus","type":10,"category":0,"actions":[],"coordinates":[[9486,38800],[9546,38872],[9614,38744],[9642,38832],[9678,38888],[9694,38684]],"size":[2,2,521],"rotations":[0,0,0,0,0,0],"colors":[7122329,6396809,8434380,6990537]},{"id":7393,"name":"Little tent","type":10,"category":0,"actions":[],"coordinates":[[9544,38662]],"size":[1,1,521],"rotations":[0],"colors":[7122329,6396809,8434380,6990537]},{"id":2670,"name":"Kharidian cactus (Healthy)","type":10,"category":1632,"actions":["Cut"],"coordinates":[[9552,38770],[9628,38738]],"size":[1,1,521],"rotations":[0,0],"colors":[7122329,6396809,8434380,6990537]},{"id":7392,"name":"Rolled up rugs","type":10,"category":0,"actions":[],"coordinates":[[9554,38666]],"size":[1,2,521],"rotations":[3],"colors":[7122329,6396809,8434380,6990537]},{"id":7391,"name":"Rolled up rug","type":10,"category":0,"actions":[],"coordinates":[[9556,38658]],"size":[1,1,521],"rotations":[0],"colors":[7122329,6396809,8434380,6990537]},{"id":366,"name":"Crate","type":10,"category":0,"actions":["Search"],"coordinates":[[9560,38662]],"size":[1,1,521],"rotations":[0],"colors":[7122329,6396809,8434380,6990537]},{"id":44014,"name":"Flower","type":11,"category":0,"actions":[],"coordinates":[[9568,38722],[9572,38718]],"size":[1,1,521],"rotations":[0,0],"colors":[7122329,6396809,8434380,6990537]},{"id":43988,"name":"Stepping stone","type":22,"category":0,"actions":["Cross"],"coordinates":[[9572,38738]],"size":[1,1,521],"rotations":[0],"colors":[7122329,6396809,8434380,6990537]},{"id":43985,"name":"Lily","type":10,"category":0,"actions":[],"coordinates":[[9572,38722]],"size":[1,1,521],"rotations":[0],"colors":[7122329,6396809,8434380,6990537]},{"id":10416,"name":"Crevice","type":22,"category":0,"actions":["Climb-down"],"coordinates":[[9652,38822],[9652,38818],[9652,38814],[9652,38810],[9652,38806],[9652,38802],[9656,38814],[9656,38810],[9656,38806]],"size":[1,1,521],"rotations":[0,0,0,0,0,0,0,0,0],"colors":[7122329,6396809,8434380,6990537]}]