[{"id":1123,"name":"Bush","type":10,"category":0,"actions":[],"coordinates":[[9578,39696],[9650,39708]],"size":[2,2,521],"rotations":[0,0],"colors":[7122329,6396809,8434380,6990537]},{"id":44225,"name":"Plant","type":10,"category":0,"actions":[],"coordinates":[[9584,39702]],"size":[1,1,521],"rotations":[0],"colors":[7122329,6396809,8434380,6990537]},{"id":44226,"name":"Plant","type":10,"category":0,"actions":[],"coordinates":[[9588,39690],[9644,39706],[9704,39694]],"size":[1,1,521],"rotations":[0,0,0],"colors":[7122329,6396809,8434380,6990537]},{"id":44224,"name":"Plant","type":10,"category":0,"actions":[],"coordinates":[[9652,39710]],"size":[1,1,521],"rotations":[0],"colors":[7122329,6396809,8434380,6990537]},{"id":44223,"name":"Plant","type":10,"category":0,"actions":[],"coordinates":[[9656,39702]],"size":[1,1,521],"rotations":[0],"colors":[7122329,6396809,8434380,6990537]},{"id":44029,"name":"Kharidian cactus (Healthy)","type":10,"category":1632,"actions":["Cut"],"coordinates":[[9688,39698]],"size":[1,1,521],"rotations":[0],"colors":[7122329,6396809,8434380,6990537]}]