[{"id":14738,"name":"Tree","type":10,"category":0,"actions":[],"coordinates":[[13316,-13574]],"size":[1,1,521],"rotations":[0],"colors":[7122329,6396809,8434380,6990537]},{"id":14585,"name":"Bones","type":10,"category":0,"actions":[],"coordinates":[[13362,-13588],[13366,-13716],[13426,-13560],[13446,-13680]],"size":[2,2,521],"rotations":[0,0,0,0],"colors":[7122329,6396809,8434380,6990537]},{"id":14576,"name":"Bones","type":10,"category":0,"actions":[],"coordinates":[[13364,-13782],[13368,-13638],[13452,-13622]],"size":[1,1,521],"rotations":[0,0,0],"colors":[7122329,6396809,8434380,6990537]},{"id":14584,"name":"Bones","type":10,"category":0,"actions":[],"coordinates":[[13378,-13636],[13502,-13608]],"size":[2,2,521],"rotations":[0,0],"colors":[7122329,6396809,8434380,6990537]},{"id":14578,"name":"Bones","type":10,"category":0,"actions":[],"coordinates":[[13400,-13646],[13436,-13750]],"size":[1,1,521],"rotations":[0,0],"colors":[7122329,6396809,8434380,6990537]},{"id":14583,"name":"Bones","type":10,"category":0,"actions":[],"coordinates":[[13414,-13576],[13414,-13704]],"size":[2,2,521],"rotations":[0,0],"colors":[7122329,6396809,8434380,6990537]},{"id":14577,"name":"Bones","type":10,"category":0,"actions":[],"coordinates":[[13416,-13786],[13496,-13642],[13500,-13698]],"size":[1,1,521],"rotations":[0,0,0],"colors":[7122329,6396809,8434380,6990537]},{"id":14579,"name":"Bones","type":10,"category":0,"actions":[],"coordinates":[[13460,-13738]],"size":[1,1,521],"rotations":[0],"colors":[7122329,6396809,8434380,6990537]}]