[{"id":14594,"name":"Tree","type":10,"category":0,"actions":[],"coordinates":[[9480,35374]],"size":[1,1,521],"rotations":[0],"colors":[7122329,6396809,8434380,6990537]},{"id":14595,"name":"Tree","type":10,"category":0,"actions":[],"coordinates":[[9488,35362]],"size":[1,1,521],"rotations":[0],"colors":[7122329,6396809,8434380,6990537]},{"id":14605,"name":"Bones","type":10,"category":0,"actions":[],"coordinates":[[9540,35354],[9580,35378]],"size":[1,1,521],"rotations":[0,0],"colors":[7122329,6396809,8434380,6990537]},{"id":14608,"name":"Bones","type":10,"category":0,"actions":[],"coordinates":[[9648,35494]],"size":[1,1,521],"rotations":[0],"colors":[7122329,6396809,8434380,6990537]},{"id":14613,"name":"Bones","type":10,"category":0,"actions":[],"coordinates":[[9666,35452]],"size":[2,2,521],"rotations":[0],"colors":[7122329,6396809,8434380,6990537]}]