[{"id":14636,"name":"Tree","type":10,"category":0,"actions":[],"coordinates":[[9472,35266],[9476,35258],[9480,35246],[9492,35254],[9500,35230],[9504,35254],[9512,35238]],"size":[1,1,521],"rotations":[0,0,0,0,0,0,0],"colors":[7122329,6396809,8434380,6990537]},{"id":14637,"name":"Tree","type":10,"category":0,"actions":[],"coordinates":[[9476,35274],[9480,35266],[9484,35274],[9488,35266],[9488,35242],[9488,35226],[9500,35262],[9500,35218],[9512,35250]],"size":[1,1,521],"rotations":[0,0,0,0,0,0,0,0,0],"colors":[7122329,6396809,8434380,6990537]},{"id":1282,"name":"Dead tree","type":10,"category":189,"actions":["Chop down"],"coordinates":[[9486,35284],[9486,35256],[9498,35240]],"size":[2,2,521],"rotations":[0,0,0],"colors":[7122329,6396809,8434380,6990537]},{"id":14652,"name":"Bones","type":10,"category":0,"actions":[],"coordinates":[[9486,35176]],"size":[2,2,521],"rotations":[0],"colors":[7122329,6396809,8434380,6990537]},{"id":14651,"name":"Bones","type":10,"category":0,"actions":[],"coordinates":[[9488,35210]],"size":[1,1,521],"rotations":[0],"colors":[7122329,6396809,8434380,6990537]},{"id":665,"name":"Corpse","type":10,"category":0,"actions":[],"coordinates":[[9488,35106]],"size":[1,1,521],"rotations":[0],"colors":[7122329,6396809,8434380,6990537]},{"id":667,"name":"Corpse","type":10,"category":0,"actions":[],"coordinates":[[9494,35094],[9500,35092]],"size":[2,1,521],"rotations":[0,1],"colors":[7122329,6396809,8434380,6990537]},{"id":14638,"name":"Tree Stump","type":10,"category":0,"actions":[],"coordinates":[[9496,35138],[9500,35118]],"size":[1,1,521],"rotations":[0,0],"colors":[7122329,6396809,8434380,6990537]},{"id":14644,"name":"Skeleton","type":10,"category":0,"actions":[],"coordinates":[[9508,35146],[9516,35090]],"size":[1,1,521],"rotations":[0,0],"colors":[7122329,6396809,8434380,6990537]},{"id":14650,"name":"Bones","type":10,"category":0,"actions":[],"coordinates":[[9512,35214]],"size":[1,1,521],"rotations":[0],"colors":[7122329,6396809,8434380,6990537]},{"id":14647,"name":"Bones","type":10,"category":0,"actions":[],"coordinates":[[9516,35218]],"size":[1,1,521],"rotations":[0],"colors":[7122329,6396809,8434380,6990537]},{"id":14654,"name":"Bones","type":10,"category":0,"actions":[],"coordinates":[[9518,35108]],"size":[2,2,521],"rotations":[0],"colors":[7122329,6396809,8434380,6990537]},{"id":14646,"name":"Skeleton","type":10,"category":0,"actions":[],"coordinates":[[9522,35242]],"size":[2,1,521],"rotations":[0],"colors":[7122329,6396809,8434380,6990537]},{"id":14649,"name":"Bones","type":10,"category":0,"actions":[],"coordinates":[[9528,35202]],"size":[1,1,521],"rotations":[0],"colors":[7122329,6396809,8434380,6990537]},{"id":14648,"name":"Bones","type":10,"category":0,"actions":[],"coordinates":[[9528,35142]],"size":[1,1,521],"rotations":[0],"colors":[7122329,6396809,8434380,6990537]},{"id":1286,"name":"Dead tree","type":10,"category":189,"actions":["Chop down"],"coordinates":[[9532,35222]],"size":[1,1,521],"rotations":[0],"colors":[7122329,6396809,8434380,6990537]},{"id":14645,"name":"Skeleton","type":10,"category":0,"actions":[],"coordinates":[[9544,35242]],"size":[1,1,521],"rotations":[0],"colors":[7122329,6396809,8434380,6990537]},{"id":14653,"name":"Bones","type":10,"category":0,"actions":[],"coordinates":[[9558,35212]],"size":[2,2,521],"rotations":[0],"colors":[7122329,6396809,8434380,6990537]}]