[{"id":29778,"name":"Steps","type":10,"category":0,"actions":["Climb"],"coordinates":[[13322,-19694]],"size":[2,3,521],"rotations":[0],"colors":[7122329,6396809,8434380,6990537]},{"id":47420,"name":"Bank chest","type":10,"category":237,"actions":["Use","Collect"],"coordinates":[[13332,-19730]],"size":[1,1,521],"rotations":[0],"colors":[7122329,6396809,8434380,6990537]},{"id":29864,"name":"Shadow root","type":10,"category":0,"actions":[],"coordinates":[[13338,-19708],[13342,-19880],[13374,-19752],[13426,-19884]],"size":[2,2,521],"rotations":[0,0,0,0],"colors":[7122329,6396809,8434380,6990537]},{"id":29811,"name":"Carved head","type":10,"category":0,"actions":[],"coordinates":[[13352,-19714]],"size":[3,3,521],"rotations":[0],"colors":[7122329,6396809,8434380,6990537]},{"id":30066,"name":"Energy well","type":22,"category":0,"actions":["Touch"],"coordinates":[[13348,-19890]],"size":[1,1,521],"rotations":[0],"colors":[7122329,6396809,8434380,6990537]},{"id":29794,"name":"Large Crystal","type":10,"category":0,"actions":[],"coordinates":[[13366,-19712]],"size":[2,2,521],"rotations":[0],"colors":[7122329,6396809,8434380,6990537]},{"id":29789,"name":"Passage","type":10,"category":1000,"actions":["Enter"],"coordinates":[[13412,-19736]],"size":[3,2,521],"rotations":[2],"colors":[7122329,6396809,8434380,6990537]}]