[{"id":26765,"name":"Chaos rift","type":10,"category":0,"actions":[],"coordinates":[[16398,-16124]],"size":[2,2,521],"rotations":[0],"colors":[7122329,6396809,8434380,6990537]},{"id":14678,"name":"Bones","type":10,"category":0,"actions":[],"coordinates":[[16404,-16182]],"size":[1,1,521],"rotations":[0],"colors":[7122329,6396809,8434380,6990537]},{"id":666,"name":"Corpse","type":10,"category":0,"actions":[],"coordinates":[[16406,-16210]],"size":[2,1,521],"rotations":[0],"colors":[7122329,6396809,8434380,6990537]},{"id":1727,"name":"Gate","type":0,"category":0,"actions":["Open"],"coordinates":[[16484,-16138]],"size":[1,1,521],"rotations":[0],"colors":[7122329,6396809,8434380,6990537]},{"id":1728,"name":"Gate","type":0,"category":0,"actions":["Open"],"coordinates":[[16484,-16142]],"size":[1,1,521],"rotations":[0],"colors":[7122329,6396809,8434380,6990537]},{"id":14676,"name":"Bones","type":10,"category":0,"actions":[],"coordinates":[[16488,-16134]],"size":[1,1,521],"rotations":[0],"colors":[7122329,6396809,8434380,6990537]},{"id":14674,"name":"Skeleton","type":10,"category":0,"actions":[],"coordinates":[[16492,-16154]],"size":[1,1,521],"rotations":[0],"colors":[7122329,6396809,8434380,6990537]},{"id":14673,"name":"Skeleton","type":10,"category":0,"actions":[],"coordinates":[[16496,-16146]],"size":[1,1,521],"rotations":[0],"colors":[7122329,6396809,8434380,6990537]},{"id":14675,"name":"Skeleton","type":10,"category":0,"actions":[],"coordinates":[[16500,-16116]],"size":[2,1,521],"rotations":[1],"colors":[7122329,6396809,8434380,6990537]}]